{"type":"FeatureCollection","features":[{"type":"Feature","properties":{"kind":"outside-mask"},"geometry":{"type":"Polygon","coordinates":[[[-179,-80],[179,-80],[179,80],[-179,80],[-179,-80]],[[73.498962,39.383572],[73.5895,39.412247],[73.600433,39.453232],[73.620361,39.470093],[73.742149,39.461739],[73.86515,39.482784],[73.890686,39.52808],[73.881874,39.548595],[73.911484,39.563774],[73.913383,39.586472],[73.945511,39.592415],[73.922821,39.719368],[73.902771,39.741951],[73.838768,39.756145],[73.835129,39.799942],[73.848976,39.840965],[73.909431,39.88044],[73.908081,39.934555],[73.975906,40],[73.943756,40.022591],[73.999992,40.044724],[74.027641,40.088993],[74.094528,40.080578],[74.123299,40.104073],[74.208305,40.120922],[74.260338,40.124771],[74.282867,40.095436],[74.308464,40.10783],[74.353592,40.08884],[74.535797,40.210716],[74.583885,40.269367],[74.670746,40.278465],[74.69809,40.316765],[74.697807,40.346104],[74.808929,40.346821],[74.860344,40.326317],[74.905594,40.338737],[74.906082,40.351292],[74.790382,40.447453],[74.811958,40.460728],[74.816429,40.505558],[74.834053,40.520607],[74.889221,40.507515],[74.982513,40.456238],[75.018692,40.466724],[75.099411,40.439297],[75.131966,40.462894],[75.239243,40.448418],[75.265678,40.483242],[75.288795,40.483299],[75.352036,40.537327],[75.417137,40.554871],[75.464706,40.599354],[75.547005,40.64838],[75.596344,40.659325],[75.633827,40.624146],[75.627853,40.548763],[75.643135,40.516369],[75.729843,40.473801],[75.683182,40.417744],[75.66687,40.363556],[75.701782,40.307518],[75.697945,40.282856],[75.782791,40.300762],[75.828049,40.327126],[75.837654,40.312031],[75.887543,40.309185],[75.918686,40.291077],[75.929794,40.310181],[75.925552,40.33485],[75.971199,40.378807],[75.991959,40.379288],[76.029625,40.354904],[76.045364,40.356506],[76.045685,40.388279],[76.06752,40.394932],[76.173302,40.381039],[76.276917,40.438808],[76.283005,40.409725],[76.324562,40.390858],[76.320427,40.365932],[76.340309,40.340828],[76.362175,40.379894],[76.379005,40.390282],[76.387207,40.37709],[76.434425,40.387337],[76.467621,40.422077],[76.506248,40.429146],[76.513412,40.449471],[76.536797,40.463688],[76.540756,40.51363],[76.563354,40.554684],[76.598305,40.57864],[76.616074,40.608704],[76.657303,40.62207],[76.652122,40.652351],[76.673927,40.695656],[76.644348,40.736221],[76.64402,40.759689],[76.672729,40.781837],[76.690544,40.778942],[76.728683,40.818455],[76.72084,40.843437],[76.731285,40.846699],[76.735909,40.901714],[76.759171,40.953239],[76.850876,40.975746],[76.874924,41.02457],[76.938148,41.028183],[76.999298,41.072605],[77.020226,41.058422],[77.094917,41.059631],[77.109276,41.05109],[77.108086,41.034916],[77.166283,41.00819],[77.233719,41.026787],[77.293404,41.004143],[77.365456,41.039974],[77.470833,41.021904],[77.473343,40.998684],[77.495514,40.995625],[77.537468,41.005768],[77.588989,40.991692],[77.594536,41.004608],[77.651718,41.015476],[77.692421,41.008179],[77.734787,41.031437],[77.777802,41.022205],[77.787933,41.046089],[77.82695,41.055244],[77.804115,41.108932],[77.828339,41.148468],[77.907257,41.185074],[78.009682,41.189816],[78.133141,41.224846],[78.163216,41.378304],[78.22686,41.396481],[78.31353,41.393555],[78.324806,41.382946],[78.391121,41.394447],[78.389236,41.406948],[78.452393,41.411018],[78.525223,41.439964],[78.573738,41.479767],[78.648521,41.466278],[78.673347,41.50153],[78.703728,41.518242],[78.694679,41.540596],[78.704063,41.547131],[78.794235,41.567238],[78.823135,41.559223],[78.957748,41.651432],[78.992111,41.663345],[79.024025,41.656586],[79.035446,41.677391],[79.112427,41.698643],[79.135559,41.721638],[79.216591,41.725204],[79.323502,41.808136],[79.358887,41.795052],[79.404617,41.831692],[79.454506,41.846458],[79.548988,41.832851],[79.608803,41.851151],[79.638893,41.883724],[79.774284,41.891342],[79.809425,41.952236],[79.852135,41.983128],[79.850624,42.014252],[79.890808,42.032734],[80.055229,42.046856],[80.160179,42.037609],[80.15699,42.051426],[80.191162,42.080181],[80.165604,42.095444],[80.137169,42.149845],[80.161263,42.151047],[80.163292,42.19569],[80.275078,42.226978],[80.290176,42.258438],[80.267921,42.286125],[80.281868,42.319458],[80.231995,42.347656],[80.228249,42.399963],[80.204559,42.428295],[80.217888,42.477093],[80.276268,42.509586],[80.226936,42.522007],[80.160065,42.623089],[80.173401,42.670799],[80.226692,42.693398],[80.215019,42.712013],[80.259674,42.779411],[80.258286,42.822781],[80.275269,42.835411],[80.324806,42.836277],[80.326431,42.825237],[80.403381,42.831512],[80.425682,42.853416],[80.501503,42.878696],[80.592033,42.888264],[80.600426,42.897709],[80.574631,42.923904],[80.476288,42.946575],[80.403076,42.989594],[80.37606,43.030003],[80.628151,43.142712],[80.704895,43.142326],[80.72686,43.129337],[80.745361,43.146507],[80.792114,43.136047],[80.801918,43.177071],[80.787346,43.200623],[80.786179,43.240982],[80.766678,43.264057],[80.774498,43.306644],[80.684418,43.325615],[80.731041,43.384579],[80.743904,43.437672],[80.758507,43.445133],[80.752472,43.492817],[80.519844,43.815449],[80.509216,43.901096],[80.476357,43.940128],[80.488503,43.956375],[80.461601,43.972443],[80.446869,44.076694],[80.393005,44.117859],[80.404373,44.148674],[80.409302,44.284676],[80.348175,44.47916],[80.406464,44.614552],[80.328835,44.697739],[80.242409,44.722733],[80.205482,44.746613],[80.176369,44.796001],[80.185555,44.824863],[80.167587,44.843624],[80.113159,44.81422],[79.997063,44.793045],[79.995384,44.823231],[79.947136,44.855057],[79.966896,44.876865],[79.893181,44.893482],[79.885666,44.90855],[79.942398,44.937481],[79.949661,44.957016],[80.030937,44.992611],[80.101456,45.052124],[80.133675,45.040207],[80.142181,45.057846],[80.193306,45.029827],[80.241524,45.03072],[80.268288,45.054932],[80.320198,45.070587],[80.350845,45.040558],[80.388565,45.043201],[80.441635,45.076454],[80.443352,45.096741],[80.478432,45.122047],[80.491379,45.12616],[80.517113,45.107887],[80.597023,45.105057],[80.705231,45.137787],[80.729164,45.155354],[80.712639,45.173428],[80.724098,45.176159],[80.76815,45.152195],[80.813995,45.152008],[80.859718,45.126389],[80.895767,45.126919],[80.933388,45.15971],[81.021843,45.161888],[81.067909,45.17701],[81.11367,45.22023],[81.167198,45.209892],[81.171837,45.226917],[81.226227,45.244267],[81.27166,45.236137],[81.324669,45.259838],[81.378983,45.256584],[81.424149,45.282154],[81.446434,45.264568],[81.471931,45.265846],[81.525383,45.285213],[81.539085,45.306343],[81.572624,45.307117],[81.579796,45.335884],[81.631775,45.356968],[81.727516,45.36235],[81.776878,45.382576],[81.922279,45.233982],[82.088585,45.251907],[82.08757,45.22121],[82.106148,45.210281],[82.291344,45.246838],[82.341576,45.217876],[82.475677,45.181355],[82.56002,45.203766],[82.584709,45.223156],[82.598236,45.345451],[82.544334,45.424408],[82.278938,45.537933],[82.263672,45.619217],[82.285454,45.654469],[82.28698,45.715511],[82.337036,45.77153],[82.34288,45.942791],[82.397949,45.971226],[82.45829,45.979073],[82.51532,46.153122],[82.724113,46.494785],[82.826721,46.771976],[82.875519,46.796612],[82.873329,46.82325],[82.920555,46.931385],[82.93486,47.013325],[82.989944,47.064529],[83.019043,47.131939],[83.026558,47.218513],[83.151283,47.23497],[83.170898,47.2174],[83.203537,47.212677],[83.216026,47.188137],[83.244423,47.174911],[83.30294,47.178677],[83.32885,47.166801],[83.366829,47.177425],[83.368301,47.162201],[83.415184,47.117699],[83.45974,47.131004],[83.535324,47.082977],[83.56385,47.079838],[83.568054,47.059799],[83.697357,47.031281],[83.704796,47.012974],[83.763306,47.026085],[83.88298,46.981216],[83.904884,46.985104],[83.921921,46.969189],[83.948647,46.986477],[84,46.989712],[84.050987,46.96896],[84.112343,46.965744],[84.197052,47.003178],[84.294846,46.993023],[84.333557,47.00436],[84.368484,46.992245],[84.435555,47.008163],[84.503792,46.972153],[84.58593,46.994808],[84.7453,47.008892],[84.792633,46.971626],[84.84684,46.956139],[84.931961,46.86327],[84.952515,46.86034],[84.977356,46.882278],[84.990555,46.922314],[85.073433,46.935078],[85.099899,46.967697],[85.172501,46.997044],[85.21109,47.040096],[85.235764,47.055336],[85.266098,47.055218],[85.273529,47.067921],[85.323143,47.043831],[85.437988,47.062222],[85.542984,47.057098],[85.549416,47.114098],[85.680023,47.231312],[85.697319,47.280533],[85.670433,47.318008],[85.701233,47.383736],[85.683807,47.442696],[85.644928,47.465199],[85.612328,47.512184],[85.549744,47.987911],[85.540909,47.988575],[85.532486,48.032539],[85.550331,48.114254],[85.592125,48.198971],[85.621681,48.204269],[85.638268,48.233521],[85.6651,48.247421],[85.715134,48.361652],[85.786774,48.414177],[85.910934,48.436058],[86.235207,48.436298],[86.308167,48.489162],[86.375633,48.501404],[86.403946,48.47612],[86.592125,48.538792],[86.60289,48.58263],[86.638931,48.62252],[86.6875,48.637119],[86.70784,48.671436],[86.749687,48.691929],[86.781433,48.731091],[86.762527,48.80138],[86.825623,48.83654],[86.811356,48.86393],[86.74559,48.913536],[86.735832,48.992355],[86.772072,49.027615],[86.840225,49.054577],[86.850021,49.100967],[86.894295,49.131805],[87.001465,49.14193],[87.084831,49.132633],[87.109154,49.154457],[87.144218,49.153065],[87.208427,49.13966],[87.235504,49.113533],[87.29496,49.118416],[87.432999,49.074146],[87.508209,49.10078],[87.492134,49.130962],[87.50219,49.141869],[87.668396,49.153698],[87.718918,49.180206],[87.832282,49.174825],[87.834038,49.147705],[87.86396,49.107925],[87.841614,49.089203],[87.853416,49.068047],[87.830162,49.049328],[87.878128,49.028896],[87.878342,48.997036],[87.908813,48.979256],[87.868744,48.962864],[87.865196,48.944016],[87.81942,48.946373],[87.790627,48.926624],[87.756493,48.925049],[87.739037,48.880341],[87.746773,48.868057],[87.7826,48.869598],[87.791023,48.845901],[87.82637,48.828308],[87.796219,48.820099],[87.823212,48.800102],[87.869164,48.798748],[87.935837,48.757126],[87.969971,48.769642],[88.049294,48.734497],[88.060806,48.711746],[88.093605,48.715958],[88.085999,48.693733],[88.023216,48.652195],[88.023895,48.626358],[87.958443,48.598583],[87.969933,48.57515],[88.037926,48.547295],[88.105103,48.544937],[88.124168,48.520828],[88.148445,48.525204],[88.193466,48.492939],[88.220108,48.503269],[88.346283,48.46666],[88.359818,48.459339],[88.357643,48.43227],[88.440475,48.390347],[88.510529,48.408504],[88.526314,48.370785],[88.570541,48.368862],[88.570923,48.350948],[88.603333,48.337025],[88.572342,48.276752],[88.592049,48.259144],[88.598915,48.220913],[88.629478,48.200981],[88.635475,48.182728],[88.665581,48.170349],[88.705811,48.179295],[88.718452,48.159554],[88.794456,48.132915],[88.821587,48.105816],[88.930824,48.117569],[88.951134,48.08984],[89.024124,48.049767],[89.041611,48.008633],[89.075157,47.985691],[89.153267,47.995621],[89.228363,47.979015],[89.278938,47.992928],[89.296852,48.017723],[89.356712,48.025139],[89.380875,48.045341],[89.489388,48.02676],[89.566162,48.036793],[89.596909,48.014675],[89.600807,47.96225],[89.64592,47.943081],[89.648422,47.912739],[89.736473,47.894093],[89.765282,47.831318],[89.948952,47.836479],[89.958138,47.884697],[90.038162,47.873386],[90.063705,47.882324],[90.084129,47.864269],[90.068039,47.819126],[90.073463,47.776077],[90.132484,47.72176],[90.246597,47.70647],[90.329201,47.680107],[90.3825,47.642849],[90.361626,47.647926],[90.34391,47.636021],[90.373749,47.60157],[90.395973,47.546211],[90.466049,47.496292],[90.472282,47.460987],[90.456749,47.437607],[90.458542,47.413353],[90.505737,47.39872],[90.52475,47.377731],[90.486313,47.31596],[90.560471,47.224609],[90.559853,47.206017],[90.631462,47.134968],[90.649818,47.132549],[90.652107,47.1106],[90.765381,46.99144],[90.829079,46.994835],[90.899887,46.959858],[90.920471,46.937759],[90.92836,46.892269],[90.956146,46.878601],[90.941063,46.824921],[90.990776,46.789433],[90.991043,46.768524],[91.022926,46.760372],[91.05201,46.716286],[91.015945,46.581318],[91.065948,46.578117],[91.07386,46.548016],[91.035942,46.499844],[91.023628,46.44286],[90.994415,46.418434],[90.981857,46.373985],[90.898903,46.311493],[90.953926,46.233086],[90.946419,46.218361],[90.982811,46.159668],[91.016098,46.127754],[91.013077,46.065475],[91.025345,46.054859],[91.026344,46.021992],[90.847137,45.886963],[90.713036,45.727829],[90.668602,45.546947],[90.669632,45.486641],[90.770576,45.431595],[90.772423,45.404808],[90.811356,45.327438],[90.803207,45.293789],[90.853516,45.290688],[90.895905,45.248829],[90.865295,45.208344],[90.880402,45.190849],[91.006248,45.21727],[91.048569,45.207672],[91.127632,45.214668],[91.169044,45.198174],[91.194145,45.157799],[91.228989,45.152538],[91.240196,45.136208],[91.333206,45.128372],[91.375351,45.109749],[91.427254,45.155231],[91.447151,45.155338],[91.498375,45.102585],[91.560005,45.074512],[91.574356,45.081116],[91.616859,45.067616],[92.054932,45.085445],[92.098457,45.080112],[92.238953,45.014816],[92.313972,45.027687],[92.347519,45.012714],[92.41259,45.017075],[92.495453,45],[92.54673,45.017273],[92.682838,45.024681],[92.778137,45.049522],[92.846672,45.037521],[92.883102,45.045834],[92.983994,45.000923],[93.060532,45.016972],[93.098175,45.005997],[93.172195,45.013988],[93.29287,44.981152],[93.311951,44.979267],[93.313118,44.993835],[93.374908,44.984146],[93.432518,44.95393],[93.506454,44.954063],[93.507698,44.967072],[93.714439,44.893284],[93.722137,44.864223],[94.213951,44.666908],[94.257378,44.617188],[94.328308,44.581394],[94.357407,44.514305],[94.389359,44.520576],[94.469299,44.508152],[94.605042,44.447281],[94.721474,44.339504],[94.766762,44.339298],[94.913185,44.302059],[94.997467,44.251816],[95.411919,44.297104],[95.428551,44.28027],[95.408928,44.243576],[95.37455,44.225895],[95.354263,44.164444],[95.350288,44.088562],[95.325157,44.027195],[95.424782,44.007912],[95.525604,44.006012],[95.62207,43.854324],[95.734505,43.595875],[95.857178,43.416061],[95.884666,43.269711],[95.944817,43.209084],[96.362778,42.89872],[96.386902,42.723934],[96.750137,42.757088],[96.982155,42.755829],[97.171951,42.793419],[98.194679,42.651615],[99.503186,42.566327],[99.967567,42.646282],[100.270889,42.634644],[100.323685,42.688244],[100.861046,42.669689],[101.567978,42.522934],[101.801552,42.502064],[102.073738,42.221767],[102.446739,42.1422],[102.540041,42.160573],[102.7099,42.151108],[103.41555,41.880398],[103.854294,41.799141],[104.076569,41.802975],[104.527061,41.873165],[104.521187,41.660183],[104.685669,41.643585],[104.919655,41.652527],[105.005875,41.581402],[105.226723,41.74929],[105.287376,41.748081],[105.737183,41.947418],[106.780853,42.289658],[107.045799,42.317284],[107.266273,42.362251],[107.298576,42.410778],[107.460503,42.456879],[107.496162,42.454979],[107.56916,42.411358],[107.933945,42.402046],[108.016724,42.431339],[108.232628,42.458477],[108.292885,42.436516],[108.527573,42.4412],[108.699501,42.411579],[108.79335,42.413338],[108.84021,42.393986],[109.019951,42.456612],[109.285637,42.433876],[109.538345,42.470566],[109.727417,42.577202],[109.900299,42.634022],[110.102097,42.640629],[110.13311,42.67263],[110.430756,42.779243],[110.463135,42.836876],[110.625359,42.934139],[110.683075,43.019493],[110.680916,43.0345],[110.730057,43.087517],[110.763412,43.097229],[111.013672,43.327869],[111.176544,43.39386],[111.346779,43.433846],[111.392799,43.470486],[111.449196,43.492126],[111.557518,43.488342],[111.786957,43.669838],[111.884537,43.672089],[111.943703,43.69117],[111.963387,43.746395],[111.959526,43.80138],[111.876953,43.921886],[111.782379,44],[111.694931,44.032196],[111.655785,44.059448],[111.55201,44.169628],[111.518898,44.274532],[111.482887,44.300949],[111.421112,44.317535],[111.408432,44.355274],[111.470894,44.487057],[111.507233,44.505871],[111.523361,44.548595],[111.562645,44.57473],[111.553352,44.645435],[111.604919,44.755753],[111.756973,44.967659],[111.882469,45.043861],[111.995232,45.089092],[112.063454,45.094131],[112.10601,45.071205],[112.388779,45.06266],[112.421059,45.07283],[112.533203,44.999523],[112.592674,44.92907],[112.791649,44.852634],[113.013306,44.824677],[113.121231,44.795177],[113.496422,44.775814],[113.533142,44.757908],[113.62381,44.743958],[113.791458,44.847824],[113.854607,44.861759],[113.900146,44.913609],[114.057747,44.929317],[114.109276,44.954998],[114.150909,44.992596],[114.170937,45.034309],[114.340004,45.1175],[114.452477,45.211472],[114.512611,45.281956],[114.544289,45.38588],[114.738091,45.436481],[114.967216,45.375298],[115.160675,45.394314],[115.357338,45.390373],[115.692673,45.457745],[115.929901,45.631256],[116.019699,45.659157],[116.028351,45.683205],[116.167313,45.686646],[116.210533,45.72049],[116.216148,45.745483],[116.254219,45.774139],[116.279976,45.773315],[116.270996,45.82951],[116.281929,45.837147],[116.236153,45.874367],[116.264801,45.964996],[116.406952,46.132175],[116.432564,46.135845],[116.566559,46.25745],[116.578537,46.290817],[116.666565,46.323601],[116.757362,46.330189],[116.806213,46.354271],[116.827583,46.382519],[117.089882,46.355297],[117.240257,46.365257],[117.364403,46.358353],[117.384483,46.461342],[117.440002,46.526337],[117.412369,46.580181],[117.488182,46.598827],[117.603676,46.598782],[117.622849,46.59013],[117.633926,46.55666],[117.666092,46.530979],[117.711937,46.51506],[117.76252,46.535942],[117.833092,46.532581],[117.863617,46.548328],[117.861496,46.574078],[117.883354,46.578758],[117.917793,46.611504],[118.049614,46.631523],[118.116837,46.676323],[118.185379,46.681068],[118.30912,46.737667],[118.40284,46.726269],[118.439278,46.702576],[118.578964,46.691399],[118.64521,46.720047],[118.670029,46.696419],[118.780876,46.685287],[118.792618,46.694656],[118.781044,46.715786],[118.838303,46.770176],[118.90757,46.773277],[118.916084,46.747025],[118.905762,46.731747],[118.944168,46.720516],[119.004173,46.743881],[119.097244,46.639977],[119.14492,46.656311],[119.255653,46.647083],[119.306122,46.609028],[119.350677,46.617405],[119.366783,46.601288],[119.424408,46.636745],[119.551346,46.632088],[119.59214,46.616665],[119.64994,46.623875],[119.675323,46.603569],[119.670677,46.583057],[119.776703,46.624115],[119.806526,46.666683],[119.797318,46.679951],[119.905304,46.668148],[119.928604,46.711227],[119.899635,46.760414],[119.932518,46.795551],[119.921173,46.82473],[119.931412,46.846302],[119.913742,46.851444],[119.911461,46.864571],[119.922287,46.902065],[119.853081,46.915359],[119.847069,46.942432],[119.862892,46.959538],[119.838165,46.96323],[119.788162,47.011032],[119.784073,47.043217],[119.799774,47.052959],[119.709419,47.183792],[119.623703,47.244843],[119.566513,47.241932],[119.554802,47.251171],[119.55426,47.296551],[119.500763,47.325111],[119.480377,47.322556],[119.478767,47.336643],[119.444871,47.34919],[119.435944,47.370823],[119.367058,47.401398],[119.358597,47.419357],[119.335533,47.430347],[119.313248,47.423168],[119.35833,47.47514],[119.144661,47.538303],[119.126625,47.662205],[118.765877,47.769062],[118.560913,47.990288],[118.444901,47.994232],[118.412292,48.01582],[118.275787,48.008617],[118.230606,48.042625],[118.173134,48.047577],[118.14473,48.035763],[118.109947,48.04459],[118.079819,48.025524],[118.001999,48.008904],[117.888863,48.025558],[117.805847,48.014263],[117.521416,47.780903],[117.519058,47.76268],[117.485863,47.75634],[117.376274,47.639],[117.086983,47.821751],[116.871986,47.892078],[116.810669,47.895687],[116.662903,47.888748],[116.44545,47.835419],[116.25853,47.874733],[116.112015,47.815178],[115.961098,47.688004],[115.931961,47.681263],[115.582291,47.91544],[115.539276,48.09481],[115.524673,48.108757],[115.545631,48.131191],[115.530701,48.148846],[115.815437,48.25766],[115.794281,48.521152],[116.070404,48.82048],[116.040878,48.87154],[116.71756,49.853928],[117.060966,49.693638],[117.270096,49.634602],[117.476936,49.631168],[117.802979,49.518963],[117.846947,49.556625],[117.834618,49.563812],[117.869247,49.597691],[117.942894,49.602356],[117.946671,49.614861],[117.979805,49.625462],[118.073799,49.619076],[118.113243,49.673573],[118.152122,49.661144],[118.175735,49.692459],[118.195908,49.688763],[118.208252,49.717007],[118.228577,49.723141],[118.229294,49.74102],[118.25177,49.736706],[118.313042,49.771175],[118.377228,49.783234],[118.364502,49.792568],[118.387764,49.792839],[118.37413,49.803078],[118.394958,49.808884],[118.380119,49.828964],[118.445747,49.839188],[118.475464,49.82732],[118.468369,49.841087],[118.490082,49.843887],[118.482895,49.876438],[118.525558,49.887402],[118.533516,49.892994],[118.524986,49.904099],[118.553574,49.90295],[118.541733,49.910507],[118.55793,49.912453],[118.561203,49.935669],[118.60524,49.933029],[118.609695,49.946102],[118.639977,49.937469],[118.652458,49.957615],[118.732231,49.951447],[118.796036,49.971031],[118.85775,49.97168],[118.924736,49.994587],[118.980057,49.981537],[119.030579,49.993263],[119.051132,49.985245],[119.110023,50.00473],[119.138229,50.03236],[119.155945,50.022575],[119.185013,50.067326],[119.17836,50.089478],[119.223557,50.073666],[119.264069,50.115059],[119.287094,50.11084],[119.288902,50.141365],[119.314156,50.146942],[119.3144,50.166016],[119.341774,50.165894],[119.330406,50.184547],[119.358185,50.194847],[119.310936,50.223],[119.325279,50.252438],[119.342613,50.256046],[119.322472,50.264404],[119.329224,50.270855],[119.316147,50.281788],[119.379524,50.321041],[119.351707,50.324158],[119.362465,50.3377],[119.355499,50.356438],[119.299492,50.353722],[119.295242,50.339478],[119.266693,50.360268],[119.233749,50.338902],[119.225708,50.361668],[119.175339,50.346592],[119.187462,50.360428],[119.151512,50.35825],[119.166122,50.37682],[119.12059,50.381027],[119.139732,50.409672],[119.16523,50.418854],[119.201233,50.407917],[119.214836,50.436626],[119.24263,50.443974],[119.237526,50.458054],[119.253807,50.482254],[119.229836,50.497654],[119.258621,50.511982],[119.259132,50.539093],[119.272217,50.551716],[119.262451,50.566162],[119.285789,50.571171],[119.278961,50.607933],[119.323074,50.623062],[119.334633,50.643745],[119.347656,50.628944],[119.381706,50.661194],[119.379829,50.68536],[119.444695,50.694603],[119.441788,50.708187],[119.499725,50.754784],[119.488144,50.770176],[119.504395,50.776756],[119.496002,50.785278],[119.518608,50.790821],[119.493973,50.825947],[119.488663,50.879662],[119.568665,50.938648],[119.587006,50.981567],[119.624397,50.995197],[119.622513,51.007519],[119.679512,51.01878],[119.679672,51.033974],[119.716934,51.047672],[119.718674,51.072063],[119.758934,51.088596],[119.747864,51.120369],[119.76577,51.125633],[119.776588,51.15139],[119.758568,51.162167],[119.782303,51.169918],[119.759224,51.211864],[119.777596,51.22192],[119.816841,51.214149],[119.794189,51.240292],[119.819748,51.257824],[119.805321,51.276596],[119.877037,51.296139],[119.879066,51.335373],[119.93602,51.361492],[119.906319,51.369812],[119.903664,51.385693],[119.974556,51.40696],[119.959633,51.429253],[119.994522,51.458599],[119.971634,51.481113],[119.977882,51.504395],[120.018333,51.522549],[120.043678,51.553558],[120.040733,51.610493],[120.056007,51.633804],[120.09539,51.651932],[120.085815,51.68029],[120.178787,51.681934],[120.230568,51.726807],[120.291855,51.752361],[120.316559,51.785713],[120.351334,51.788685],[120.407295,51.816349],[120.400368,51.836342],[120.47245,51.850182],[120.478294,51.884995],[120.538666,51.881447],[120.557167,51.912186],[120.657684,51.931091],[120.662689,51.959885],[120.711807,52],[120.679596,52.045807],[120.720146,52.081238],[120.744568,52.083286],[120.732643,52.096592],[120.759384,52.11245],[120.756714,52.144997],[120.779289,52.165173],[120.734962,52.215794],[120.748383,52.259026],[120.70797,52.266739],[120.684532,52.292721],[120.645264,52.307049],[120.615707,52.354778],[120.641731,52.365158],[120.646255,52.39109],[120.686455,52.43679],[120.67923,52.476002],[120.699783,52.491989],[120.681435,52.515228],[120.729408,52.532391],[120.733101,52.545841],[120.687004,52.548405],[120.460701,52.643391],[120.398026,52.618092],[120.284874,52.624043],[120.197746,52.582794],[120.059669,52.59108],[120.034378,52.651226],[120.062592,52.712868],[120.027649,52.776554],[120.100166,52.78717],[120.152763,52.812855],[120.182579,52.809792],[120.22271,52.842621],[120.280724,52.8633],[120.295631,52.895004],[120.34095,52.900986],[120.353104,52.940773],[120.401169,52.954037],[120.434227,52.994427],[120.500404,53.027634],[120.553703,53.077698],[120.640755,53.106213],[120.654984,53.134693],[120.689949,53.144955],[120.698006,53.180367],[120.738594,53.208302],[120.833855,53.237602],[120.821426,53.267986],[120.873138,53.278675],[120.87957,53.292007],[121.038879,53.286888],[121.081963,53.304573],[121.125046,53.27565],[121.237503,53.278214],[121.29274,53.292534],[121.33815,53.322281],[121.452019,53.322098],[121.869568,53.423889],[122.097633,53.420341],[122.161484,53.468689],[122.256325,53.459137],[122.335106,53.498589],[122.357819,53.495724],[122.371567,53.469185],[122.43631,53.442188],[122.595558,53.462536],[122.856987,53.456917],[123.051483,53.505749],[123.154327,53.50061],[123.225204,53.546101],[123.274254,53.558094],[123.454163,53.533077],[123.489563,53.495872],[123.501595,53.50436],[123.482819,53.540745],[123.515335,53.555454],[123.551003,53.541634],[123.529793,53.507225],[123.537285,53.495667],[123.572823,53.512295],[123.578896,53.53759],[123.596725,53.548817],[123.66169,53.532185],[123.696411,53.493786],[123.877266,53.481216],[123.980797,53.42926],[124.02375,53.392262],[124.065346,53.399014],[124.11087,53.345734],[124.138908,53.344902],[124.183144,53.371086],[124.239639,53.374569],[124.332878,53.311592],[124.36525,53.261059],[124.433434,53.2202],[124.505379,53.202591],[124.691544,53.198677],[124.717834,53.186203],[124.704666,53.16497],[124.722649,53.146633],[124.824135,53.144768],[124.869576,53.100719],[124.899277,53.114628],[124.875214,53.165188],[124.904869,53.17696],[124.981422,53.198132],[125.154869,53.201252],[125.246742,53.176208],[125.302567,53.143398],[125.485199,53.095165],[125.498573,53.048397],[125.604851,53.078869],[125.630226,53.0373],[125.67318,53.006153],[125.733269,52.985706],[125.715256,52.939266],[125.652138,52.917057],[125.645325,52.890293],[125.658974,52.859516],[125.755753,52.894043],[125.82019,52.892815],[125.905136,52.817986],[125.951462,52.759441],[125.974396,52.758297],[126.023682,52.795151],[126.10891,52.76342],[126.036621,52.740856],[126.057739,52.684628],[125.970398,52.671246],[125.954147,52.646858],[125.964699,52.616112],[126.009628,52.575615],[126.039749,52.579254],[126.068535,52.602493],[126.173347,52.549259],[126.198364,52.526524],[126.185524,52.468143],[126.263023,52.47208],[126.326111,52.411022],[126.340118,52.375881],[126.333115,52.354847],[126.306458,52.335751],[126.315308,52.309856],[126.427605,52.290348],[126.422455,52.276157],[126.388382,52.277428],[126.317383,52.248032],[126.293564,52.223888],[126.301407,52.202709],[126.502647,52.154095],[126.553162,52.124435],[126.510307,52.036385],[126.454056,52.037518],[126.438354,52.025299],[126.451332,51.947006],[126.549034,51.860554],[126.604546,51.776241],[126.645615,51.760559],[126.654755,51.732853],[126.702843,51.729923],[126.717041,51.712013],[126.709473,51.684841],[126.728218,51.643448],[126.667374,51.604733],[126.67099,51.586227],[126.82959,51.532387],[126.772278,51.45237],[126.773323,51.430058],[126.881203,51.409546],[126.903679,51.394844],[126.910789,51.371754],[126.901886,51.349091],[126.809441,51.334614],[126.802124,51.304241],[126.812706,51.265732],[126.851379,51.245243],[126.901352,51.250629],[126.901169,51.273712],[126.866791,51.304092],[126.865845,51.320381],[126.930199,51.334869],[126.965759,51.324501],[126.963524,51.295101],[126.88942,51.20945],[126.910393,51.061478],[126.951813,51.041767],[127.034416,50.958931],[127.136757,50.904812],[127.228706,50.779846],[127.294914,50.746143],[127.278511,50.695114],[127.285461,50.665604],[127.361443,50.580238],[127.351639,50.543472],[127.309364,50.523659],[127.282494,50.470333],[127.294853,50.452896],[127.356255,50.430481],[127.356018,50.399117],[127.32682,50.362301],[127.320915,50.331837],[127.373222,50.283657],[127.599594,50.229267],[127.586243,50.156204],[127.50959,50.079102],[127.484833,50.02338],[127.492912,49.982674],[127.538307,49.934471],[127.520195,49.845928],[127.541054,49.80468],[127.57589,49.784573],[127.660744,49.773933],[127.674202,49.698421],[127.693764,49.667198],[127.770691,49.630249],[127.819206,49.590412],[127.899269,49.5811],[127.944824,49.600262],[128.05928,49.555679],[128.185486,49.539593],[128.268555,49.565052],[128.333466,49.542656],[128.368011,49.563606],[128.373306,49.583893],[128.530853,49.602386],[128.714951,49.563873],[128.73378,49.588409],[128.759598,49.590565],[128.798386,49.578045],[128.805313,49.55608],[128.749802,49.507378],[128.755875,49.477959],[128.788742,49.47081],[128.880844,49.48774],[128.943253,49.460205],[128.998734,49.455441],[129.017761,49.445824],[129.054108,49.371967],[129.094864,49.353905],[129.131683,49.353443],[129.189148,49.392143],[129.224899,49.398216],[129.316437,49.356636],[129.361053,49.355843],[129.376038,49.369911],[129.369247,49.41431],[129.385666,49.430771],[129.435089,49.441689],[129.512329,49.422131],[129.539124,49.389057],[129.550323,49.30463],[129.573547,49.280411],[129.601547,49.27578],[129.681915,49.295242],[129.720261,49.28709],[129.750671,49.253181],[129.742401,49.213188],[129.752457,49.198662],[129.784546,49.179123],[129.847382,49.17506],[129.856064,49.164665],[129.84996,49.118626],[129.905716,49.108398],[129.925049,49.09008],[129.90889,49.059551],[129.918457,49.045143],[130.013916,49.018387],[130.056778,48.972076],[130.204758,48.897945],[130.229095,48.867599],[130.293777,48.869026],[130.440018,48.90789],[130.463943,48.903034],[130.493118,48.866188],[130.522156,48.855354],[130.636658,48.883415],[130.670593,48.878822],[130.68457,48.852631],[130.61731,48.784637],[130.528656,48.614491],[130.606781,48.581234],[130.619934,48.493885],[130.665237,48.490437],[130.715805,48.511005],[130.76532,48.498142],[130.771622,48.483521],[130.737335,48.446445],[130.738251,48.428776],[130.772598,48.357746],[130.818665,48.33477],[130.838654,48.299458],[130.811996,48.264874],[130.772263,48.248123],[130.757843,48.187012],[130.669266,48.129272],[130.658768,48.096657],[130.687103,48.044968],[130.733307,48.031281],[130.753601,48],[130.883392,47.92535],[130.955093,47.823105],[130.96254,47.723167],[130.997604,47.698509],[131.099838,47.685837],[131.171585,47.698452],[131.261261,47.737568],[131.370941,47.72871],[131.45903,47.744419],[131.541412,47.732288],[131.57193,47.670937],[131.608582,47.657917],[131.631592,47.660206],[131.680481,47.703606],[131.705414,47.708668],[131.824234,47.671772],[131.899826,47.684559],[131.969574,47.667942],[131.984329,47.674496],[132,47.711739],[132.061417,47.701656],[132.201096,47.715267],[132.244583,47.70771],[132.2995,47.752541],[132.33577,47.759514],[132.374954,47.75663],[132.465378,47.721344],[132.550888,47.716091],[132.591095,47.734764],[132.597733,47.804138],[132.67981,47.882721],[132.652283,47.930313],[132.664276,47.953335],[132.715302,47.960552],[132.761719,47.936314],[132.811432,47.934677],[132.875137,48],[132.995255,48.038559],[133.033585,48.099838],[133.094849,48.126892],[133.214325,48.129208],[133.294464,48.100349],[133.399933,48.12199],[133.436234,48.110825],[133.523331,48.113995],[133.552765,48.134869],[133.572433,48.185734],[133.685577,48.184551],[133.732849,48.252392],[133.783081,48.25576],[133.933319,48.299824],[133.995285,48.303009],[134.049408,48.335278],[134.123474,48.332939],[134.195755,48.380093],[134.350723,48.367912],[134.430527,48.402927],[134.514709,48.41724],[134.570633,48.403347],[134.689117,48.404842],[134.771606,48.367645],[134.825882,48.380131],[134.862869,48.423183],[134.902054,48.445782],[135.016983,48.436283],[135.057938,48.45985],[135.087387,48.434978],[135.082596,48.400784],[135.064545,48.388786],[134.834381,48.320538],[134.671234,48.246754],[134.660995,48.139065],[134.550339,48.027363],[134.548477,47.984055],[134.59024,47.947136],[134.605469,47.923676],[134.602768,47.903339],[134.672638,47.887299],[134.668365,47.853737],[134.681488,47.817783],[134.763672,47.762768],[134.779373,47.724792],[134.747284,47.68261],[134.680069,47.630085],[134.673782,47.583344],[134.57695,47.517128],[134.558685,47.470676],[134.521835,47.463417],[134.489166,47.439068],[134.32045,47.43499],[134.26149,47.395042],[134.242599,47.353481],[134.175583,47.329037],[134.150009,47.25071],[134.218414,47.193409],[134.225983,47.108128],[134.129852,47.084087],[134.090088,46.997826],[134.057007,46.976563],[134.071609,46.940166],[134.017014,46.826176],[134.046494,46.777565],[134.022308,46.741833],[134.010681,46.644245],[133.912399,46.591518],[133.884369,46.525906],[133.838623,46.469406],[133.848328,46.443764],[133.885681,46.446815],[133.916351,46.430454],[133.939011,46.394711],[133.863678,46.350403],[133.878387,46.32962],[133.911469,46.330391],[133.899948,46.300659],[133.906128,46.255558],[133.897537,46.245289],[133.853729,46.247288],[133.869827,46.235329],[133.843109,46.203232],[133.798157,46.227077],[133.76326,46.177658],[133.681503,46.154404],[133.679672,46.130497],[133.729614,46.081383],[133.733444,46.059471],[133.674652,45.998665],[133.663879,45.942623],[133.601028,45.935951],[133.607986,45.898392],[133.580322,45.867805],[133.514648,45.891571],[133.494766,45.864769],[133.477173,45.86161],[133.47876,45.836349],[133.455185,45.831703],[133.457169,45.792912],[133.489517,45.777931],[133.462158,45.776718],[133.456772,45.754929],[133.471619,45.73991],[133.444031,45.728806],[133.419495,45.698666],[133.440399,45.703091],[133.47377,45.686283],[133.476471,45.661526],[133.437302,45.645885],[133.461761,45.630226],[133.457809,45.62117],[133.419098,45.633675],[133.416519,45.615692],[133.399399,45.61322],[133.401474,45.576843],[133.368744,45.57959],[133.329803,45.553741],[133.269241,45.53709],[133.269196,45.526836],[133.192917,45.514523],[133.178467,45.497177],[133.165237,45.456627],[133.14711,45.4468],[133.15596,45.436943],[133.129013,45.420033],[133.135864,45.368473],[133.122543,45.371994],[133.109512,45.346687],[133.116959,45.332191],[133.09111,45.3111],[133.108688,45.304688],[133.090042,45.293415],[133.098022,45.286572],[133.085632,45.25494],[133.124512,45.189507],[133.113235,45.13913],[133.124771,45.127045],[133.100464,45.125198],[133.084915,45.099838],[133.059158,45.097477],[133.027557,45.056122],[132.93721,45.016464],[132.857956,45.059071],[132.002182,45.249084],[131.983398,45.272373],[131.934814,45.281624],[131.914154,45.335396],[131.874847,45.341446],[131.82402,45.313957],[131.825821,45.294621],[131.781799,45.248333],[131.78302,45.210419],[131.723755,45.226181],[131.675064,45.213749],[131.644409,45.163265],[131.683044,45.145527],[131.67865,45.118679],[131.539246,45.018394],[131.477295,44.995529],[131.489853,44.965599],[131.464371,44.96056],[131.39563,44.984035],[131.371796,44.974983],[131.345032,44.98547],[131.299255,44.958416],[131.282043,44.927483],[131.211563,44.915916],[131.140259,44.943924],[131.079498,44.922546],[131.088226,44.888374],[130.976593,44.863712],[130.954544,44.847626],[130.956009,44.818771],[130.997299,44.812649],[131.01738,44.777462],[131.053787,44.780006],[131.082397,44.740299],[131.083878,44.714432],[131.09877,44.71072],[131.299271,44.046501],[131.257248,44.028633],[131.229309,43.985134],[131.25174,43.920418],[131.223007,43.851555],[131.200226,43.832745],[131.211868,43.806656],[131.196533,43.78508],[131.211029,43.772446],[131.202713,43.761536],[131.222046,43.754425],[131.205063,43.731827],[131.219208,43.718796],[131.208313,43.711407],[131.212387,43.688522],[131.230576,43.671379],[131.205414,43.609467],[131.2314,43.60675],[131.230881,43.597309],[131.224503,43.588303],[131.206421,43.59481],[131.210922,43.584904],[131.195328,43.585739],[131.198822,43.567364],[131.182205,43.560223],[131.195816,43.549885],[131.188385,43.527382],[131.261337,43.498772],[131.307999,43.496613],[131.292526,43.435658],[131.308441,43.402733],[131.269348,43.372761],[131.247437,43.263874],[131.193176,43.219147],[131.216187,43.180088],[131.205276,43.133137],[131.162643,43.096031],[131.168152,43.070362],[131.114853,43.063347],[131.115707,43.048729],[131.091644,43.02306],[131.110687,42.996323],[131.109711,42.975559],[131.146576,42.958393],[131.118225,42.921143],[131.099091,42.913441],[131.026321,42.927921],[131.011932,42.905151],[131.032776,42.861305],[130.970413,42.856659],[130.929443,42.872437],[130.883713,42.851723],[130.821976,42.87751],[130.790253,42.871437],[130.76236,42.832619],[130.715195,42.827347],[130.693893,42.844402],[130.663498,42.842487],[130.586716,42.80825],[130.554184,42.810886],[130.518997,42.780174],[130.454895,42.76527],[130.395905,42.723877],[130.447952,42.697041],[130.451065,42.682652],[130.521927,42.697971],[130.590637,42.662598],[130.629776,42.587585],[130.606476,42.547447],[130.564346,42.551537],[130.569962,42.499386],[130.59877,42.483967],[130.592484,42.443108],[130.633514,42.420441],[130.563381,42.440642],[130.566055,42.484456],[130.548829,42.492738],[130.508407,42.582596],[130.51702,42.611525],[130.476261,42.612539],[130.464575,42.593658],[130.480064,42.562112],[130.465466,42.546521],[130.43118,42.548471],[130.412991,42.5729],[130.430579,42.606328],[130.419091,42.613742],[130.376189,42.60009],[130.364334,42.622373],[130.303802,42.656178],[130.279007,42.695313],[130.23024,42.722813],[130.232559,42.769119],[130.220901,42.790474],[130.257172,42.900002],[130.163498,42.909664],[130.128815,42.90081],[130.109177,42.910599],[130.097229,42.925621],[130.120392,42.929901],[130.111343,42.9482],[130.137131,42.968681],[130.108093,42.985703],[130.020172,42.964928],[129.995438,42.978603],[129.955322,42.976353],[129.947083,43.008625],[129.89035,42.999348],[129.879089,42.98024],[129.909821,42.971107],[129.853836,42.956215],[129.865799,42.920563],[129.83934,42.916451],[129.828964,42.860561],[129.797333,42.820747],[129.804245,42.792816],[129.757492,42.721535],[129.76207,42.69878],[129.791229,42.676636],[129.768265,42.664707],[129.774429,42.646408],[129.74408,42.646141],[129.755524,42.630527],[129.745346,42.61665],[129.775146,42.607716],[129.736069,42.581154],[129.742813,42.544441],[129.729385,42.499928],[129.742935,42.47736],[129.703964,42.426697],[129.645401,42.424305],[129.617767,42.456917],[129.580978,42.446278],[129.606064,42.434692],[129.593735,42.408997],[129.562546,42.39679],[129.558563,42.386414],[129.571335,42.378063],[129.548798,42.373455],[129.547745,42.357979],[129.445282,42.438477],[129.419098,42.433468],[129.39389,42.446449],[129.382828,42.425358],[129.367157,42.421841],[129.364929,42.450493],[129.337372,42.449093],[129.347839,42.406963],[129.334274,42.407177],[129.324402,42.427063],[129.305389,42.419231],[129.298035,42.397556],[129.314285,42.383121],[129.265594,42.386303],[129.260269,42.373066],[129.233917,42.374027],[129.224411,42.353775],[129.25351,42.333271],[129.249969,42.320866],[129.197739,42.316608],[129.233887,42.304085],[129.199661,42.290665],[129.219513,42.273354],[129.177521,42.262932],[129.173264,42.241848],[129.197815,42.240406],[129.191711,42.222771],[129.215347,42.209545],[129.183899,42.20657],[129.181763,42.193249],[129.154373,42.185169],[129.15892,42.165733],[129.131378,42.166512],[129.104263,42.142517],[129.069336,42.159241],[129.065308,42.143436],[129.030701,42.130939],[129.03476,42.115288],[129.021149,42.100506],[128.963486,42.093845],[128.943146,42.07666],[128.946686,42.023285],[128.903885,42.010891],[128.809937,42.037689],[128.766296,42.032288],[128.744217,42.048141],[128.684021,42.013538],[128.656555,42.014202],[128.639236,42.032166],[128.600769,42.027897],[128.592606,42.005154],[128.56337,41.994209],[128.50174,41.998238],[128.460037,42.018318],[128.272675,42.024281],[128.08934,42.019447],[128.028061,41.997852],[128.101166,41.943108],[128.101791,41.796577],[128.13707,41.779007],[128.157303,41.711773],[128.187439,41.70433],[128.219635,41.676361],[128.240448,41.678497],[128.268906,41.655643],[128.273895,41.630955],[128.293793,41.627041],[128.289108,41.607616],[128.315125,41.605167],[128.30986,41.576302],[128.287781,41.561153],[128.296539,41.537289],[128.237656,41.498577],[128.232925,41.446747],[128.199127,41.410465],[128.173172,41.406666],[128.147293,41.381809],[128.11351,41.365269],[128.090225,41.36964],[128.104324,41.395992],[128.086349,41.396698],[128.077164,41.38076],[128.062225,41.393303],[128.038879,41.39143],[128.040207,41.415794],[127.999245,41.425331],[128.000244,41.444538],[127.984131,41.41803],[127.930939,41.457062],[127.917397,41.43446],[127.867622,41.439957],[127.866608,41.40543],[127.835831,41.422523],[127.827095,41.406681],[127.80722,41.422604],[127.789078,41.406784],[127.779633,41.425541],[127.677879,41.412739],[127.654388,41.428295],[127.646469,41.423489],[127.661118,41.409866],[127.650948,41.405914],[127.613724,41.429478],[127.561394,41.432919],[127.541313,41.475128],[127.477036,41.469204],[127.467239,41.483086],[127.452179,41.45871],[127.404724,41.457546],[127.388313,41.479908],[127.345947,41.464001],[127.289345,41.480499],[127.262421,41.4758],[127.249062,41.481682],[127.280289,41.494781],[127.279106,41.510082],[127.239197,41.49781],[127.231949,41.518482],[127.200966,41.533424],[127.18026,41.526852],[127.160294,41.540066],[127.134995,41.52626],[127.13607,41.539188],[127.101715,41.544739],[127.142998,41.582848],[127.173927,41.585487],[127.175385,41.597111],[127.123138,41.599792],[127.121635,41.621601],[127.088005,41.624317],[127.103264,41.643166],[127.0811,41.641861],[127.059036,41.663879],[127.035965,41.666908],[127.04789,41.690758],[127.079597,41.698242],[127.050819,41.705219],[127.047562,41.737793],[127.00193,41.744209],[127.00045,41.76395],[126.934898,41.772717],[126.942375,41.805111],[126.920227,41.807083],[126.87915,41.783764],[126.84079,41.721779],[126.798988,41.739666],[126.79493,41.695438],[126.779053,41.695625],[126.753746,41.726067],[126.693382,41.743793],[126.731903,41.718273],[126.72963,41.704948],[126.686066,41.663834],[126.65181,41.653671],[126.615387,41.665012],[126.614197,41.641487],[126.595764,41.620903],[126.565521,41.611347],[126.595512,41.563999],[126.56768,41.539951],[126.558662,41.485188],[126.508171,41.435455],[126.514259,41.380005],[126.537537,41.35947],[126.486603,41.345146],[126.50399,41.364288],[126.491096,41.370975],[126.438416,41.348396],[126.433769,41.333618],[126.405014,41.32201],[126.355637,41.243877],[126.320274,41.226795],[126.309608,41.194096],[126.287468,41.188057],[126.282135,41.158382],[126.232628,41.145889],[126.223457,41.129116],[126.162666,41.096111],[126.114578,41.084488],[126.127983,41.052624],[126.11676,41.034634],[126.089493,41.032032],[126.105408,41.005302],[126.065826,41.001694],[126.074783,40.968365],[126.053116,40.962646],[126.026283,40.930336],[125.997177,40.932716],[125.975227,40.915203],[126.009415,40.916229],[126.021683,40.902218],[126.013252,40.895306],[125.972458,40.899002],[125.955414,40.881283],[125.926498,40.878765],[125.906685,40.889355],[125.910454,40.906898],[125.876961,40.905365],[125.855919,40.880947],[125.817413,40.86422],[125.773827,40.889008],[125.7621,40.870281],[125.716614,40.861607],[125.647377,40.815628],[125.648514,40.801205],[125.686371,40.786449],[125.687202,40.763222],[125.60685,40.752865],[125.560608,40.767097],[125.54393,40.720493],[125.484589,40.717045],[125.462326,40.70306],[125.460892,40.672878],[125.421219,40.667908],[125.421417,40.62648],[125.392876,40.628208],[125.370804,40.647903],[125.330452,40.63707],[125.278305,40.64613],[125.275887,40.624699],[125.256012,40.606419],[125.169785,40.591877],[125.12336,40.561939],[125.018951,40.524265],[125.01693,40.505852],[125.059631,40.492817],[125.050034,40.455322],[124.98735,40.464447],[124.924919,40.453526],[124.899071,40.479637],[124.853065,40.424683],[124.740128,40.366531],[124.729134,40.318386],[124.616837,40.285156],[124.598152,40.269035],[124.585579,40.231342],[124.513252,40.20298],[124.49411,40.175293],[124.46888,40.172958],[124.412254,40.132706],[124.405472,40.123512],[124.441437,40.124813],[124.400274,40.116059],[124.365581,40.085523],[124.378864,40.027208],[124.364481,39.964486],[124.315792,39.921706],[124.262721,39.933374],[124.221048,39.91362],[124.198953,39.856159],[124.133029,39.798601],[124.123118,39.775151],[124.147421,39.756871],[124.140413,39.746202],[124.101893,39.775852],[124.115632,39.829168],[124.003901,39.801298],[123.951575,39.820487],[123.823122,39.835966],[123.693723,39.813738],[123.628694,39.832904],[123.635479,39.801187],[123.607519,39.777084],[123.560493,39.766802],[123.538937,39.787819],[123.515468,39.785299],[123.514144,39.770657],[123.476883,39.764446],[123.438462,39.733169],[123.408383,39.737175],[123.386966,39.725677],[123.382921,39.75026],[123.265279,39.75533],[123.269494,39.725313],[123.247433,39.689602],[123.219833,39.701506],[123.206411,39.692042],[123.217024,39.674647],[123.170741,39.676628],[123.127236,39.646399],[123.122739,39.662555],[122.993391,39.665587],[122.995218,39.645201],[122.970606,39.635349],[122.963189,39.604417],[122.856901,39.608769],[122.831798,39.595654],[122.837655,39.577956],[122.723041,39.535206],[122.713351,39.547737],[122.672972,39.51696],[122.641336,39.519091],[122.632391,39.494004],[122.571382,39.47619],[122.553056,39.442006],[122.492125,39.402205],[122.451973,39.403345],[122.450575,39.417523],[122.38714,39.414398],[122.390971,39.392936],[122.344403,39.375913],[122.346816,39.33277],[122.32664,39.325171],[122.290807,39.348022],[122.25239,39.318895],[122.257111,39.301926],[122.240547,39.287854],[122.243046,39.274706],[122.189572,39.261565],[122.136723,39.22843],[122.108302,39.178325],[122.113536,39.146936],[122.036223,39.110285],[122.059082,39.061803],[122.014436,39.08086],[121.977771,39.06674],[121.960667,39.032246],[121.908459,39.059121],[121.888569,39.028405],[121.845931,39.038517],[121.845244,39.027833],[121.89302,38.995797],[121.899912,38.967383],[121.861976,38.94376],[121.832854,38.952006],[121.803406,38.983399],[121.790629,39.019662],[121.720624,39.035449],[121.752051,39.008304],[121.716338,39.002513],[121.695651,39.019284],[121.665746,39.017301],[121.655027,39.004917],[121.661714,38.974926],[121.595732,38.94723],[121.6217,38.930845],[121.713536,38.917543],[121.695516,38.866553],[121.621208,38.862677],[121.561425,38.876452],[121.505946,38.821041],[121.425021,38.81146],[121.328096,38.820959],[121.320743,38.803743],[121.281208,38.787549],[121.247727,38.805069],[121.226509,38.802285],[121.243122,38.778268],[121.216873,38.759145],[121.197883,38.723612],[121.134375,38.726055],[121.132419,38.779122],[121.14395,38.794037],[121.111772,38.820147],[121.105732,38.852299],[121.120612,38.867742],[121.119079,38.890592],[121.091126,38.895608],[121.098437,38.930992],[121.116452,38.946357],[121.174032,38.956008],[121.192699,38.93711],[121.219037,38.933304],[121.275634,38.96949],[121.339723,38.975255],[121.330273,39.025521],[121.366159,39.055701],[121.458227,39.017022],[121.509717,39.032913],[121.565963,39.072477],[121.59028,39.075032],[121.605513,39.094947],[121.55994,39.130294],[121.586532,39.15174],[121.636131,39.111275],[121.592069,39.075119],[121.623476,39.073038],[121.674069,39.096736],[121.682026,39.123382],[121.661839,39.147996],[121.637126,39.168464],[121.597792,39.167896],[121.584654,39.1986],[121.589468,39.22585],[121.626217,39.223988],[121.610989,39.270291],[121.672576,39.274407],[121.685397,39.288964],[121.673983,39.307776],[121.698071,39.316679],[121.723067,39.305199],[121.731747,39.317766],[121.707945,39.340732],[121.73548,39.381456],[121.78476,39.367727],[121.854995,39.370959],[121.896589,39.402418],[121.81713,39.376608],[121.702377,39.390683],[121.712993,39.375006],[121.698925,39.35863],[121.629851,39.343606],[121.620275,39.3296],[121.565359,39.323586],[121.542851,39.360176],[121.551575,39.333371],[121.520334,39.330511],[121.519962,39.297018],[121.502026,39.285363],[121.46563,39.301051],[121.472303,39.327644],[121.436769,39.333833],[121.453277,39.375114],[121.435764,39.381957],[121.393341,39.363345],[121.351783,39.38165],[121.317156,39.37899],[121.340056,39.417011],[121.363238,39.424857],[121.358721,39.43972],[121.268517,39.376429],[121.246191,39.388595],[121.259205,39.400466],[121.245488,39.453872],[121.355548,39.505314],[121.380922,39.502259],[121.380508,39.519211],[121.349894,39.517537],[121.303225,39.491169],[121.279745,39.509096],[121.263413,39.500384],[121.263403,39.485011],[121.223987,39.484922],[121.229847,39.554991],[121.256359,39.578529],[121.283024,39.578248],[121.300514,39.601687],[121.394442,39.601612],[121.458082,39.628072],[121.4619,39.652142],[121.49158,39.662341],[121.503209,39.692844],[121.501138,39.707998],[121.455213,39.743034],[121.487173,39.760864],[121.491237,39.777533],[121.471599,39.792383],[121.472759,39.808041],[121.494553,39.812714],[121.540933,39.864066],[121.609352,39.866563],[121.704748,39.93395],[121.73354,39.918589],[121.777101,39.933975],[121.81232,39.968766],[121.796477,39.980025],[121.824634,40.001766],[121.815491,40.020531],[121.881585,40.044226],[121.922322,40.069409],[121.932915,40.096529],[122.001006,40.129014],[122.004275,40.17719],[121.990732,40.179149],[121.981151,40.200484],[122.051261,40.203518],[122.099291,40.236888],[122.094029,40.306325],[122.131612,40.327229],[122.111035,40.363536],[122.128461,40.365371],[122.14772,40.345245],[122.190748,40.358319],[122.185574,40.377839],[122.200241,40.390099],[122.2069,40.424512],[122.228035,40.420553],[122.246598,40.440614],[122.224804,40.473494],[122.25978,40.476569],[122.22943,40.504235],[122.252464,40.51383],[122.200032,40.570078],[122.149452,40.602399],[122.145742,40.630504],[122.161723,40.658523],[122.14839,40.671406],[122.05565,40.658078],[121.975663,40.70458],[122.001382,40.734452],[121.950495,40.748009],[121.959192,40.709594],[121.949827,40.707859],[121.940295,40.752746],[121.951338,40.785654],[121.93603,40.807244],[121.857909,40.81997],[121.836697,40.870721],[121.836393,40.921314],[121.821554,40.951767],[121.841237,40.979005],[121.810547,40.968692],[121.776935,40.929386],[121.783657,40.907509],[121.773939,40.891616],[121.725176,40.846683],[121.68705,40.847102],[121.68804,40.83271],[121.645161,40.830454],[121.64462,40.848805],[121.612094,40.853309],[121.5583,40.841387],[121.564294,40.878132],[121.530511,40.842871],[121.470962,40.858675],[121.476922,40.885396],[121.424919,40.884796],[121.426975,40.834105],[121.326689,40.852371],[121.321682,40.922764],[121.323187,40.851031],[121.290063,40.850598],[121.270552,40.899738],[121.233993,40.883894],[121.233557,40.860582],[121.218373,40.852116],[121.195215,40.859575],[121.211781,40.888883],[121.115668,40.876097],[121.059121,40.823884],[121.0605,40.798706],[121.013216,40.79212],[121.004183,40.828926],[120.974101,40.820609],[120.959864,40.802303],[120.973318,40.794346],[120.968024,40.742978],[121.012295,40.743804],[120.998616,40.718153],[120.952589,40.694556],[120.827163,40.677764],[120.824908,40.643261],[120.759941,40.565916],[120.697769,40.540743],[120.715911,40.519583],[120.689642,40.504587],[120.67271,40.513074],[120.65693,40.482273],[120.624166,40.48542],[120.594334,40.469127],[120.615309,40.452026],[120.598489,40.430801],[120.610076,40.415318],[120.569583,40.391501],[120.589353,40.365828],[120.495572,40.317467],[120.515011,40.260369],[120.500861,40.236931],[120.441534,40.196208],[120.313362,40.186924],[120.289763,40.163934],[120.166917,40.107297],[120.15888,40.115013],[119.955835,40.061167],[119.908846,40.025798],[119.913653,40.000104],[119.800009,39.977045],[119.779168,39.953864],[119.710464,39.9354],[119.673882,39.936534],[119.616414,39.910702],[119.564879,39.907486],[119.530626,39.886057],[119.521555,39.814218],[119.461217,39.811609],[119.403799,39.785407],[119.410992,39.779109],[119.344657,39.720188],[119.254963,39.518359],[119.294832,39.460458],[119.304133,39.425659],[119.253464,39.364088],[119.204833,39.351257],[119.185413,39.365627],[119.125623,39.292195],[119.10827,39.286237],[119.088613,39.245997],[119.021143,39.209338],[119.017891,39.189313],[118.982774,39.190177],[118.892705,39.161164],[118.848997,39.164446],[118.820326,39.122648],[118.806733,39.138952],[118.699425,39.139762],[118.601855,39.163591],[118.603646,39.151933],[118.537231,39.144933],[118.575755,39.111227],[118.505543,39.077107],[118.477722,39.087768],[118.482208,39.059305],[118.403724,39.00752],[118.403838,38.966967],[118.37232,38.981915],[118.366926,39.040292],[118.351869,39.022798],[118.244037,39.045278],[118.210542,39.069849],[118.126361,39.178419],[118.030166,39.221644],[117.943382,39.212238],[117.954919,39.181347],[117.93456,39.176692],[117.922354,39.209355],[117.832073,39.173424],[117.78605,39.134657],[117.84131,39.102091],[117.81582,39.072747],[117.74729,39.092271],[117.73811,39.080761],[117.805188,39.058177],[117.829133,38.973704],[117.790777,38.987994],[117.775236,39.046317],[117.763565,39.033215],[117.779444,38.985778],[117.757194,38.971583],[117.884573,38.944923],[117.878686,38.927856],[117.736671,38.963741],[117.737066,38.953694],[117.856958,38.918924],[117.830202,38.879591],[117.685794,38.897337],[117.750925,38.873591],[117.746948,38.857004],[117.690455,38.8706],[117.684814,38.85719],[117.738894,38.843508],[117.729582,38.827605],[117.638116,38.856016],[117.595241,38.817647],[117.570725,38.763622],[117.608866,38.757789],[117.608588,38.714605],[117.62493,38.714479],[117.6251,38.744591],[117.642205,38.758126],[117.687699,38.757968],[117.680356,38.708272],[117.704019,38.708147],[117.706812,38.752496],[117.719811,38.752284],[117.718721,38.701222],[117.650385,38.701519],[117.650164,38.664775],[117.577484,38.67406],[117.581842,38.63588],[117.598149,38.638751],[117.600084,38.614421],[117.579477,38.614578],[117.5911,38.612525],[117.638227,38.486697],[117.697801,38.397983],[117.762278,38.336991],[117.833039,38.359705],[117.872666,38.350023],[117.932121,38.376881],[117.941357,38.364155],[117.919813,38.344832],[117.863467,38.327989],[117.883491,38.30743],[117.836726,38.26336],[117.8065,38.27464],[117.833596,38.261084],[117.860531,38.266175],[117.874569,38.249683],[117.925353,38.239851],[118.037206,38.185585],[118.074708,38.184365],[118.073623,38.159409],[118.089042,38.183337],[118.117584,38.189562],[118.165097,38.177055],[118.167153,38.138537],[118.326748,38.12122],[118.337045,38.106378],[118.487427,38.096321],[118.5642,38.044127],[118.577574,38.066095],[118.614962,38.087022],[118.647342,38.08603],[118.643959,38.103029],[118.670985,38.102117],[118.692511,38.142124],[118.752897,38.088771],[118.76728,38.13161],[118.801738,38.146502],[118.847249,38.144071],[118.846194,38.121315],[118.886516,38.133027],[118.948485,38.098734],[118.981411,38.029042],[118.968623,38.007413],[119.002587,37.950634],[119.030768,37.950154],[119.089039,37.912598],[119.096705,37.852201],[119.071184,37.83609],[119.069551,37.816502],[119.097992,37.806156],[119.090966,37.785884],[119.155269,37.787657],[119.171674,37.771066],[119.19539,37.797646],[119.228352,37.779281],[119.257727,37.798068],[119.283741,37.794892],[119.27697,37.772833],[119.240487,37.751441],[119.200666,37.762689],[119.178419,37.748634],[119.245628,37.705265],[119.238308,37.682571],[119.170949,37.722522],[119.091517,37.708801],[119.057091,37.727637],[119.028051,37.724679],[119.035142,37.684542],[118.963877,37.618216],[118.931338,37.535032],[118.904248,37.527255],[118.927545,37.478214],[118.912792,37.419535],[118.960555,37.313286],[118.988175,37.315657],[118.998749,37.267871],[119.028902,37.26782],[119.044465,37.241712],[119.078088,37.227466],[119.096882,37.248343],[119.079091,37.226841],[119.100814,37.208938],[119.12183,37.237445],[119.104418,37.245831],[119.123053,37.239617],[119.114027,37.216495],[119.139864,37.176346],[119.148242,37.227107],[119.183549,37.221093],[119.181073,37.190434],[119.204483,37.193793],[119.200762,37.214333],[119.221701,37.218406],[119.237465,37.204966],[119.285931,37.199877],[119.271062,37.121909],[119.247674,37.089471],[119.292352,37.115321],[119.331754,37.087669],[119.382242,37.119858],[119.466326,37.114309],[119.466154,37.095621],[119.489245,37.096779],[119.4993,37.123322],[119.529228,37.124104],[119.551142,37.117463],[119.550899,37.057756],[119.556611,37.095586],[119.57752,37.119229],[119.623677,37.137978],[119.623842,37.151011],[119.676838,37.15497],[119.673783,37.115781],[119.70395,37.118272],[119.703106,37.137396],[119.720769,37.138774],[119.728457,37.119951],[119.749547,37.122263],[119.750618,37.141676],[119.785171,37.176568],[119.873688,37.228012],[119.895309,37.259483],[119.876917,37.323737],[119.851756,37.325784],[119.834122,37.344219],[119.862263,37.377283],[119.940505,37.391115],[119.951627,37.420128],[119.974905,37.414492],[120.068473,37.43922],[120.163081,37.482863],[120.312491,37.606025],[120.323983,37.644019],[120.288424,37.644906],[120.286406,37.662201],[120.250487,37.67221],[120.241456,37.658793],[120.21688,37.682112],[120.358802,37.692812],[120.44749,37.747438],[120.579855,37.757756],[120.619673,37.785039],[120.641126,37.777867],[120.739496,37.827364],[120.831411,37.812151],[120.877033,37.832073],[120.898518,37.818617],[120.929796,37.821032],[120.934505,37.775789],[120.997087,37.752296],[121.007114,37.722916],[121.024225,37.712586],[121.137469,37.712061],[121.137433,37.681891],[121.122839,37.66839],[121.154308,37.643846],[121.137867,37.631417],[121.143861,37.598632],[121.250441,37.573208],[121.335102,37.583145],[121.366658,37.608122],[121.377111,37.596355],[121.372633,37.556259],[121.436402,37.524234],[121.44838,37.488058],[121.46986,37.469105],[121.571691,37.43871],[121.595559,37.445237],[121.599052,37.463203],[121.63693,37.486481],[121.646994,37.466608],[121.747529,37.453227],[121.959992,37.47394],[121.992651,37.488727],[122.026582,37.524939],[122.074347,37.538067],[122.072821,37.555321],[122.10316,37.541761],[122.134445,37.555554],[122.158429,37.520883],[122.121103,37.50624],[122.156862,37.435646],[122.246538,37.462515],[122.277946,37.448452],[122.270782,37.428823],[122.326709,37.409066],[122.37858,37.415372],[122.398487,37.406585],[122.471716,37.42416],[122.49719,37.405396],[122.547262,37.398471],[122.619348,37.41772],[122.696274,37.409835],[122.697691,37.389668],[122.641288,37.390986],[122.582141,37.351751],[122.589324,37.329623],[122.551374,37.275166],[122.557582,37.255732],[122.594326,37.238627],[122.59024,37.221769],[122.610958,37.200536],[122.55846,37.180897],[122.57928,37.159317],[122.575123,37.14756],[122.524189,37.160006],[122.487456,37.153947],[122.469103,37.12494],[122.459995,37.059783],[122.441718,37.060012],[122.425405,37.039967],[122.437318,37.021432],[122.464443,37.034481],[122.487333,37.022948],[122.54292,37.033995],[122.531334,37.004314],[122.539998,36.978565],[122.519345,36.948712],[122.535198,36.923979],[122.517119,36.90173],[122.499133,36.899165],[122.50202,36.92737],[122.411658,36.91542],[122.426652,36.871861],[122.409232,36.861465],[122.37688,36.86707],[122.370116,36.84525],[122.342076,36.835159],[122.229147,36.845269],[122.193697,36.860584],[122.17538,36.898137],[122.122615,36.913674],[122.224899,37.03674],[122.153847,37.002241],[122.153045,36.964382],[122.14154,36.948986],[122.103455,36.954613],[122.085648,36.936184],[122.094233,36.920702],[122.042277,36.907447],[122.010617,36.968491],[121.96742,36.964259],[121.95298,36.942131],[121.762706,36.883166],[121.750591,36.844239],[121.619092,36.799944],[121.638237,36.737855],[121.602723,36.741247],[121.598708,36.766629],[121.550894,36.765061],[121.547242,36.751507],[121.479389,36.778274],[121.52506,36.803275],[121.547235,36.801775],[121.571838,36.840642],[121.52708,36.824285],[121.444546,36.754859],[121.41218,36.762236],[121.376765,36.739504],[121.369212,36.714409],[121.33371,36.720052],[121.242546,36.691629],[121.208002,36.692377],[121.0533,36.615463],[121.013468,36.579811],[120.994386,36.584603],[120.993803,36.603161],[120.946207,36.583333],[120.925546,36.591418],[120.914472,36.627662],[120.889369,36.62328],[120.870644,36.652894],[120.856157,36.654188],[120.869418,36.628584],[120.809796,36.604376],[120.80556,36.591554],[120.845394,36.61056],[120.877969,36.600045],[120.900504,36.562262],[120.955956,36.559142],[120.976076,36.540424],[120.944171,36.489231],[120.961777,36.476857],[120.942233,36.459164],[120.910777,36.455825],[120.887464,36.377565],[120.850982,36.384627],[120.858748,36.422952],[120.835163,36.436711],[120.84431,36.451142],[120.830047,36.466902],[120.743962,36.460698],[120.708552,36.419797],[120.689688,36.393602],[120.692365,36.366497],[120.727744,36.345613],[120.723184,36.330721],[120.665071,36.338364],[120.649225,36.322159],[120.660024,36.30063],[120.644097,36.292057],[120.651778,36.272525],[120.675181,36.276836],[120.667968,36.236766],[120.687359,36.200668],[120.687545,36.153305],[120.633955,36.120175],[120.616993,36.127021],[120.601989,36.106667],[120.543481,36.116015],[120.494648,36.08921],[120.471183,36.094038],[120.420871,36.057142],[120.379158,36.060583],[120.358226,36.048311],[120.30933,36.061723],[120.309769,36.094326],[120.328953,36.133343],[120.365493,36.174874],[120.363144,36.193939],[120.321913,36.227187],[120.309494,36.253762],[120.281551,36.216631],[120.306019,36.185815],[120.255377,36.201627],[120.22002,36.194887],[120.219333,36.221192],[120.127658,36.180061],[120.125839,36.140781],[120.100433,36.125644],[120.10625,36.100217],[120.146682,36.09086],[120.186992,36.061737],[120.228579,36.062213],[120.231505,36.012152],[120.271398,35.994467],[120.284193,36.015328],[120.305201,36.012507],[120.30085,35.983658],[120.287596,35.970138],[120.252894,35.966623],[120.187541,35.899589],[120.168789,35.903584],[120.192848,35.933112],[120.170322,35.935687],[120.150003,35.909381],[120.099872,35.904312],[120.056054,35.874159],[120.024022,35.807364],[120.038626,35.780815],[120.008098,35.719284],[119.985302,35.727699],[119.954568,35.763642],[119.930812,35.768013],[119.910166,35.754402],[119.908415,35.739596],[119.937298,35.708494],[119.906251,35.682808],[119.91551,35.637284],[119.89095,35.634543],[119.868414,35.612538],[119.813811,35.642621],[119.763262,35.582703],[119.749432,35.588848],[119.749298,35.620189],[119.723207,35.623996],[119.658466,35.581824],[119.598565,35.462578],[119.578907,35.45485],[119.56429,35.376446],[119.536104,35.377947],[119.534359,35.345665],[119.457064,35.315261],[119.444156,35.291229],[119.409373,35.271693],[119.376812,35.130221],[119.390775,35.128489],[119.383444,35.09906],[119.229537,35.058777],[119.21414,35.041311],[119.198016,34.962248],[119.20215,34.88117],[119.190317,34.831342],[119.24351,34.784192],[119.264308,34.796074],[119.32655,34.762098],[119.448493,34.748203],[119.498822,34.728146],[119.449527,34.675272],[119.524643,34.619699],[119.537197,34.631265],[119.560393,34.593958],[119.63849,34.562154],[119.650229,34.528896],[119.640695,34.514795],[119.715217,34.525452],[119.767366,34.5044],[119.79217,34.483716],[119.791193,34.466062],[120.008778,34.425222],[120.090034,34.377151],[120.081678,34.367332],[120.098325,34.37185],[120.187474,34.3402],[120.276552,34.295534],[120.300904,34.169352],[120.325503,34.118705],[120.302664,34.105867],[120.315494,34.109909],[120.364244,34.051578],[120.4823,33.828706],[120.476645,33.816325],[120.526883,33.775187],[120.56595,33.688716],[120.575641,33.642355],[120.537388,33.618632],[120.570993,33.633161],[120.581464,33.626306],[120.579991,33.594213],[120.553021,33.578763],[120.597054,33.509777],[120.650969,33.501578],[120.651257,33.478418],[120.677522,33.469383],[120.692128,33.425246],[120.706082,33.424641],[120.721039,33.357052],[120.755378,33.315956],[120.794744,33.224948],[120.829098,33.231581],[120.835941,33.187254],[120.82174,33.18139],[120.861744,33.093241],[120.860955,33.055853],[120.842119,33.055895],[120.881654,33.010908],[120.902391,33.021276],[120.922108,32.911191],[120.936464,32.881001],[120.968798,32.876002],[120.946127,32.722597],[120.907213,32.720267],[120.895548,32.687206],[120.944324,32.687522],[120.970615,32.635323],[120.951242,32.613275],[121.015279,32.602778],[121.039828,32.589019],[121.027528,32.566378],[121.196259,32.502074],[121.186865,32.476401],[121.206541,32.46706],[121.22212,32.48356],[121.260675,32.470638],[121.247736,32.45666],[121.28281,32.44796],[121.291213,32.460522],[121.413287,32.403175],[121.415661,32.324459],[121.436843,32.307134],[121.436268,32.277928],[121.457903,32.239211],[121.483203,32.231983],[121.468798,32.210325],[121.380152,32.214606],[121.360956,32.20257],[121.411103,32.197684],[121.41155,32.175556],[121.453368,32.152301],[121.488372,32.168018],[121.507734,32.149848],[121.440268,32.138691],[121.517932,32.136364],[121.51322,32.1125],[121.564564,32.095835],[121.573907,32.112143],[121.600018,32.102953],[121.595474,32.083538],[121.619139,32.076716],[121.627959,32.099312],[121.675238,32.069011],[121.682879,32.083446],[121.725128,32.063583],[121.751453,32.040848],[121.732233,32.023901],[121.82656,31.958538],[121.931705,31.737033],[121.953827,31.736666],[121.948277,31.705726],[121.88312,31.690795],[121.878764,31.611921],[121.959841,31.549516],[121.978654,31.528963],[121.983262,31.498673],[121.953197,31.506583],[121.938602,31.479093],[121.900682,31.450558],[121.829696,31.439884],[121.713762,31.498331],[121.553429,31.545016],[121.345356,31.64411],[121.291624,31.692882],[121.245719,31.704922],[121.244379,31.727732],[121.213275,31.733689],[121.162666,31.789844],[121.216324,31.833574],[121.293216,31.866154],[121.386615,31.824557],[121.367264,31.848284],[121.289795,31.871572],[121.180206,31.827146],[121.098747,31.765061],[121.258118,31.652081],[121.313949,31.585772],[121.382355,31.545032],[121.335267,31.508766],[121.489165,31.416353],[121.510487,31.389581],[121.582733,31.372484],[121.680147,31.319022],[121.814342,31.17513],[121.918292,31.094988],[121.890451,31.075187],[121.939872,30.998357],[121.973408,30.920755],[121.972237,30.893382],[121.96059,30.877841],[121.887817,30.848762],[121.654819,30.845394],[121.42725,30.769745],[121.33087,30.698193],[121.274768,30.694376],[121.154976,30.633503],[121.144795,30.604389],[121.080731,30.591422],[121.002995,30.5558],[120.945105,30.504844],[120.933182,30.478727],[120.945567,30.419735],[120.914683,30.416966],[120.908721,30.372704],[121.073772,30.26901],[121.091868,30.280359],[121.072897,30.311998],[121.144972,30.365981],[121.160339,30.33001],[121.181169,30.336664],[121.175345,30.361813],[121.265724,30.36933],[121.270975,30.404436],[121.333926,30.383138],[121.373916,30.358406],[121.362288,30.342129],[121.4645,30.275001],[121.517895,30.219516],[121.629624,30.055645],[121.649875,30.068391],[121.677875,30.016364],[121.674878,30.001158],[121.914795,29.921185],[121.935705,29.890537],[122.058028,29.887447],[122.117463,29.907786],[122.133478,29.90027],[122.138096,29.881178],[122.02345,29.823686],[122.025258,29.792815],[121.997042,29.766873],[121.889108,29.740732],[121.885999,29.716967],[121.77554,29.652013],[121.698629,29.560987],[121.616851,29.550082],[121.584929,29.520495],[121.552643,29.529432],[121.526246,29.507869],[121.517007,29.528152],[121.455349,29.513635],[121.461377,29.498746],[121.439518,29.475128],[121.442581,29.414569],[121.468501,29.42164],[121.475606,29.466255],[121.509983,29.491265],[121.529009,29.468623],[121.51347,29.419947],[121.487742,29.411368],[121.494808,29.397163],[121.513882,29.40148],[121.543497,29.452398],[121.569119,29.471949],[121.724728,29.541306],[121.746919,29.528625],[121.762973,29.536675],[121.759459,29.501263],[121.77229,29.469396],[121.801728,29.475167],[121.818813,29.495989],[121.825937,29.547328],[121.742806,29.545014],[121.794457,29.605346],[121.875198,29.616234],[121.928699,29.643221],[121.975732,29.614298],[121.979288,29.545117],[121.955562,29.511539],[121.955998,29.477379],[121.975874,29.467941],[121.962207,29.420456],[121.925224,29.385966],[121.923711,29.355138],[121.941436,29.338487],[121.928062,29.322858],[121.924969,29.285842],[121.951632,29.284611],[121.966788,29.263885],[121.933836,29.195556],[121.845621,29.160621],[121.805133,29.159515],[121.781708,29.174112],[121.801993,29.301756],[121.819114,29.310514],[121.820803,29.330501],[121.797896,29.333069],[121.805623,29.371264],[121.773247,29.363566],[121.788117,29.346344],[121.781863,29.27588],[121.747484,29.150472],[121.704955,29.132382],[121.627057,29.18795],[121.603073,29.232468],[121.600169,29.266772],[121.574461,29.256677],[121.581873,29.229673],[121.534015,29.222626],[121.52496,29.188231],[121.598323,29.155207],[121.603787,29.140489],[121.568211,29.135359],[121.497876,29.153704],[121.484821,29.167916],[121.465792,29.154286],[121.452578,29.167728],[121.43713,29.162635],[121.49924,29.137949],[121.503622,29.124016],[121.641514,29.104291],[121.630114,29.042116],[121.543316,29.051713],[121.528011,29.011401],[121.557504,29.011915],[121.550443,29.045797],[121.627068,29.037304],[121.648498,29.052005],[121.676017,29.042331],[121.682369,28.990794],[121.665917,28.976679],[121.702715,28.95745],[121.707567,28.93369],[121.693618,28.914843],[121.651378,28.899038],[121.56296,28.932939],[121.549006,28.904848],[121.616081,28.905394],[121.651214,28.884808],[121.643746,28.861146],[121.673007,28.86267],[121.687788,28.805384],[121.664956,28.726801],[121.634344,28.704999],[121.568355,28.6915],[121.450592,28.694673],[121.538659,28.654385],[121.557347,28.632887],[121.624449,28.523592],[121.603408,28.490141],[121.580223,28.495248],[121.606219,28.482663],[121.623906,28.494111],[121.657803,28.470113],[121.656762,28.456379],[121.61031,28.471294],[121.595218,28.4301],[121.637423,28.41378],[121.645907,28.397531],[121.64462,28.371229],[121.624518,28.360448],[121.628323,28.341641],[121.651116,28.345163],[121.640354,28.289369],[121.593357,28.250454],[121.582065,28.257283],[121.578222,28.301755],[121.509749,28.331103],[121.459905,28.327268],[121.460807,28.304646],[121.443666,28.294796],[121.439694,28.266576],[121.422599,28.258676],[121.402994,28.213847],[121.376442,28.207962],[121.36882,28.194024],[121.385214,28.176084],[121.358935,28.139342],[121.322498,28.14003],[121.281059,28.081996],[121.237316,28.082093],[121.217463,28.055652],[121.182427,28.04367],[121.147262,28.054883],[121.129551,28.136544],[121.200135,28.170541],[121.208645,28.197303],[121.194266,28.217304],[121.211134,28.258078],[121.238255,28.280137],[121.203097,28.389488],[121.170236,28.387526],[121.184399,28.357814],[121.146918,28.342406],[121.117813,28.2753],[121.13157,28.244489],[121.09179,28.146072],[121.074463,28.153344],[121.023939,28.111383],[121.006733,28.090874],[121.011391,28.037176],[120.997491,28.008596],[120.941239,27.973569],[120.971513,27.940135],[120.940323,27.903431],[120.894939,27.942241],[120.867703,27.932085],[120.911721,27.879576],[120.831326,27.76875],[120.774857,27.801523],[120.737883,27.73931],[120.745663,27.721706],[120.721307,27.707975],[120.699097,27.711858],[120.672254,27.621199],[120.647911,27.591135],[120.600888,27.590141],[120.63836,27.556623],[120.679807,27.465542],[120.653202,27.449395],[120.638488,27.405572],[120.648164,27.371738],[120.629178,27.364317],[120.620207,27.380753],[120.583743,27.383929],[120.547248,27.406423],[120.539782,27.387859],[120.555883,27.370899],[120.531966,27.358311],[120.525369,27.326184],[120.555532,27.309712],[120.548751,27.283885],[120.524869,27.263665],[120.532968,27.244732],[120.474753,27.167389],[120.462312,27.177217],[120.453933,27.222854],[120.430943,27.213877],[120.423117,27.186306],[120.434348,27.172025],[120.423139,27.169614],[120.385555,27.20668],[120.399426,27.228499],[120.387696,27.237453],[120.350513,27.245523],[120.303413,27.23066],[120.293795,27.259239],[120.305403,27.273377],[120.287193,27.294376],[120.276868,27.275248],[120.23145,27.251903],[120.213541,27.28279],[120.192076,27.27905],[120.201885,27.252394],[120.187894,27.214315],[120.200062,27.207017],[120.212241,27.243746],[120.262783,27.255165],[120.312725,27.209496],[120.355854,27.239791],[120.37742,27.221081],[120.375933,27.19477],[120.411657,27.143052],[120.368118,27.114455],[120.373904,27.091973],[120.31724,27.103519],[120.276936,27.092379],[120.278989,27.054458],[120.256067,27.062686],[120.247671,27.036867],[120.265696,27.027373],[120.262627,26.991767],[120.178932,26.973436],[120.187614,26.956774],[120.242259,26.965955],[120.22974,26.917367],[120.140197,26.931615],[120.10857,26.923801],[120.114575,26.893535],[120.093131,26.876187],[120.052912,26.891489],[120.06861,26.82223],[120.093885,26.792274],[120.117359,26.791796],[120.092509,26.757948],[120.138074,26.712353],[120.111914,26.708172],[120.099908,26.691936],[120.126718,26.642133],[120.092041,26.617967],[120.057684,26.630618],[120.012166,26.605859],[119.960092,26.610578],[119.929208,26.582456],[119.940906,26.565513],[119.931184,26.552015],[119.908132,26.547639],[119.88193,26.516638],[119.845649,26.519688],[119.834369,26.550519],[119.864687,26.599458],[119.901529,26.625696],[119.93912,26.613208],[119.960704,26.630974],[119.979005,26.70396],[120.006473,26.711002],[120.017268,26.73674],[120.036213,26.739099],[120.080159,26.783517],[120.076143,26.800496],[119.973281,26.782223],[119.93603,26.792604],[119.918732,26.776444],[119.926234,26.734921],[119.891983,26.698934],[119.897581,26.66244],[119.867035,26.648041],[119.870501,26.672782],[119.8515,26.691671],[119.804001,26.688503],[119.786735,26.708272],[119.806972,26.727289],[119.793055,26.753356],[119.822443,26.788954],[119.778409,26.796767],[119.787999,26.81702],[119.845819,26.853029],[119.787561,26.835766],[119.763194,26.802863],[119.765675,26.754045],[119.742222,26.734258],[119.701276,26.81306],[119.689306,26.784193],[119.707131,26.748718],[119.736017,26.727881],[119.73036,26.710451],[119.696694,26.707674],[119.659503,26.751296],[119.619314,26.757089],[119.619571,26.799692],[119.585622,26.786388],[119.577044,26.757571],[119.649578,26.74247],[119.637931,26.737228],[119.651488,26.712534],[119.623495,26.706577],[119.634056,26.688268],[119.607843,26.650212],[119.584091,26.654601],[119.547077,26.629169],[119.606988,26.587855],[119.633974,26.607646],[119.731355,26.614156],[119.786105,26.576318],[119.79613,26.55226],[119.773918,26.564745],[119.776201,26.518172],[119.817323,26.469068],[119.820339,26.44086],[119.802674,26.441266],[119.792352,26.417868],[119.765107,26.408562],[119.770419,26.439894],[119.715802,26.448283],[119.671412,26.4763],[119.637469,26.482857],[119.603126,26.455402],[119.632022,26.438968],[119.645838,26.445965],[119.667653,26.417785],[119.659019,26.399049],[119.677178,26.344897],[119.744816,26.364414],[119.820376,26.423313],[119.845123,26.414133],[119.872524,26.374754],[119.858033,26.351161],[119.925174,26.360021],[119.922856,26.342432],[119.882102,26.323642],[119.845487,26.334758],[119.724395,26.27776],[119.644872,26.272115],[119.6674,26.237156],[119.653119,26.206365],[119.601975,26.17785],[119.605059,26.140455],[119.564205,26.133807],[119.515102,26.082191],[119.50498,26.041845],[119.529591,26.073261],[119.543653,26.072485],[119.557946,26.051613],[119.594062,26.04887],[119.612683,26.033263],[119.672253,26.016752],[119.699828,26.025083],[119.713086,26.000389],[119.679363,25.908229],[119.650409,25.91013],[119.620285,25.892411],[119.608345,25.826111],[119.632258,25.752324],[119.604005,25.732669],[119.595312,25.690727],[119.519246,25.690119],[119.463129,25.656251],[119.476657,25.627796],[119.535239,25.625304],[119.530155,25.583936],[119.605446,25.567554],[119.613569,25.539208],[119.594832,25.525666],[119.605397,25.469813],[119.633713,25.464902],[119.609154,25.438232],[119.651685,25.424231],[119.657522,25.374214],[119.607804,25.346597],[119.579586,25.376576],[119.587234,25.403421],[119.574665,25.435251],[119.585052,25.452733],[119.561378,25.461246],[119.534424,25.436149],[119.571622,25.402378],[119.540699,25.374887],[119.520065,25.382722],[119.483208,25.43059],[119.498418,25.458802],[119.445283,25.455465],[119.454329,25.506604],[119.421133,25.492853],[119.39709,25.500254],[119.40161,25.513947],[119.34605,25.528952],[119.326981,25.482951],[119.346245,25.435808],[119.343404,25.411434],[119.292911,25.41327],[119.257273,25.434188],[119.257439,25.499949],[119.224188,25.477154],[119.206442,25.480809],[119.227534,25.44919],[119.191414,25.425491],[119.169424,25.452709],[119.145305,25.429768],[119.136042,25.39266],[119.120492,25.408593],[119.134198,25.385449],[119.210929,25.36281],[119.237788,25.306556],[119.257043,25.323257],[119.2768,25.312005],[119.288977,25.321068],[119.372744,25.266082],[119.346821,25.248447],[119.286414,25.235824],[119.300117,25.19152],[119.268763,25.179083],[119.236485,25.192231],[119.177756,25.182819],[119.144087,25.209767],[119.14202,25.240669],[119.110633,25.217175],[119.109864,25.179398],[119.159245,25.137185],[119.102969,25.111698],[119.065973,25.109654],[119.033569,25.127506],[119.02351,25.157667],[119.030584,25.173485],[119.053585,25.16611],[119.070583,25.209591],[119.05551,25.224562],[118.992321,25.210547],[118.970352,25.234793],[119.026342,25.269773],[119.018228,25.285946],[118.949909,25.27512],[118.905806,25.260381],[118.911377,25.250392],[118.871056,25.244519],[118.906419,25.243755],[118.935598,25.226131],[118.938083,25.206433],[118.962368,25.210918],[118.9795,25.169999],[118.936721,25.143298],[118.951793,25.113983],[118.861974,25.089287],[118.998103,25.005356],[118.983688,25.000671],[118.985961,24.975004],[119.007431,24.955309],[118.987429,24.945609],[118.977859,24.962392],[118.913443,24.961043],[118.900389,24.945128],[118.909648,24.915239],[118.951889,24.885498],[118.976405,24.899336],[118.982359,24.880972],[118.873519,24.897021],[118.770786,24.856594],[118.698578,24.851446],[118.681344,24.937154],[118.672214,24.909413],[118.687774,24.882158],[118.677802,24.858821],[118.645507,24.854851],[118.638082,24.834495],[118.650128,24.807281],[118.664897,24.791678],[118.718714,24.791835],[118.740906,24.770647],[118.751767,24.780528],[118.779563,24.772479],[118.773351,24.74634],[118.6994,24.668392],[118.657626,24.688189],[118.646268,24.638127],[118.658024,24.619614],[118.678662,24.630006],[118.682724,24.607991],[118.631129,24.547374],[118.569653,24.517886],[118.569402,24.581788],[118.471901,24.631329],[118.443439,24.627774],[118.44695,24.666921],[118.433198,24.671035],[118.433297,24.625137],[118.420197,24.606233],[118.360491,24.578633],[118.293029,24.583784],[118.282997,24.563714],[118.232289,24.529638],[118.190509,24.565403],[118.190512,24.618014],[118.178097,24.628925],[118.202441,24.649762],[118.183665,24.661286],[118.164127,24.628749],[118.145476,24.631226],[118.09992,24.566656],[118.063485,24.569189],[118.02923,24.544395],[118.067746,24.505959],[118.033983,24.474066],[118.041404,24.441074],[117.911308,24.478753],[117.913541,24.460443],[117.894254,24.433088],[117.906112,24.393801],[118.017433,24.415406],[118.061704,24.410568],[118.067865,24.391085],[118.051228,24.381827],[118.052596,24.354801],[118.096419,24.360611],[118.133291,24.307684],[118.121998,24.269956],[118.095169,24.250304],[118.07197,24.253519],[117.987921,24.18603],[117.979684,24.160933],[117.951415,24.159517],[117.896529,24.08818],[117.892139,24.026158],[117.849659,24.031315],[117.809114,24.000533],[117.775629,23.95865],[117.768243,23.919423],[117.742528,23.905569],[117.731601,23.938372],[117.756918,23.954611],[117.772857,23.989697],[117.768537,24.007161],[117.714121,24.03042],[117.690481,23.982606],[117.70784,23.951035],[117.654786,23.920888],[117.633087,23.887495],[117.623725,23.829576],[117.641739,23.793841],[117.591854,23.737228],[117.584921,23.764751],[117.607703,23.795829],[117.594433,23.810542],[117.600442,23.867906],[117.543169,23.906247],[117.433523,23.943544],[117.409027,23.941489],[117.41488,23.922455],[117.472402,23.912336],[117.504194,23.865658],[117.467869,23.817657],[117.473959,23.798484],[117.440001,23.76475],[117.395951,23.787516],[117.343325,23.753637],[117.274505,23.735491],[117.280353,23.678426],[117.266988,23.675578],[117.275529,23.627268],[117.255625,23.624534],[117.244162,23.605027],[117.229872,23.608051],[117.238967,23.662041],[117.21766,23.653272],[117.222129,23.62418],[117.146342,23.598166],[117.089125,23.550504],[117.074297,23.619207],[117.020501,23.613562],[116.985044,23.631612],[116.941656,23.604457],[116.942703,23.582433],[116.911923,23.569696],[116.911982,23.552224],[116.895576,23.544073],[116.859561,23.479217],[116.874439,23.468784],[116.871082,23.450252],[116.774549,23.324523],[116.714133,23.354753],[116.64392,23.350841],[116.566407,23.394868],[116.555706,23.377113],[116.572217,23.334159],[116.638085,23.327757],[116.677471,23.343606],[116.718991,23.324384],[116.734312,23.334981],[116.76961,23.294373],[116.782511,23.238675],[116.805442,23.239369],[116.790464,23.21195],[116.738053,23.247734],[116.700942,23.237928],[116.661299,23.197749],[116.648821,23.166144],[116.604233,23.193853],[116.569633,23.176303],[116.5347,23.119627],[116.552922,23.086479],[116.547307,23.054238],[116.561381,23.021651],[116.547611,23.001182],[116.530369,23.005485],[116.516306,22.991359],[116.503328,22.943204],[116.457828,22.949557],[116.381333,22.928894],[116.310832,22.962049],[116.274801,22.953953],[116.219653,22.919769],[116.13504,22.838016],[116.095172,22.820636],[116.074626,22.848157],[116.035881,22.847546],[115.981381,22.828483],[115.955175,22.801936],[115.929585,22.808413],[115.904038,22.79121],[115.876356,22.796447],[115.81962,22.740347],[115.797686,22.758137],[115.802257,22.794598],[115.770773,22.839623],[115.697828,22.850163],[115.698657,22.872295],[115.66114,22.87656],[115.585465,22.841562],[115.529341,22.77381],[115.521666,22.753549],[115.548537,22.717048],[115.562586,22.740097],[115.583946,22.731043],[115.56146,22.711208],[115.557413,22.669206],[115.468996,22.703382],[115.382249,22.689367],[115.339221,22.732851],[115.367171,22.753681],[115.348483,22.777052],[115.300728,22.794235],[115.241299,22.786794],[115.233367,22.804121],[115.252765,22.820099],[115.235582,22.83144],[115.212732,22.834863],[115.046271,22.783312],[115.017277,22.727015],[115.020426,22.705882],[114.983562,22.6907],[114.950697,22.70781],[114.951521,22.7406],[114.904053,22.749213],[114.881367,22.771642],[114.860604,22.758673],[114.872911,22.731731],[114.895856,22.714761],[114.915009,22.72464],[114.96877,22.678987],[114.925486,22.643527],[114.903329,22.604388],[114.900376,22.577948],[114.915327,22.560768],[114.887067,22.550708],[114.886184,22.600096],[114.750055,22.598956],[114.746564,22.640059],[114.729393,22.654902],[114.750412,22.687676],[114.73805,22.708746],[114.743034,22.74211],[114.824769,22.791741],[114.795205,22.827781],[114.779457,22.825139],[114.764314,22.785763],[114.735913,22.777343],[114.702469,22.79357],[114.574018,22.729343],[114.575414,22.692471],[114.530029,22.70013],[114.507461,22.666748],[114.551062,22.650791],[114.576038,22.658621],[114.581784,22.638305],[114.576711,22.617703],[114.543674,22.59467],[114.506845,22.591768],[114.498553,22.557516],[114.517643,22.55259],[114.526648,22.568691],[114.549314,22.568045],[114.622756,22.513091],[114.558332,22.477482],[114.544103,22.484747],[114.515631,22.452017],[114.482186,22.470609],[114.485929,22.536883],[114.458723,22.570394],[114.440418,22.571003],[114.425597,22.602611],[114.388276,22.614702],[114.345542,22.600224],[114.327178,22.605695],[114.299648,22.591368],[114.296831,22.573162],[114.274858,22.566386],[114.265876,22.575785],[114.225782,22.545544],[114.26136,22.546612],[114.334631,22.510369],[114.253964,22.452455],[114.231402,22.47226],[114.210977,22.469749],[114.192836,22.45092],[114.218766,22.406544],[114.228391,22.427895],[114.288337,22.426197],[114.278083,22.44528],[114.32348,22.47648],[114.346928,22.435544],[114.354268,22.448753],[114.394392,22.43848],[114.397203,22.422998],[114.370893,22.399814],[114.390715,22.387655],[114.391716,22.368602],[114.37739,22.374654],[114.371855,22.353756],[114.352077,22.347644],[114.331056,22.363625],[114.332982,22.376533],[114.276827,22.391826],[114.255871,22.355824],[114.277741,22.319403],[114.31044,22.302811],[114.273736,22.263012],[114.270956,22.289702],[114.257154,22.301201],[114.243647,22.286108],[114.213421,22.315552],[114.196002,22.320777],[114.191732,22.301816],[114.174858,22.292992],[114.15365,22.32274],[114.141931,22.315319],[114.126737,22.328461],[114.099258,22.368482],[114.026835,22.355127],[113.976522,22.38162],[113.946419,22.36478],[113.915099,22.375132],[113.913306,22.418318],[113.973544,22.455455],[113.998322,22.489013],[114.02392,22.483818],[114.028538,22.506015],[114.057029,22.50525],[114.030394,22.50671],[114.00379,22.52892],[113.952121,22.521853],[113.947737,22.491231],[113.931226,22.479897],[113.916894,22.487613],[113.898881,22.46561],[113.871672,22.474314],[113.862732,22.51616],[113.880902,22.52554],[113.88237,22.543375],[113.849254,22.555692],[113.823359,22.608384],[113.804174,22.612867],[113.771697,22.670221],[113.757094,22.739075],[113.722336,22.752656],[113.683751,22.744037],[113.661612,22.68652],[113.695563,22.58388],[113.675506,22.597669],[113.634512,22.562996],[113.612384,22.596057],[113.590273,22.599225],[113.621331,22.55365],[113.625575,22.505295],[113.58563,22.499824],[113.580294,22.427095],[113.562457,22.415621],[113.564758,22.391465],[113.624254,22.371577],[113.614209,22.349079],[113.589793,22.338761],[113.601838,22.315591],[113.579901,22.31231],[113.583685,22.242772],[113.551304,22.215623],[113.558312,22.187113],[113.533296,22.179406],[113.534653,22.207367],[113.524968,22.182164],[113.547642,22.141411],[113.540474,22.084539],[113.455425,22.051853],[113.430478,22.050376],[113.411944,22.065156],[113.390559,22.027846],[113.401901,22.015638],[113.365511,21.989786],[113.344617,22.007215],[113.308198,22.003154],[113.270913,22.050225],[113.253883,22.041596],[113.239592,21.993935],[113.27443,21.944944],[113.286268,21.899367],[113.261281,21.875079],[113.218279,21.90358],[113.216928,21.927486],[113.176581,21.963583],[113.108758,22.058939],[113.107791,22.208953],[113.085671,22.206678],[113.083372,22.146372],[113.059179,22.118434],[113.03072,22.13887],[113.01577,22.118406],[113.029291,21.949965],[112.994215,21.924818],[112.982367,21.891213],[112.936278,21.872284],[112.927707,21.855615],[112.897882,21.856275],[112.890913,21.88273],[112.867359,21.893897],[112.852642,21.921185],[112.856294,21.93845],[112.829976,21.95737],[112.762731,21.934185],[112.74467,21.914887],[112.748699,21.894738],[112.7079,21.889347],[112.649975,21.824549],[112.644732,21.786373],[112.564964,21.754798],[112.413852,21.823782],[112.401871,21.735794],[112.260155,21.702089],[112.232252,21.737144],[112.200937,21.744701],[112.182867,21.804915],[112.064218,21.781532],[112.020828,21.789518],[112.054427,21.773784],[111.991586,21.753009],[111.911818,21.692648],[111.91841,21.667623],[111.943047,21.647694],[111.959351,21.658403],[112.016725,21.645092],[112.004629,21.62018],[111.958586,21.605122],[111.938975,21.612811],[111.863186,21.56768],[111.824358,21.562057],[111.825633,21.593123],[111.851939,21.626788],[111.839923,21.653309],[111.891884,21.645311],[111.918041,21.668219],[111.901394,21.679207],[111.864621,21.66908],[111.831408,21.686302],[111.790042,21.733163],[111.722091,21.761524],[111.716325,21.744758],[111.807934,21.69645],[111.801104,21.6537],[111.778941,21.632139],[111.782297,21.618445],[111.727408,21.612828],[111.687002,21.591539],[111.671004,21.570497],[111.667462,21.530504],[111.640024,21.523281],[111.617773,21.541523],[111.54493,21.507657],[111.527212,21.525046],[111.477544,21.504279],[111.455393,21.523047],[111.452542,21.560778],[111.429308,21.574633],[111.447083,21.530757],[111.378512,21.506259],[111.257296,21.41533],[111.256059,21.438676],[111.288491,21.474825],[111.268595,21.499606],[111.229907,21.479521],[111.104249,21.458891],[111.049469,21.508241],[111.042257,21.489729],[111.084899,21.46857],[110.990869,21.423741],[110.934806,21.418431],[110.89155,21.387078],[110.830636,21.384711],[110.814876,21.398646],[110.781464,21.398216],[110.743947,21.378861],[110.67924,21.306931],[110.65104,21.247646],[110.639548,21.254224],[110.637054,21.233849],[110.613487,21.21953],[110.558275,21.222387],[110.536119,21.21002],[110.487595,21.22205],[110.427475,21.200747],[110.440914,21.234416],[110.426004,21.265412],[110.422413,21.354614],[110.372537,21.413208],[110.399904,21.371667],[110.411587,21.315271],[110.414515,21.290739],[110.399235,21.261292],[110.423119,21.236429],[110.403836,21.145891],[110.386974,21.131337],[110.376166,21.143013],[110.330221,21.104878],[110.330652,21.072809],[110.407027,21.095166],[110.428107,21.054868],[110.481175,21.05906],[110.516606,21.078383],[110.550221,21.063884],[110.526928,20.925112],[110.503631,20.927529],[110.464751,20.996243],[110.427856,20.992996],[110.415145,21.002801],[110.338322,20.992043],[110.306005,20.97205],[110.199882,20.947494],[110.211653,20.985765],[110.274673,21.030615],[110.298402,21.064929],[110.304738,21.086268],[110.293379,21.099187],[110.258218,21.067328],[110.256855,21.033105],[110.23733,21.02807],[110.209669,21.047787],[110.193752,21.029195],[110.200233,21.013618],[110.165771,20.985774],[110.166219,20.92885],[110.205119,20.850192],[110.219731,20.861199],[110.319272,20.854195],[110.338743,20.849713],[110.352938,20.827999],[110.385033,20.821691],[110.401778,20.765564],[110.390158,20.718979],[110.362628,20.707339],[110.333198,20.741828],[110.326027,20.725853],[110.338297,20.714539],[110.339555,20.667686],[110.371054,20.659502],[110.392433,20.669441],[110.408661,20.659276],[110.465265,20.679565],[110.48778,20.621739],[110.48684,20.583341],[110.442358,20.581218],[110.437681,20.624892],[110.422277,20.610182],[110.425215,20.582612],[110.451862,20.567657],[110.472305,20.58004],[110.530428,20.482071],[110.519784,20.435222],[110.440303,20.330824],[110.406455,20.30551],[110.375359,20.308929],[110.316659,20.261556],[110.20542,20.270586],[110.184048,20.237546],[110.132207,20.240127],[110.114421,20.263567],[110.068898,20.272163],[110.057503,20.291438],[110.014081,20.269114],[109.971146,20.270917],[109.925932,20.217582],[109.905845,20.22276],[109.935504,20.28988],[109.916608,20.349763],[109.877385,20.362518],[109.860913,20.411521],[109.898727,20.416641],[109.906426,20.436094],[109.944116,20.413639],[109.974228,20.4193],[109.94454,20.4183],[109.916072,20.439561],[109.90364,20.487807],[109.830806,20.502731],[109.816984,20.53749],[109.838004,20.554114],[109.816884,20.600541],[109.775272,20.639073],[109.763644,20.627565],[109.741313,20.636827],[109.747024,20.677288],[109.76047,20.678144],[109.77389,20.704758],[109.746523,20.742023],[109.762346,20.786519],[109.751491,20.811405],[109.725447,20.795188],[109.674453,20.869378],[109.664716,20.936889],[109.706334,21.069279],[109.673435,21.117594],[109.734751,21.191969],[109.75206,21.190819],[109.769033,21.213113],[109.768146,21.354536],[109.789515,21.346802],[109.913048,21.359031],[109.897401,21.374006],[109.908502,21.415543],[109.934251,21.434863],[109.922921,21.431542],[109.905398,21.453456],[109.829418,21.452253],[109.792738,21.47044],[109.793153,21.50599],[109.746586,21.579512],[109.763374,21.502822],[109.754061,21.459984],[109.673632,21.501807],[109.658752,21.524473],[109.674922,21.567008],[109.673677,21.610524],[109.63765,21.590461],[109.633719,21.571876],[109.609596,21.578745],[109.595467,21.631415],[109.578567,21.63778],[109.581895,21.655827],[109.563919,21.666986],[109.554413,21.697683],[109.56094,21.716022],[109.600241,21.738133],[109.593985,21.761346],[109.575041,21.737454],[109.547884,21.736716],[109.530963,21.716641],[109.522812,21.692945],[109.536272,21.655667],[109.468326,21.666152],[109.53204,21.645713],[109.583399,21.586121],[109.570798,21.536625],[109.543259,21.506524],[109.557487,21.493473],[109.549808,21.477972],[109.519259,21.49071],[109.450426,21.458941],[109.339868,21.451382],[109.32783,21.484825],[109.328697,21.467365],[109.301163,21.442874],[109.253252,21.430782],[109.234227,21.45904],[109.221821,21.420501],[109.158623,21.402479],[109.042916,21.450587],[109.071621,21.478925],[109.142288,21.50012],[109.161217,21.517449],[109.167736,21.540229],[109.150306,21.578253],[109.096458,21.584831],[109.017804,21.617218],[108.965467,21.596902],[108.907345,21.619507],[108.905519,21.638872],[108.850657,21.684518],[108.863364,21.704306],[108.863544,21.742889],[108.886371,21.738544],[108.937844,21.764466],[108.865584,21.751099],[108.856093,21.765095],[108.839269,21.684273],[108.845973,21.648122],[108.866409,21.640366],[108.86491,21.625543],[108.832268,21.620469],[108.810563,21.638234],[108.731372,21.617843],[108.725858,21.667283],[108.697729,21.713135],[108.675905,21.670482],[108.648558,21.666121],[108.639298,21.694422],[108.591273,21.713332],[108.590429,21.764759],[108.561696,21.789609],[108.611558,21.845659],[108.599976,21.865141],[108.579533,21.868878],[108.573579,21.890266],[108.536373,21.897275],[108.471677,21.847452],[108.507134,21.796669],[108.503677,21.762881],[108.516669,21.769914],[108.530984,21.751167],[108.523694,21.727832],[108.503346,21.730293],[108.502452,21.754184],[108.483979,21.738696],[108.517445,21.707694],[108.540627,21.728019],[108.572015,21.686474],[108.520695,21.59778],[108.475655,21.581113],[108.474902,21.558811],[108.426053,21.55471],[108.40133,21.539508],[108.374566,21.53957],[108.380842,21.574671],[108.398154,21.574682],[108.393018,21.598351],[108.419559,21.608436],[108.417744,21.632758],[108.455928,21.655969],[108.433579,21.678645],[108.391927,21.662094],[108.374597,21.670647],[108.387097,21.656238],[108.366479,21.638925],[108.374521,21.624976],[108.353082,21.556328],[108.335945,21.566072],[108.326146,21.603098],[108.365459,21.675157],[108.344537,21.685483],[108.314346,21.667992],[108.323869,21.648488],[108.310856,21.597039],[108.323514,21.588075],[108.230777,21.505724],[108.22666,21.52745],[108.259377,21.575375],[108.250734,21.612179],[108.21532,21.625847],[108.204698,21.603129],[108.175608,21.599635],[108.175259,21.58375],[108.151992,21.578937],[108.140577,21.558887],[108.186308,21.531545],[108.146427,21.523211],[108.031269,21.549687],[107.964127,21.532866],[107.931175,21.582245],[107.897972,21.59413],[107.867409,21.647137],[107.839935,21.641283],[107.813339,21.658571],[107.686653,21.608183],[107.662674,21.614687],[107.601143,21.593046],[107.565918,21.610424],[107.534569,21.5895],[107.49231,21.600401],[107.482651,21.652027],[107.465416,21.662018],[107.427017,21.644276],[107.384315,21.596567],[107.360657,21.600979],[107.35939,21.657743],[107.302635,21.739975],[107.261559,21.726822],[107.243492,21.705656],[107.212219,21.713013],[107.183701,21.746019],[107.089554,21.805767],[107.013992,21.82197],[107.008179,21.85273],[107.057678,21.89612],[107.055946,21.91782],[107.023529,21.943851],[106.995628,21.950357],[106.955185,21.924994],[106.93206,21.93659],[106.922943,21.970484],[106.86145,21.988646],[106.810921,21.978767],[106.786751,22.007626],[106.762314,22.014431],[106.738327,22.01388],[106.70118,21.968124],[106.682472,21.980112],[106.677689,21.997787],[106.702988,22.024387],[106.714233,22.077272],[106.689316,22.139566],[106.703316,22.161476],[106.674675,22.181934],[106.6754,22.208759],[106.69928,22.221792],[106.690063,22.276274],[106.670395,22.285603],[106.656006,22.337156],[106.585701,22.338369],[106.560905,22.350658],[106.593224,22.392342],[106.566299,22.408892],[106.558578,22.462393],[106.57814,22.47764],[106.611923,22.609768],[106.628929,22.608181],[106.653229,22.578983],[106.722916,22.58436],[106.730576,22.600471],[106.719215,22.614153],[106.768158,22.709326],[106.759544,22.720415],[106.786186,22.753649],[106.784348,22.769096],[106.811317,22.77219],[106.831322,22.792608],[106.820999,22.816978],[106.764709,22.811504],[106.7631,22.828579],[106.719673,22.860386],[106.713211,22.884279],[106.671745,22.894268],[106.651016,22.867823],[106.602448,22.928598],[106.566193,22.924345],[106.522743,22.949501],[106.48632,22.904161],[106.45459,22.903246],[106.410019,22.879982],[106.370773,22.882767],[106.357544,22.858952],[106.283752,22.869795],[106.255806,22.888109],[106.266632,22.910105],[106.203369,22.981171],[106.150597,22.991068],[106.102936,22.983534],[106.082367,22.999039],[106.053352,22.987381],[106.016495,22.99324],[106.001297,22.981775],[106.003212,22.949329],[105.92347,22.948818],[105.886536,22.934948],[105.893631,22.919498],[105.875786,22.919909],[105.835892,22.990538],[105.802567,22.997583],[105.758781,23.034399],[105.738533,23.033695],[105.721115,23.064947],[105.687569,23.063887],[105.642319,23.083036],[105.622452,23.067255],[105.565277,23.071695],[105.555626,23.180735],[105.498764,23.205439],[105.442291,23.295433],[105.412468,23.286236],[105.365517,23.322109],[105.351135,23.369213],[105.328034,23.389029],[105.308014,23.382196],[105.276421,23.342121],[105.2547,23.336405],[105.235138,23.266945],[105.179039,23.28154],[105.112724,23.248703],[105.078888,23.262947],[105.000923,23.215708],[104.994621,23.19879],[104.961639,23.19795],[104.946381,23.155079],[104.910202,23.17872],[104.890869,23.174339],[104.871941,23.12636],[104.823753,23.110777],[104.806709,23.11927],[104.818352,23.035032],[104.862267,22.953613],[104.843857,22.929321],[104.776154,22.904053],[104.758507,22.86537],[104.730408,22.854977],[104.733345,22.825228],[104.671936,22.820154],[104.623138,22.837597],[104.610329,22.815792],[104.596809,22.822332],[104.594208,22.847799],[104.577408,22.849417],[104.525696,22.81715],[104.496643,22.777292],[104.420433,22.737724],[104.40052,22.705025],[104.367271,22.691631],[104.325409,22.725483],[104.268883,22.740686],[104.257881,22.779343],[104.272896,22.829401],[104.260689,22.842932],[104.121849,22.810596],[104.040871,22.72612],[104.008911,22.525251],[103.972107,22.50276],[103.849838,22.600201],[103.650398,22.796743],[103.622375,22.790493],[103.570549,22.720018],[103.572639,22.651861],[103.524185,22.598095],[103.458488,22.661968],[103.458626,22.681541],[103.430313,22.723122],[103.440514,22.761017],[103.370659,22.805038],[103.330872,22.812431],[103.28949,22.743248],[103.280251,22.682777],[103.22261,22.650145],[103.192444,22.651707],[103.16198,22.600061],[103.177971,22.560331],[103.081253,22.512259],[103.079369,22.454565],[103.027603,22.449064],[102.986832,22.481564],[102.934944,22.48875],[102.895561,22.536779],[102.87249,22.579145],[102.878502,22.595991],[102.862022,22.611359],[102.824387,22.630861],[102.787331,22.629131],[102.786736,22.650797],[102.764687,22.654078],[102.696449,22.705175],[102.65519,22.696486],[102.605629,22.734684],[102.580048,22.70833],[102.541069,22.758499],[102.500374,22.783194],[102.457603,22.761843],[102.455971,22.73847],[102.425591,22.695972],[102.389595,22.68651],[102.417931,22.643999],[102.352348,22.589418],[102.358231,22.568884],[102.326302,22.558136],[102.288818,22.512363],[102.28286,22.482164],[102.25486,22.460329],[102.267731,22.417374],[102.177986,22.433392],[102.147118,22.401087],[102.125175,22.440863],[102.038559,22.460983],[101.977226,22.430847],[101.9067,22.44034],[101.909943,22.40012],[101.9002,22.387478],[101.878098,22.387363],[101.828049,22.42181],[101.822823,22.459894],[101.772903,22.509176],[101.713806,22.48115],[101.671127,22.477953],[101.665726,22.435827],[101.646011,22.409334],[101.668457,22.368448],[101.647552,22.366085],[101.645393,22.329206],[101.624184,22.285675],[101.563004,22.272659],[101.546318,22.234203],[101.595207,22.164156],[101.601662,22.135117],[101.572685,22.118147],[101.624878,22.009111],[101.606049,21.967293],[101.665161,21.937386],[101.699898,21.941614],[101.698921,21.89987],[101.737572,21.873747],[101.743217,21.844139],[101.773048,21.834288],[101.74585,21.732704],[101.766129,21.718895],[101.778511,21.643503],[101.806252,21.646925],[101.827179,21.61986],[101.797325,21.57629],[101.7537,21.587547],[101.744347,21.578688],[101.771034,21.515827],[101.739639,21.485479],[101.749039,21.416628],[101.728867,21.339542],[101.749763,21.29343],[101.790253,21.288427],[101.833206,21.249575],[101.833046,21.20763],[101.793678,21.210901],[101.754684,21.145899],[101.701454,21.148708],[101.695229,21.171432],[101.665253,21.19919],[101.599068,21.175974],[101.587433,21.194357],[101.603371,21.232662],[101.531296,21.255068],[101.444344,21.229889],[101.386002,21.22835],[101.288803,21.180822],[101.224197,21.228727],[101.248291,21.299467],[101.182243,21.337229],[101.14138,21.411604],[101.188339,21.420969],[101.191475,21.476789],[101.224068,21.504517],[101.208862,21.511593],[101.207489,21.5599],[101.144287,21.562273],[101.136116,21.576363],[101.168213,21.604834],[101.151215,21.668446],[101.118881,21.702141],[101.114693,21.77137],[101.088898,21.771862],[100.986732,21.703867],[100.883247,21.687693],[100.810867,21.622267],[100.787781,21.573542],[100.752426,21.557907],[100.729477,21.521334],[100.690826,21.513557],[100.661934,21.48568],[100.578003,21.454657],[100.557076,21.453339],[100.525597,21.473782],[100.481758,21.461761],[100.427559,21.542543],[100.388611,21.526073],[100.349739,21.532534],[100.302284,21.482758],[100.251572,21.471939],[100.235733,21.472094],[100.198051,21.519125],[100.177582,21.51959],[100.169609,21.488085],[100.12487,21.511225],[100.112419,21.599318],[100.144447,21.64249],[100.168747,21.651937],[100.168137,21.665474],[100.136017,21.702742],[100.113106,21.708364],[100.04213,21.67145],[100.030113,21.680126],[100.032051,21.700535],[99.985153,21.720423],[99.945259,21.814848],[99.945702,21.849413],[99.980492,21.918888],[99.995049,21.981838],[99.958618,22.037144],[99.971642,22.055876],[99.870613,22.069918],[99.872772,22.036968],[99.842133,22.028399],[99.814423,22.05122],[99.752007,22.072208],[99.720444,22.063435],[99.703186,22.040279],[99.689507,22.048185],[99.693336,22.076113],[99.640602,22.106487],[99.605896,22.099358],[99.590767,22.114418],[99.577103,22.094858],[99.561798,22.116209],[99.515648,22.102465],[99.470909,22.133713],[99.390144,22.101627],[99.280411,22.111929],[99.262978,22.103842],[99.245598,22.118515],[99.213089,22.11949],[99.155846,22.165182],[99.193413,22.171791],[99.174118,22.18528],[99.206474,22.230944],[99.228386,22.240547],[99.236946,22.299849],[99.258293,22.337257],[99.279419,22.347612],[99.253853,22.389891],[99.293716,22.411371],[99.379494,22.494076],[99.361191,22.532553],[99.385971,22.58419],[99.340027,22.709307],[99.311073,22.741098],[99.388443,22.770044],[99.386932,22.814951],[99.396736,22.826056],[99.461899,22.84502],[99.436745,22.910387],[99.439751,22.934965],[99.530563,22.900047],[99.562485,22.928633],[99.517097,23.002296],[99.528542,23.057716],[99.509483,23.077419],[99.391884,23.096933],[99.330841,23.136171],[99.313171,23.107262],[99.274055,23.101973],[99.25457,23.080729],[99.21666,23.090096],[99.202225,23.109398],[99.110909,23.10429],[99.105614,23.089211],[99.047615,23.117353],[99.056671,23.167067],[98.964272,23.165874],[98.926933,23.185623],[98.887375,23.179308],[98.936493,23.312969],[98.90654,23.334612],[98.872437,23.332712],[98.898628,23.359688],[98.920197,23.356764],[98.906868,23.39517],[98.912155,23.429207],[98.874458,23.486137],[98.82547,23.472836],[98.802315,23.53327],[98.844284,23.581764],[98.881721,23.598217],[98.885277,23.61647],[98.846886,23.634716],[98.835693,23.68652],[98.811424,23.705893],[98.820755,23.738487],[98.79232,23.780626],[98.70459,23.785009],[98.683189,23.805613],[98.668571,23.803598],[98.701088,23.837116],[98.68383,23.912928],[98.700706,23.949219],[98.672905,23.963554],[98.700806,23.984318],[98.727188,23.973207],[98.773445,24.025066],[98.807053,24.028038],[98.852486,24.060465],[98.893654,24.104435],[98.882011,24.145308],[98.851082,24.132401],[98.735023,24.12982],[98.703972,24.110121],[98.603096,24.084221],[98.546478,24.128012],[98.369492,24.116529],[98.35759,24.101227],[98.215286,24.114206],[98.102798,24.094866],[97.981285,24.028513],[97.89785,24.011583],[97.886475,24],[97.892532,23.97427],[97.868767,23.986395],[97.847046,23.977381],[97.843056,23.961407],[97.825897,23.971119],[97.819496,23.944265],[97.810631,23.960108],[97.76252,23.911516],[97.706223,23.886311],[97.713417,23.861387],[97.68708,23.887745],[97.677841,23.863462],[97.655983,23.86706],[97.646072,23.843344],[97.644791,23.866962],[97.623215,23.890306],[97.531029,23.931114],[97.5326,23.947639],[97.627861,24.014038],[97.633713,24.04701],[97.728699,24.11392],[97.759415,24.164797],[97.72644,24.186852],[97.72715,24.222578],[97.767258,24.264893],[97.719696,24.298161],[97.66713,24.297766],[97.662865,24.340178],[97.699348,24.341909],[97.714714,24.365831],[97.683609,24.393927],[97.674034,24.455799],[97.532593,24.431158],[97.530525,24.449701],[97.553596,24.485723],[97.571419,24.605549],[97.571236,24.717077],[97.551987,24.738041],[97.585815,24.769905],[97.654716,24.796614],[97.701218,24.841034],[97.76165,24.826408],[97.79702,24.84897],[97.782173,24.880096],[97.730583,24.913498],[97.730843,24.956865],[97.715584,24.983196],[97.720123,25.083658],[97.743355,25.083864],[97.77314,25.112732],[97.835068,25.264154],[97.861214,25.267811],[97.904007,25.220703],[97.940041,25.220076],[97.985909,25.256678],[98.01236,25.305447],[98.067047,25.313372],[98.099167,25.356924],[98.102425,25.394894],[98.142807,25.386526],[98.15741,25.460211],[98.131104,25.513123],[98.163193,25.527426],[98.185989,25.557627],[98.170174,25.623266],[98.258118,25.605667],[98.314163,25.546183],[98.331596,25.572882],[98.400589,25.600924],[98.409401,25.666849],[98.457466,25.685957],[98.478592,25.787214],[98.528725,25.844011],[98.560463,25.847628],[98.640526,25.802132],[98.677399,25.81946],[98.705338,25.863615],[98.706909,25.889133],[98.684914,25.93704],[98.643906,25.975817],[98.615295,25.97348],[98.583183,26.119745],[98.587662,26.142488],[98.653328,26.144331],[98.664703,26.092133],[98.716675,26.128992],[98.707726,26.150328],[98.7332,26.177671],[98.725494,26.213984],[98.703598,26.243931],[98.673447,26.241642],[98.683113,26.311562],[98.725929,26.345652],[98.727409,26.374409],[98.743355,26.390245],[98.755737,26.565975],[98.782013,26.621941],[98.761917,26.665751],[98.768501,26.689751],[98.742973,26.711517],[98.763809,26.807976],[98.730163,26.853876],[98.757698,26.890499],[98.734024,27.004526],[98.761238,27.025684],[98.765617,27.049784],[98.745949,27.072405],[98.713951,27.078264],[98.710632,27.157499],[98.695702,27.202631],[98.730301,27.24939],[98.716202,27.266418],[98.740036,27.328341],[98.736801,27.352587],[98.707214,27.365845],[98.689743,27.431408],[98.69101,27.449787],[98.706467,27.460356],[98.685303,27.488873],[98.688927,27.515039],[98.705665,27.521498],[98.703026,27.567575],[98.664459,27.58938],[98.646805,27.569582],[98.607773,27.580908],[98.585121,27.572067],[98.559166,27.648941],[98.524483,27.624407],[98.467011,27.645109],[98.437508,27.66938],[98.426285,27.552929],[98.376106,27.511965],[98.319542,27.522951],[98.299805,27.630363],[98.281181,27.660381],[98.236809,27.69095],[98.225281,27.716959],[98.246155,27.74395],[98.216515,27.76515],[98.224075,27.808779],[98.174759,27.840725],[98.182625,27.872738],[98.203438,27.881941],[98.187843,27.938868],[98.15036,27.943136],[98.133468,27.98052],[98.160362,28.093502],[98.137344,28.147717],[98.096718,28.169971],[98.084808,28.202515],[98.056091,28.205671],[98.032913,28.190693],[98.012283,28.205957],[98.013092,28.269545],[97.953018,28.303823],[97.963539,28.316149],[97.91301,28.364178],[97.865563,28.363441],[97.842361,28.330442],[97.795654,28.331202],[97.773659,28.372898],[97.737633,28.399948],[97.736466,28.469339],[97.72168,28.492537],[97.663567,28.534462],[97.634804,28.535507],[97.603973,28.518816],[97.576309,28.547115],[97.507576,28.498463],[97.52076,28.444283],[97.49958,28.432478],[97.507095,28.409237],[97.482689,28.385813],[97.491432,28.3517],[97.515175,28.324722],[97.468536,28.308191],[97.479958,28.284626],[97.463188,28.273329],[97.414665,28.296095],[97.399834,28.278225],[97.411125,28.250818],[97.349533,28.237467],[97.347923,28.211983],[97.361542,28.200626],[97.35714,28.165779],[97.326248,28.140406],[97.341919,28.112032],[97.30529,28.07753],[97.321846,28.057201],[97.376923,28.067818],[97.376328,28.03462],[97.410782,28.020088],[97.380066,27.969669],[97.382858,27.884392],[97.367401,27.874292],[97.327492,27.883242],[97.308517,27.916269],[97.277801,27.907759],[97.16436,27.812653],[97.100144,27.779202],[97.091331,27.742918],[97.057533,27.74408],[97.043808,27.822828],[96.99189,27.815392],[96.968727,27.86186],[96.915237,27.88484],[96.86174,27.877306],[96.815399,27.895906],[96.788956,27.932604],[96.728683,27.955055],[96.674439,27.957975],[96.605759,28.047035],[96.51815,28.082478],[96.505485,28.071001],[96.473839,28.131905],[96.441368,28.159721],[96.398956,28.155106],[96.395561,28.125431],[96.298752,28.144173],[96.270424,28.233683],[96.100311,28.217813],[96.064713,28.198046],[96.013039,28.194748],[95.935684,28.244289],[95.907333,28.245319],[95.899437,28.281822],[95.87381,28.301317],[95.822411,28.29623],[95.787026,28.27404],[95.739411,28.278866],[95.536545,28.189991],[95.395737,28.145748],[95.370483,28.113651],[95.351837,28.044071],[95.285545,27.943544],[95.066002,27.843967],[95.001244,27.826721],[94.885124,27.746775],[94.524216,27.59967],[94.477318,27.605585],[94.442413,27.588577],[94.276436,27.584684],[93.986115,27.325758],[93.861221,27.190901],[93.8452,27.15749],[93.841072,27.04953],[93.829201,27.03718],[93.74575,27.019411],[93.566734,26.941843],[93.231407,26.910395],[93.08754,26.882441],[92.908401,26.918165],[92.801994,26.898897],[92.64637,26.95627],[92.107933,26.858273],[92.12355,26.963493],[92.07473,27.044647],[92.042694,27.056293],[92.026627,27.095306],[92.031174,27.171692],[92.060028,27.193985],[92.075752,27.251745],[92.124756,27.276592],[92.058365,27.405386],[92.009361,27.478151],[91.945808,27.467854],[91.838188,27.493296],[91.73214,27.466412],[91.672485,27.494947],[91.662384,27.510944],[91.626137,27.512678],[91.610649,27.534491],[91.583801,27.544012],[91.564827,27.577291],[91.581772,27.602846],[91.562584,27.643095],[91.627266,27.705177],[91.641144,27.77029],[91.615379,27.820673],[91.563087,27.817095],[91.542793,27.829193],[91.560135,27.859064],[91.618019,27.860373],[91.62355,27.872967],[91.596825,27.902161],[91.553932,27.892366],[91.540543,27.921398],[91.485138,27.940998],[91.488724,27.974981],[91.467194,27.987789],[91.463768,28.006151],[91.434486,28.004396],[91.334869,28.064602],[91.311195,28.063753],[91.311218,28.040609],[91.250359,27.973917],[91.214905,27.99275],[91.161781,27.970737],[91.162483,27.94722],[91.143318,27.927042],[91.148766,27.891567],[91.110268,27.850655],[91.033203,27.857819],[90.961189,27.90732],[90.975067,27.939234],[90.960526,27.957138],[90.89537,27.950037],[90.845703,27.97253],[90.805016,28.018538],[90.797173,28.047167],[90.758224,28.048672],[90.700493,28.079655],[90.590668,28.025007],[90.568047,28.047705],[90.512772,28.065548],[90.461555,28.048395],[90.435425,28.066622],[90.37722,28.065489],[90.361053,28.098185],[90.303505,28.136534],[90.295067,28.15781],[90.223061,28.149115],[90.164864,28.191124],[90.122963,28.194128],[90.101044,28.145174],[90.07132,28.158846],[90.031525,28.140633],[89.985634,28.187428],[89.900154,28.18569],[89.867546,28.225403],[89.800827,28.24847],[89.772842,28.228413],[89.782822,28.217127],[89.776901,28.200949],[89.727112,28.174904],[89.679665,28.18354],[89.668152,28.172392],[89.603836,28.165585],[89.53952,28.092283],[89.508827,28.089794],[89.459381,28.035479],[89.470734,28.015547],[89.453033,28.006643],[89.435837,27.962799],[89.373245,27.879463],[89.293648,27.85194],[89.236862,27.800406],[89.221458,27.767996],[89.224487,27.72884],[89.201782,27.720707],[89.182426,27.677149],[89.129333,27.637016],[89.125084,27.614437],[89.160934,27.577942],[89.141205,27.554752],[89.102089,27.537987],[89.094055,27.495207],[89.093102,27.474943],[89.15918,27.415592],[89.180763,27.377335],[89.15905,27.358948],[89.150658,27.322382],[89.070694,27.28656],[89.065651,27.243799],[88.982277,27.212692],[88.944283,27.261763],[88.910049,27.276577],[88.921844,27.327271],[88.888939,27.341513],[88.865288,27.385384],[88.840355,27.379999],[88.824387,27.406122],[88.806976,27.409472],[88.781174,27.466846],[88.794678,27.532911],[88.778618,27.539272],[88.768547,27.571415],[88.789986,27.576387],[88.811493,27.610598],[88.814316,27.644793],[88.849846,27.67494],[88.848305,27.714693],[88.868416,27.736904],[88.860031,27.811762],[88.886459,27.85042],[88.871315,27.916864],[88.841408,27.925497],[88.840828,28.010046],[88.804222,28.025732],[88.761871,28.071995],[88.673988,28.071856],[88.638519,28.114742],[88.608528,28.088572],[88.560875,28.080872],[88.552002,28.031607],[88.485016,28.041138],[88.466629,28.013489],[88.433052,28.005377],[88.403313,27.980242],[88.354904,27.989819],[88.25592,27.944269],[88.239822,27.970728],[88.222656,27.960876],[88.211548,27.967831],[88.201302,27.946796],[88.14138,27.95853],[88.118111,27.918541],[88.135078,27.881927],[88.109093,27.86825],[88.082611,27.892204],[88.059692,27.890104],[88.034821,27.905174],[87.980141,27.88784],[87.936646,27.911144],[87.866112,27.914373],[87.857544,27.942997],[87.830811,27.951626],[87.725281,27.806541],[87.6688,27.807909],[87.661804,27.837278],[87.60228,27.815386],[87.588081,27.852148],[87.566513,27.867409],[87.536659,27.845366],[87.487816,27.84112],[87.453369,27.823946],[87.406662,27.833534],[87.437317,27.845034],[87.422173,27.864136],[87.354515,27.826385],[87.256897,27.847651],[87.225731,27.816761],[87.118713,27.840624],[87.07399,27.920706],[87.032547,27.949934],[86.93364,27.959305],[86.92469,27.989809],[86.883659,28],[86.862427,28.02626],[86.825645,28.016148],[86.757072,28.036158],[86.7472,28.046978],[86.766411,28.072931],[86.746185,28.093155],[86.708176,28.104488],[86.660828,28.095642],[86.645737,28.073433],[86.619957,28.069727],[86.59687,28.104277],[86.567108,28.106918],[86.556305,28.051338],[86.531982,28.044268],[86.511559,28],[86.512436,27.958633],[86.47374,27.947966],[86.453552,27.915318],[86.412903,27.908003],[86.376671,27.939358],[86.34494,27.942478],[86.333786,27.968023],[86.317688,27.949198],[86.28508,27.979723],[86.229019,27.978336],[86.202789,28.079937],[86.222145,28.09623],[86.182762,28.171648],[86.126503,28.090208],[86.080383,28.089758],[86.081291,28.013969],[86.123482,27.929543],[86.041771,27.899921],[86.011208,27.916796],[85.987999,27.914967],[85.946091,27.941551],[85.974762,27.99205],[85.899017,28.05739],[85.901093,28.098402],[85.87384,28.12005],[85.852196,28.176228],[85.789154,28.19903],[85.751434,28.23147],[85.714531,28.383738],[85.680641,28.379606],[85.680397,28.347532],[85.665558,28.345257],[85.648216,28.287474],[85.603317,28.255499],[85.598068,28.302679],[85.494041,28.339005],[85.416069,28.3295],[85.390976,28.291571],[85.368645,28.285309],[85.345634,28.302792],[85.270042,28.28615],[85.204369,28.341053],[85.177521,28.327518],[85.122765,28.336092],[85.111122,28.348295],[85.126869,28.381174],[85.106117,28.464678],[85.119995,28.482771],[85.157806,28.496199],[85.164383,28.529453],[85.187546,28.548359],[85.181564,28.594887],[85.193741,28.627613],[85.178047,28.645092],[85.153847,28.647587],[85.116272,28.683071],[85.054443,28.677876],[84.979401,28.590031],[84.904915,28.592617],[84.855202,28.571518],[84.696182,28.637093],[84.697647,28.675327],[84.667618,28.684175],[84.639244,28.727667],[84.55529,28.749828],[84.480911,28.738535],[84.442947,28.767593],[84.431641,28.827345],[84.400925,28.83271],[84.405968,28.857189],[84.343742,28.870068],[84.328224,28.862568],[84.265892,28.898767],[84.224907,28.900394],[84.246437,29.033821],[84.222107,29.052626],[84.188583,29.049397],[84.204926,29.121731],[84.174034,29.136932],[84.165077,29.172918],[84.168823,29.197659],[84.199196,29.220324],[84.200462,29.243212],[84.127533,29.243031],[84.114761,29.258263],[84.11869,29.281736],[84.10257,29.295774],[84.015656,29.290798],[84,29.2945],[84.002106,29.315712],[83.984619,29.32807],[83.946884,29.315815],[83.915031,29.327843],[83.849037,29.298107],[83.823212,29.300774],[83.796249,29.274662],[83.79789,29.252583],[83.716927,29.243851],[83.664742,29.203444],[83.645668,29.165798],[83.582359,29.181458],[83.575699,29.207203],[83.533798,29.212049],[83.515976,29.2554],[83.451195,29.300592],[83.444359,29.347176],[83.420258,29.363838],[83.421371,29.4142],[83.380478,29.42473],[83.338264,29.499006],[83.273232,29.508984],[83.259216,29.547052],[83.27858,29.559519],[83.263832,29.574181],[83.230865,29.581509],[83.206306,29.605907],[83.169312,29.593218],[83.162872,29.614662],[83.145676,29.62278],[83.0793,29.608587],[83.013191,29.6703],[82.955643,29.663662],[82.944298,29.712],[82.874641,29.689711],[82.828194,29.690613],[82.817787,29.718565],[82.767517,29.73275],[82.754662,29.765039],[82.691978,29.765093],[82.699242,29.787432],[82.735329,29.809286],[82.728592,29.828733],[82.694496,29.851929],[82.627068,29.835152],[82.641228,29.871771],[82.606567,29.889439],[82.558807,29.958429],[82.495781,29.950626],[82.409691,30.014782],[82.379181,30.026842],[82.365219,30.016638],[82.335884,30.047308],[82.308685,30.038591],[82.244461,30.074461],[82.175308,30.070946],[82.187668,30.111671],[82.180511,30.124641],[82.206894,30.153873],[82.185738,30.162621],[82.186172,30.188477],[82.147079,30.197645],[82.135017,30.221962],[82.107704,30.232939],[82.130013,30.307051],[82.101997,30.349167],[82.080788,30.355968],[82.047813,30.332764],[82.022781,30.343023],[81.994881,30.323723],[81.955574,30.359045],[81.932991,30.34783],[81.869621,30.375992],[81.748024,30.390697],[81.728096,30.410929],[81.627716,30.449678],[81.610703,30.415834],[81.563988,30.431961],[81.553291,30.372639],[81.492348,30.38431],[81.451515,30.415209],[81.415619,30.423016],[81.403915,30.406595],[81.430031,30.382124],[81.403603,30.372074],[81.396851,30.326685],[81.425171,30.308233],[81.401627,30.291985],[81.416405,30.273226],[81.394417,30.24337],[81.391029,30.202173],[81.332764,30.155043],[81.260788,30.153276],[81.286255,30.124958],[81.290695,30.097881],[81.275345,30.055792],[81.245338,30.035849],[81.25383,30.014984],[81.138176,30.015966],[81.094765,30.052412],[81.107925,30.09358],[81.083534,30.103218],[81.079613,30.154274],[81.048035,30.183897],[81.032021,30.250082],[81.014084,30.262367],[80.931854,30.269758],[80.908585,30.306162],[80.815079,30.324408],[80.727531,30.411961],[80.690025,30.419794],[80.631348,30.461657],[80.596634,30.468859],[80.543648,30.45323],[80.504585,30.489979],[80.464867,30.493065],[80.412361,30.523264],[80.348625,30.526474],[80.306717,30.571737],[80.26001,30.569504],[80.212563,30.588846],[80.133904,30.559267],[80.10054,30.571619],[80.082573,30.595066],[80.041779,30.606318],[80.011726,30.664846],[79.964043,30.692701],[79.959114,30.774174],[79.89447,30.806982],[79.913719,30.829327],[79.888725,30.85804],[79.824844,30.855755],[79.75631,30.939529],[79.716743,30.948521],[79.669373,30.983332],[79.65863,30.959675],[79.614738,30.947121],[79.599373,30.925615],[79.59137,30.942682],[79.548943,30.960844],[79.498466,31.033863],[79.424934,31.020622],[79.422394,31.063967],[79.40239,31.074097],[79.362152,31.036947],[79.314278,31.020504],[79.330002,30.97184],[79.320999,30.962009],[79.225426,30.951941],[79.203857,31.00292],[79.179596,31.018171],[79.100845,30.997488],[79.084297,31.00411],[79.056992,31.03088],[79.004456,31.05131],[78.972168,31.118494],[78.992706,31.173464],[78.928955,31.223433],[78.921967,31.249552],[78.888168,31.272327],[78.866577,31.31538],[78.851372,31.28973],[78.793144,31.303728],[78.753387,31.358313],[78.757912,31.395264],[78.79039,31.442806],[78.753487,31.480927],[78.724037,31.484434],[78.723816,31.509953],[78.738319,31.535255],[78.777885,31.547945],[78.832169,31.587299],[78.843842,31.612574],[78.804619,31.643568],[78.796677,31.678085],[78.760902,31.671141],[78.714417,31.766634],[78.65197,31.82449],[78.662987,31.854511],[78.737419,31.887897],[78.76899,31.937727],[78.707672,31.981983],[78.593109,32.033859],[78.606316,32.061775],[78.529808,32.112808],[78.508598,32.148083],[78.466156,32.136314],[78.451965,32.144817],[78.428436,32.214626],[78.477043,32.242889],[78.508911,32.310749],[78.478798,32.330856],[78.484741,32.351665],[78.456825,32.382549],[78.471039,32.437798],[78.39325,32.53302],[78.422455,32.568329],[78.497742,32.583519],[78.516533,32.608868],[78.575882,32.617836],[78.580963,32.636257],[78.626091,32.632915],[78.672905,32.661224],[78.684273,32.682922],[78.739655,32.706184],[78.740402,32.657711],[78.779373,32.610661],[78.758339,32.566433],[78.780396,32.48328],[78.814232,32.432869],[78.897141,32.393135],[78.907028,32.371918],[78.968498,32.334785],[79.003975,32.377853],[79.06575,32.383396],[79.100487,32.372345],[79.133507,32.474579],[79.178024,32.495571],[79.188644,32.514103],[79.249741,32.519241],[79.273613,32.545788],[79.277725,32.574341],[79.30735,32.601196],[79.270943,32.680645],[79.299232,32.731094],[79.273186,32.781471],[79.22451,32.791985],[79.230629,32.900967],[79.251633,32.944458],[79.179726,32.989685],[79.14045,33.10294],[79.155151,33.181145],[79.077027,33.22271],[79.08017,33.250279],[79.039299,33.270611],[79.035339,33.311146],[79.020256,33.325657],[78.975685,33.328629],[78.947929,33.378685],[78.8946,33.414906],[78.839867,33.42754],[78.814804,33.483559],[78.739952,33.555462],[78.755478,33.623592],[78.711105,33.624935],[78.683044,33.656544],[78.690048,33.678604],[78.778847,33.737633],[78.755981,33.792995],[78.763138,33.908546],[78.732338,33.922035],[78.741913,33.991981],[78.699814,34.021404],[78.654373,34.032402],[78.659653,34.088898],[78.748154,34.094585],[78.800003,34.139103],[78.831802,34.127399],[78.869583,34.165981],[78.914749,34.148323],[78.956162,34.232769],[78.974472,34.315048],[79.026405,34.315468],[79.042259,34.330845],[78.972458,34.363632],[78.956757,34.388248],[78.909058,34.360287],[78.880196,34.3638],[78.867989,34.406151],[78.740822,34.456318],[78.756508,34.483379],[78.718781,34.49926],[78.706444,34.523899],[78.615685,34.538204],[78.573441,34.508533],[78.560921,34.516079],[78.557617,34.560272],[78.540405,34.576553],[78.490776,34.580063],[78.437187,34.543842],[78.425377,34.595596],[78.334007,34.607849],[78.266281,34.637047],[78.274757,34.681923],[78.265106,34.70689],[78.205467,34.729877],[78.211823,34.761971],[78.228905,34.777912],[78.235626,34.882706],[78.203941,34.89328],[78.19957,34.916039],[78.180618,34.926811],[78.201675,34.958946],[78.199356,34.975761],[78.158089,34.992218],[78.120399,35.038006],[78.148308,35.070576],[78.128448,35.10746],[78.076073,35.100956],[78.062843,35.109341],[78.057587,35.18124],[78.011887,35.238029],[78.01088,35.366745],[78.104553,35.437954],[78.111458,35.467655],[78.137939,35.495491],[78.046059,35.492081],[78.03331,35.468575],[78.007652,35.492428],[77.949219,35.479595],[77.9188,35.494808],[77.904991,35.465408],[77.814049,35.519474],[77.800171,35.494057],[77.755043,35.498138],[77.730095,35.460186],[77.687973,35.449211],[77.645988,35.479401],[77.637016,35.456024],[77.536842,35.482521],[77.449081,35.4613],[77.394127,35.468548],[77.304855,35.541306],[77.192917,35.520084],[77.09037,35.570274],[77.061493,35.596432],[76.995308,35.611851],[76.964088,35.592674],[76.915237,35.609463],[76.846336,35.669006],[76.758621,35.656712],[76.742157,35.688702],[76.695839,35.723118],[76.690514,35.748444],[76.591125,35.773022],[76.563805,35.82024],[76.585228,35.841316],[76.577217,35.867455],[76.594978,35.896683],[76.57357,35.921768],[76.546356,35.920074],[76.537239,35.897289],[76.512703,35.881771],[76.468903,35.886593],[76.428894,35.85239],[76.366814,35.863953],[76.355484,35.849983],[76.363007,35.824867],[76.295998,35.842342],[76.225891,35.837826],[76.218758,35.824177],[76.157402,35.825157],[76.143806,35.840782],[76.15712,35.864491],[76.159882,35.917526],[76.104408,35.989178],[76.101074,36.019375],[76.041527,36.027412],[76.011604,36.01881],[75.965874,36.042934],[75.946884,36.071121],[75.954475,36.079632],[75.933594,36.135544],[75.972092,36.149166],[75.965172,36.159584],[76.013512,36.166142],[76.008621,36.22979],[76.062035,36.230938],[75.988342,36.33252],[75.988167,36.352573],[76.031784,36.409687],[76.007553,36.454979],[76.010773,36.474464],[75.996529,36.478966],[75.996742,36.494892],[75.960121,36.524269],[75.93248,36.569633],[75.943344,36.600876],[75.857887,36.670177],[75.741562,36.741924],[75.645302,36.77161],[75.585793,36.76334],[75.53434,36.77359],[75.529129,36.727161],[75.501717,36.744076],[75.455162,36.721348],[75.420403,36.786209],[75.426743,36.873554],[75.391792,36.910126],[75.396584,36.932087],[75.414429,36.939171],[75.410278,36.954731],[75.285591,36.97488],[75.23288,36.965401],[75.165245,36.991959],[75.168861,37.014111],[75.144966,37.02618],[75.127861,37.011303],[75.071709,37.005634],[75.029381,37.017086],[75.002647,36.994934],[74.932266,36.983124],[74.925148,36.972042],[74.93586,36.943817],[74.89962,36.934757],[74.841354,37.014027],[74.844299,37.057358],[74.804024,37.054626],[74.789825,37.027802],[74.753731,37.025944],[74.726501,37.037319],[74.699554,37.089424],[74.630074,37.06707],[74.614586,37.044151],[74.565582,37.033199],[74.52742,37.082428],[74.49762,37.069798],[74.493515,37.116055],[74.460526,37.133713],[74.488785,37.16848],[74.47419,37.199589],[74.508324,37.240116],[74.542236,37.249546],[74.584892,37.232555],[74.596275,37.258675],[74.615974,37.253738],[74.632011,37.265224],[74.662987,37.236015],[74.736107,37.285873],[74.793892,37.252399],[74.813202,37.216698],[74.83532,37.217793],[74.90834,37.233894],[74.9244,37.277924],[74.940041,37.285439],[75.004807,37.29126],[75.075363,37.318127],[75.115852,37.316841],[75.136948,37.355412],[75.120651,37.381695],[75.150047,37.413998],[75.126381,37.459049],[75.075333,37.510906],[75.03685,37.50082],[75.006439,37.508041],[74.997726,37.530582],[74.937737,37.559345],[74.890289,37.661339],[74.918144,37.684917],[74.920357,37.717434],[74.946358,37.72562],[75.005371,37.776417],[74.914772,37.845325],[74.934387,37.876266],[74.908142,37.958424],[74.923103,38.017605],[74.908867,38.030956],[74.876709,38.021492],[74.818909,38.103275],[74.803642,38.155983],[74.814178,38.215763],[74.790428,38.271023],[74.804184,38.286053],[74.787994,38.33313],[74.831085,38.361538],[74.865524,38.404251],[74.860008,38.484386],[74.818848,38.491364],[74.7901,38.536308],[74.71489,38.54248],[74.637634,38.599915],[74.606316,38.593487],[74.544212,38.607952],[74.511642,38.636116],[74.45285,38.632957],[74.374725,38.654823],[74.226761,38.656315],[74.144943,38.676849],[74.121376,38.64859],[74.115211,38.614529],[74.084778,38.611031],[74.065392,38.585571],[74.087425,38.542156],[74.031281,38.541729],[73.997551,38.52393],[73.914925,38.538662],[73.896225,38.579277],[73.849266,38.584549],[73.79599,38.611263],[73.805679,38.634491],[73.75386,38.719715],[73.767624,38.771236],[73.726097,38.8372],[73.696129,38.857822],[73.705948,38.893497],[73.726776,38.904793],[73.739082,38.933849],[73.771194,38.941147],[73.823357,38.917049],[73.843384,38.962475],[73.837067,39.008465],[73.812706,39.043781],[73.785011,39.040417],[73.777084,39.026924],[73.739662,39.029335],[73.717239,39.071659],[73.707016,39.12957],[73.685318,39.154945],[73.659332,39.156776],[73.636375,39.220516],[73.619911,39.235207],[73.577141,39.237595],[73.561317,39.266315],[73.536163,39.272331],[73.551689,39.296055],[73.543327,39.316074],[73.552765,39.346619],[73.498962,39.383572]],[[108.614708,19.099638],[108.650698,19.122904],[108.673408,19.161423],[108.671424,19.194667],[108.641594,19.212238],[108.630491,19.201564],[108.640047,19.302599],[108.655914,19.314589],[108.680335,19.290826],[108.663879,19.347628],[108.682327,19.369543],[108.739423,19.375215],[108.820751,19.440303],[108.864182,19.454531],[108.935921,19.508479],[109.005637,19.580732],[109.149551,19.642338],[109.165351,19.674888],[109.18616,19.67461],[109.229361,19.716985],[109.273935,19.72378],[109.275205,19.763929],[109.262185,19.773691],[109.249543,19.758398],[109.231311,19.76099],[109.203585,19.726272],[109.151097,19.707566],[109.173984,19.746606],[109.156698,19.789827],[109.188216,19.828351],[109.25488,19.860126],[109.262297,19.900311],[109.289664,19.894865],[109.306256,19.917428],[109.326839,19.907621],[109.328088,19.881387],[109.383351,19.889589],[109.420525,19.855268],[109.443599,19.87384],[109.462549,19.869074],[109.481183,19.838759],[109.526757,19.851909],[109.54134,19.842272],[109.56553,19.847947],[109.560777,19.863869],[109.519679,19.873647],[109.51649,19.898278],[109.536988,19.945661],[109.614213,19.994111],[109.711709,20.011083],[109.747519,19.974554],[109.79128,19.966135],[109.803124,19.94472],[109.819041,19.985364],[109.829462,19.982533],[109.848453,19.939503],[109.870433,19.935701],[109.889422,19.981819],[109.940485,19.993173],[109.963501,19.956403],[110.000547,19.930115],[110.065836,19.982587],[110.077827,19.975539],[110.125681,20.001123],[110.152013,20.057565],[110.197687,20.063386],[110.274875,20.024538],[110.311909,20.049055],[110.330101,20.047447],[110.300794,20.059135],[110.307663,20.074795],[110.366688,20.091363],[110.456811,20.038541],[110.538398,20.014976],[110.537491,19.993559],[110.555878,19.974837],[110.586352,19.987045],[110.575223,19.950145],[110.591654,19.917333],[110.633981,19.92115],[110.602229,20.017791],[110.580089,20.020255],[110.566092,20.039073],[110.57433,20.09441],[110.601301,20.111039],[110.644924,20.106044],[110.685287,20.159826],[110.726587,20.06254],[110.761325,20.044664],[110.7824,20.011489],[110.855943,19.991609],[110.932574,20.01204],[110.952701,19.975218],[110.995583,19.821036],[111.009679,19.686494],[111.029636,19.67071],[111.028441,19.636005],[110.979432,19.641066],[110.86592,19.524723],[110.848723,19.528429],[110.823344,19.597351],[110.842835,19.612906],[110.835481,19.628014],[110.814022,19.625047],[110.803019,19.594974],[110.836895,19.542355],[110.808674,19.531822],[110.805132,19.485155],[110.762553,19.428734],[110.678053,19.392659],[110.669561,19.362867],[110.683632,19.339385],[110.676964,19.319164],[110.633903,19.301752],[110.639167,19.274633],[110.618558,19.210506],[110.595343,19.191352],[110.586554,19.159307],[110.555827,19.141881],[110.568189,19.126502],[110.567214,19.047569],[110.541729,19.043189],[110.516334,18.989006],[110.507931,18.894573],[110.464009,18.866555],[110.463084,18.842262],[110.438883,18.83758],[110.439473,18.813637],[110.488626,18.792788],[110.512857,18.801582],[110.493402,18.850194],[110.495515,18.886084],[110.513942,18.880392],[110.530533,18.795302],[110.462166,18.766776],[110.414515,18.668195],[110.366184,18.669651],[110.360721,18.688576],[110.349,18.689588],[110.309482,18.659578],[110.282788,18.669718],[110.156284,18.581799],[110.097615,18.518748],[110.066372,18.408328],[110.052696,18.445236],[110.039061,18.42571],[110.058316,18.403892],[110.047932,18.386122],[110.012165,18.377141],[109.970427,18.387696],[109.973173,18.409168],[110.005539,18.396237],[110.030214,18.436648],[110.023159,18.446173],[110.016325,18.431585],[109.988432,18.436365],[109.967047,18.411048],[109.929211,18.417202],[109.881078,18.406368],[109.821785,18.377947],[109.807927,18.400626],[109.762957,18.386778],[109.721246,18.298883],[109.721053,18.264722],[109.699987,18.284242],[109.674996,18.272306],[109.687186,18.259147],[109.73318,18.261502],[109.74546,18.24548],[109.727132,18.230919],[109.727277,18.212427],[109.707028,18.218059],[109.709996,18.197636],[109.68901,18.208462],[109.694777,18.221768],[109.67705,18.23715],[109.631518,18.228101],[109.612298,18.215418],[109.619465,18.171267],[109.579229,18.176502],[109.56961,18.162997],[109.558861,18.171831],[109.573997,18.206144],[109.549289,18.227625],[109.532631,18.229213],[109.53582,18.206078],[109.520609,18.223086],[109.496771,18.210938],[109.488223,18.189494],[109.47086,18.202093],[109.496025,18.252198],[109.47933,18.270274],[109.430922,18.288755],[109.289007,18.305154],[109.183076,18.284513],[109.154124,18.29532],[109.141512,18.337575],[109.105339,18.362315],[109.056367,18.369764],[108.992205,18.3572],[108.960277,18.401929],[108.88066,18.421684],[108.795115,18.48074],[108.686896,18.506827],[108.674105,18.54792],[108.697822,18.610083],[108.695407,18.724679],[108.662263,18.806121],[108.625557,18.822744],[108.657627,18.940853],[108.614708,19.099638]],[[109.083064,21.049064],[109.122017,21.070775],[109.138925,21.047827],[109.12366,21.018748],[109.087748,21.033417],[109.083064,21.049064]],[[109.370544,7.341821],[109.418023,7.44269],[109.581473,7.597603],[109.614638,7.60885],[109.722761,7.598518],[109.83274,7.561269],[109.848644,7.545696],[109.846245,7.532662],[109.832127,7.531102],[109.699982,7.53014],[109.554344,7.477442],[109.51935,7.452777],[109.508804,7.416953],[109.432092,7.335802],[109.399794,7.319658],[109.376474,7.326299],[109.370544,7.341821]],[[109.842322,7.8462],[109.847811,7.891835],[109.904698,7.955963],[110.015905,7.979046],[109.9868,7.865854],[109.965389,7.838239],[109.89086,7.800293],[109.848452,7.802954],[109.842322,7.8462]],[[110.34465,20.672498],[110.351326,20.697278],[110.36308,20.69757],[110.368272,20.665184],[110.34465,20.672498]],[[110.368703,8.155016],[110.373555,8.173746],[110.458919,8.20756],[110.51785,8.218678],[110.540322,8.214487],[110.548739,8.199767],[110.508699,8.104569],[110.438202,8.083725],[110.391627,8.088038],[110.368703,8.155016]],[[110.383752,7.796982],[110.405039,7.841721],[110.439943,7.84236],[110.447541,7.826014],[110.429561,7.783704],[110.398842,7.778967],[110.383752,7.796982]],[[110.397835,20.696068],[110.416482,20.7187],[110.43697,20.679568],[110.402438,20.67712],[110.397835,20.696068]],[[110.404581,20.114908],[110.47874,20.119198],[110.433815,20.104688],[110.404581,20.114908]],[[110.413107,21.156851],[110.438359,21.166019],[110.447162,21.153211],[110.437968,21.135167],[110.413107,21.156851]],[[110.429278,21.182045],[110.493677,21.213912],[110.516257,21.195745],[110.542225,21.194019],[110.555487,21.201876],[110.585929,21.193312],[110.62458,21.210025],[110.567088,21.093673],[110.536526,21.089438],[110.512393,21.136161],[110.464523,21.141604],[110.429278,21.182045]],[[110.518571,8.00341],[110.541215,8.090542],[110.567801,8.092039],[110.5788,8.065075],[110.550456,7.961663],[110.538041,7.954388],[110.518571,8.00341]],[[110.548655,20.90247],[110.591022,20.949748],[110.637383,20.934575],[110.59465,20.865659],[110.561424,20.870588],[110.548655,20.90247]],[[111.194215,15.782068],[111.212266,15.789127],[111.206518,15.780252],[111.194215,15.782068]],[[111.197705,19.913569],[111.204056,19.908037],[111.203122,19.905255],[111.19771,19.909319],[111.197705,19.913569]],[[111.267289,19.982643],[111.271549,19.986129],[111.273061,19.977306],[111.267289,19.982643]],[[111.432951,8.542221],[111.454415,8.562498],[111.483512,8.561535],[111.448843,8.528279],[111.432951,8.542221]],[[111.450715,17.079206],[111.46039,17.096304],[111.516355,17.114396],[111.558098,17.10069],[111.556698,17.087603],[111.477993,17.05991],[111.466799,17.063158],[111.507886,17.080783],[111.5073,17.096091],[111.466023,17.087731],[111.465544,17.063463],[111.450715,17.079206]],[[111.466303,9.289681],[111.495457,9.330809],[111.520689,9.332451],[111.52022,9.314174],[111.486748,9.288399],[111.466303,9.289681]],[[111.48764,7.536683],[111.498804,7.610845],[111.565791,7.622748],[111.586119,7.615759],[111.58785,7.592031],[111.546612,7.578467],[111.521194,7.534218],[111.50331,7.526657],[111.48764,7.536683]],[[111.503816,16.447332],[111.507103,16.450406],[111.513675,16.446873],[111.503816,16.447332]],[[111.51511,7.837244],[111.546768,7.881462],[111.584902,7.892746],[111.589665,7.881245],[111.541942,7.793495],[111.51772,7.799739],[111.51511,7.837244]],[[111.57184,16.191068],[111.636153,16.246759],[111.586258,16.189937],[111.597566,16.174672],[111.651278,16.192764],[111.602089,16.163647],[111.57919,16.164212],[111.57184,16.191068]],[[111.572476,16.476025],[111.581947,16.491574],[111.608803,16.445635],[111.573466,16.4556],[111.572476,16.476025]],[[111.582141,16.504825],[111.587,16.509967],[111.588378,16.502864],[111.582141,16.504825]],[[111.583012,7.938664],[111.610908,7.963773],[111.661555,7.970403],[111.682635,7.967235],[111.694655,7.922796],[111.687734,7.909059],[111.583929,7.919531],[111.583012,7.938664]],[[111.60389,16.533554],[111.607071,16.536346],[111.611806,16.534685],[111.60389,16.533554]],[[111.632448,7.680562],[111.643832,7.724117],[111.689573,7.762142],[111.717611,7.754008],[111.72721,7.734407],[111.709513,7.70083],[111.659939,7.653642],[111.634898,7.665246],[111.632448,7.680562]],[[111.643974,8.659705],[111.701439,8.674991],[111.679713,8.661367],[111.643974,8.659705]],[[111.645482,16.249869],[111.680113,16.266831],[111.788103,16.271071],[111.810153,16.256654],[111.812697,16.232059],[111.772272,16.198418],[111.737217,16.197287],[111.701598,16.211281],[111.781318,16.214815],[111.791212,16.243367],[111.775947,16.259763],[111.645482,16.249869]],[[111.649298,16.45341],[111.669653,16.45242],[111.655094,16.447332],[111.649298,16.45341]],[[111.660063,9.341769],[111.676697,9.368809],[111.702449,9.381651],[111.708012,9.360395],[111.685388,9.330438],[111.664377,9.327006],[111.660063,9.341769]],[[111.661949,16.20181],[111.69453,16.207181],[111.668381,16.197428],[111.661949,16.20181]],[[111.67521,16.579284],[111.677392,16.580587],[111.676261,16.578926],[111.67521,16.579284]],[[111.68589,16.566436],[111.687498,16.56822],[111.687515,16.565552],[111.68589,16.566436]],[[111.699442,16.452597],[111.702322,16.452226],[111.701156,16.4506],[111.699442,16.452597]],[[111.70264,16.58027],[111.704672,16.581824],[111.706068,16.578432],[111.70264,16.58027]],[[111.709372,16.57746],[111.710449,16.578556],[111.709884,16.576506],[111.709372,16.57746]],[[111.712305,16.452597],[111.714283,16.453445],[111.715344,16.449523],[111.712305,16.452597]],[[111.714654,16.546487],[111.715926,16.546628],[111.71628,16.545286],[111.714654,16.546487]],[[111.739055,16.461643],[111.744285,16.466803],[111.741352,16.460371],[111.739055,16.461643]],[[111.747041,16.543802],[111.750645,16.544862],[111.752058,16.543166],[111.747041,16.543802]],[[111.781265,16.053218],[111.788951,16.056257],[111.785558,16.052264],[111.781265,16.053218]],[[111.86997,8.149523],[111.870801,8.190249],[111.948096,8.208534],[111.993808,8.201885],[112.023729,8.157004],[112.020405,8.138719],[111.966381,8.099655],[111.905708,8.115447],[111.86997,8.149523]],[[111.882509,8.642874],[111.895807,8.649939],[111.891651,8.642043],[111.882509,8.642874]],[[111.95853,16.319377],[111.983741,16.35064],[112.022063,16.36375],[112.086806,16.354875],[112.093462,16.340152],[112.079343,16.329664],[112.035576,16.337933],[111.95853,16.319377]],[[112.024364,3.83769],[112.025551,3.868023],[112.05971,3.874285],[112.056226,3.837529],[112.024364,3.83769]],[[112.18036,8.84816],[112.208288,8.878755],[112.264144,8.88456],[112.253789,8.860241],[112.237314,8.873107],[112.213622,8.869655],[112.196363,8.857888],[112.198089,8.842511],[112.18036,8.84816]],[[112.202677,16.785519],[112.205084,16.801513],[112.228437,16.797833],[112.25547,16.769668],[112.243015,16.760609],[112.202677,16.785519]],[[112.208258,16.977466],[112.211001,16.980065],[112.216486,16.977322],[112.208258,16.977466]],[[112.214721,8.835765],[112.228999,8.840629],[112.224448,8.833411],[112.214721,8.835765]],[[112.216156,16.963073],[112.216283,16.963083],[112.216185,16.962978],[112.216156,16.963073]],[[112.224892,15.704837],[112.242046,15.731678],[112.262631,15.731274],[112.260411,15.716744],[112.224892,15.704837]],[[112.231452,3.904214],[112.251455,3.924338],[112.271142,3.923319],[112.288119,3.908064],[112.286899,3.882329],[112.27577,3.866296],[112.250519,3.86362],[112.232103,3.878929],[112.231452,3.904214]],[[112.252167,3.955592],[112.26224,3.988178],[112.283731,3.996803],[112.299775,3.981093],[112.29485,3.949401],[112.281789,3.941193],[112.252167,3.955592]],[[112.268164,16.977611],[112.274226,16.981941],[112.271628,16.977466],[112.268164,16.977611]],[[112.303674,16.965774],[112.308726,16.965774],[112.316377,16.96],[112.303674,16.965774]],[[112.321718,16.956103],[112.325327,16.956103],[112.32677,16.953071],[112.321718,16.956103]],[[112.325908,16.836842],[112.354827,16.842463],[112.336102,16.824299],[112.325908,16.836842]],[[112.326365,5.622278],[112.332759,5.645229],[112.357045,5.656138],[112.375904,5.639954],[112.363501,5.605541],[112.337733,5.605212],[112.326365,5.622278]],[[112.331317,16.94901],[112.334195,16.948744],[112.337959,16.943298],[112.331317,16.94901]],[[112.340195,16.93794],[112.341966,16.939379],[112.343006,16.937321],[112.340195,16.93794]],[[112.340721,8.9309],[112.35325,8.934223],[112.348592,8.92732],[112.340721,8.9309]],[[112.342209,16.933823],[112.34511,16.93535],[112.344069,16.931587],[112.342209,16.933823]],[[112.344268,16.930126],[112.34812,16.930923],[112.347323,16.927358],[112.344268,16.930126]],[[112.344954,16.921978],[112.346593,16.922974],[112.34739,16.921956],[112.344954,16.921978]],[[112.346172,16.920251],[112.349626,16.919432],[112.347589,16.918901],[112.346172,16.920251]],[[112.384303,16.28035],[112.443399,16.312217],[112.565625,16.298704],[112.533959,16.288418],[112.485956,16.300317],[112.433314,16.270467],[112.384303,16.28035]],[[112.38765,9.462797],[112.394181,9.473967],[112.420627,9.473833],[112.425073,9.44079],[112.398016,9.442107],[112.38765,9.462797]],[[112.431768,21.659931],[112.453395,21.69116],[112.460603,21.669569],[112.45099,21.652372],[112.431768,21.659931]],[[112.439299,5.490412],[112.441511,5.508558],[112.471428,5.518289],[112.521887,5.505852],[112.533048,5.485111],[112.527305,5.469281],[112.492656,5.466009],[112.439299,5.490412]],[[112.440979,16.043159],[112.558565,16.081279],[112.595475,16.08027],[112.547876,16.034688],[112.477485,16.014115],[112.446828,16.018149],[112.440979,16.043159]],[[112.448634,5.755423],[112.469338,5.808181],[112.484788,5.809941],[112.492979,5.778642],[112.473693,5.724039],[112.454944,5.725053],[112.448634,5.755423]],[[112.493016,16.492329],[112.548884,16.532667],[112.568852,16.52944],[112.521656,16.510885],[112.508546,16.481438],[112.493016,16.492329]],[[112.495562,5.030454],[112.511226,5.034972],[112.515316,5.020011],[112.495562,5.030454]],[[112.499385,5.929842],[112.518491,5.944455],[112.546312,5.919951],[112.538904,5.907578],[112.516423,5.906313],[112.499385,5.929842]],[[112.501812,5.983152],[112.527461,6.00003],[112.543605,5.970529],[112.520295,5.954099],[112.501812,5.983152]],[[112.508425,5.780862],[112.545437,5.846408],[112.56485,5.81827],[112.571788,5.765832],[112.5621,5.744736],[112.536296,5.749464],[112.508425,5.780862]],[[112.509487,5.633532],[112.512891,5.681321],[112.538965,5.704172],[112.559465,5.655343],[112.551913,5.597922],[112.531758,5.598944],[112.509487,5.633532]],[[112.528243,21.618795],[112.56828,21.647471],[112.556404,21.662243],[112.590108,21.676463],[112.586428,21.693222],[112.603893,21.703628],[112.647051,21.716942],[112.664419,21.698989],[112.634506,21.677739],[112.636406,21.638069],[112.614559,21.618889],[112.564096,21.624605],[112.537645,21.609127],[112.528243,21.618795]],[[112.528722,4.915369],[112.544386,4.919887],[112.548476,4.904926],[112.528722,4.915369]],[[112.535905,5.543762],[112.554215,5.538613],[112.543947,5.533149],[112.535905,5.543762]],[[112.550235,5.895799],[112.56811,5.886055],[112.556422,5.882437],[112.550235,5.895799]],[[112.552615,8.832471],[112.555328,8.837509],[112.561141,8.836734],[112.552615,8.832471]],[[112.556899,5.101393],[112.567504,5.125242],[112.59925,5.14117],[112.623689,5.130934],[112.612791,5.082723],[112.56928,5.07375],[112.556899,5.101393]],[[112.564774,5.568898],[112.583833,5.589946],[112.608799,5.571433],[112.638863,5.495895],[112.627849,5.463773],[112.604849,5.469406],[112.5984,5.519083],[112.564774,5.568898]],[[112.568504,8.818519],[112.575867,8.815807],[112.569279,8.815032],[112.568504,8.818519]],[[112.573269,5.365392],[112.59277,5.390116],[112.65832,5.396679],[112.668781,5.375481],[112.652527,5.355338],[112.624466,5.348125],[112.573269,5.365392]],[[112.582649,8.815661],[112.588075,8.816921],[112.590206,8.813094],[112.582649,8.815661]],[[112.584031,4.977604],[112.599695,4.982122],[112.603785,4.967161],[112.584031,4.977604]],[[112.605126,8.821862],[112.608033,8.823412],[112.608614,8.817889],[112.605126,8.821862]],[[112.637098,8.82472],[112.6464,8.819633],[112.64078,8.819052],[112.637098,8.82472]],[[112.638086,5.0187],[112.65375,5.023218],[112.65784,5.008257],[112.638086,5.0187]],[[112.640049,16.341665],[112.640049,16.352556],[112.658201,16.347514],[112.655176,16.333799],[112.640049,16.341665]],[[112.642558,16.576869],[112.6431,16.577153],[112.643453,16.57685],[112.642558,16.576869]],[[112.648374,5.08645],[112.664502,5.124062],[112.68701,5.12165],[112.732703,5.087862],[112.736159,5.063482],[112.721716,5.052063],[112.657971,5.055144],[112.648374,5.08645]],[[112.652756,16.412055],[112.679984,16.418106],[112.68785,16.395113],[112.664051,16.388457],[112.652756,16.412055]],[[112.67232,16.327949],[112.69491,16.344085],[112.691279,16.362035],[112.711045,16.334202],[112.697532,16.31968],[112.67232,16.327949]],[[112.708528,21.706359],[112.732015,21.726924],[112.767922,21.724091],[112.797828,21.764566],[112.8311,21.778291],[112.871594,21.761115],[112.858957,21.74491],[112.827385,21.744019],[112.803281,21.704414],[112.799497,21.680313],[112.815394,21.658574],[112.78853,21.6232],[112.801832,21.582834],[112.769355,21.570989],[112.771767,21.589931],[112.749379,21.593906],[112.754989,21.609786],[112.727514,21.615732],[112.74725,21.649809],[112.776419,21.64993],[112.783227,21.66652],[112.759828,21.68747],[112.730958,21.669774],[112.708528,21.706359]],[[112.721175,16.669976],[112.732167,16.673983],[112.740302,16.660944],[112.721175,16.669976]],[[112.818505,8.919252],[112.827419,8.919639],[112.822768,8.915764],[112.818505,8.919252]],[[112.842145,8.916151],[112.848733,8.912663],[112.847571,8.909563],[112.842145,8.916151]],[[112.875127,9.539332],[112.89782,9.5634],[112.89598,9.550486],[112.9061,9.557642],[112.875127,9.539332]],[[112.875754,16.824681],[112.891464,16.837136],[112.898257,16.824681],[112.88651,16.814208],[112.875754,16.824681]],[[112.880936,7.866307],[112.901097,7.882655],[112.895418,7.858965],[112.880936,7.866307]],[[112.905981,5.034812],[112.921777,5.053579],[112.951515,5.046499],[112.953067,5.002856],[112.924541,4.995186],[112.907566,5.009982],[112.905981,5.034812]],[[112.916612,9.588145],[112.928332,9.580032],[112.916913,9.580032],[112.916612,9.588145]],[[112.943552,8.449229],[112.946256,8.466659],[112.974204,8.468763],[112.96579,8.440815],[112.943552,8.449229]],[[112.952073,9.632622],[112.962591,9.644041],[112.964094,9.636829],[112.952073,9.632622]],[[112.974169,9.653303],[112.985288,9.650599],[112.980179,9.646391],[112.974169,9.653303]],[[112.975502,19.497875],[112.990814,19.528297],[113.011375,19.533255],[113.04467,19.501385],[113.008774,19.471973],[112.988182,19.474066],[112.975502,19.497875]],[[112.994569,9.660303],[113.009895,9.664811],[113.008092,9.653691],[112.994569,9.660303]],[[113.006408,21.87351],[113.033684,21.884001],[113.039072,21.857758],[113.016715,21.852025],[113.006408,21.87351]],[[113.027451,9.648706],[113.037668,9.651411],[113.037368,9.6451],[113.027451,9.648706]],[[113.046331,9.657952],[113.055647,9.660656],[113.048134,9.650739],[113.046331,9.657952]],[[113.130707,21.860912],[113.139078,21.873208],[113.198692,21.869769],[113.188239,21.857875],[113.156161,21.857553],[113.136764,21.836581],[113.130707,21.860912]],[[113.217804,8.089921],[113.255353,8.12837],[113.279921,8.128246],[113.276536,8.111047],[113.227252,8.077631],[113.217804,8.089921]],[[113.239258,6.327026],[113.281606,6.355906],[113.285494,6.33658],[113.262225,6.314634],[113.251016,6.309634],[113.239258,6.327026]],[[113.261524,8.137903],[113.274186,8.166532],[113.340383,8.233912],[113.34798,8.316126],[113.361942,8.326767],[113.38376,8.275393],[113.360858,8.206646],[113.298637,8.128534],[113.284546,8.135874],[113.330069,8.204124],[113.261524,8.137903]],[[113.541852,22.163241],[113.573922,22.167167],[113.589531,22.147451],[113.570039,22.118534],[113.550137,22.112289],[113.541852,22.163241]],[[113.602141,6.934621],[113.602919,6.956681],[113.628713,6.953333],[113.619488,6.933154],[113.602141,6.934621]],[[113.6091,22.404957],[113.624043,22.444054],[113.652223,22.436348],[113.65952,22.417846],[113.624026,22.387726],[113.6091,22.404957]],[[113.630183,10.229782],[113.644818,10.240468],[113.636223,10.225136],[113.630183,10.229782]],[[113.64439,9.22492],[113.650387,9.238039],[113.667254,9.233167],[113.662756,9.220797],[113.64439,9.22492]],[[113.648513,8.984846],[113.678498,9.011083],[113.737721,9.020829],[113.732473,9.002087],[113.661257,8.97585],[113.648513,8.984846]],[[113.677612,21.946492],[113.689991,21.965274],[113.704703,21.958633],[113.677612,21.946492]],[[113.690953,22.025086],[113.711154,22.033012],[113.724643,22.019017],[113.709328,22.010463],[113.690953,22.025086]],[[113.705959,15.613441],[113.757097,15.627185],[113.742948,15.593632],[113.705959,15.613441]],[[113.712098,21.940922],[113.722223,21.957901],[113.746379,21.942774],[113.725964,21.929527],[113.712098,21.940922]],[[113.742447,21.995646],[113.768028,22.00101],[113.772783,21.97762],[113.747969,21.976294],[113.742447,21.995646]],[[113.768354,7.623449],[113.773104,7.640715],[113.840893,7.652143],[113.85672,7.641395],[113.845233,7.622324],[113.78455,7.613434],[113.768354,7.623449]],[[113.76882,15.529356],[113.79065,15.529356],[113.796512,15.518441],[113.777714,15.512984],[113.76882,15.529356]],[[113.7834,22.42021],[113.810835,22.419894],[113.818338,22.400108],[113.7834,22.42021]],[[113.794647,19.200794],[113.801895,19.224943],[113.845451,19.238001],[113.915657,19.225386],[113.924942,19.206993],[113.910027,19.17403],[113.849136,19.154072],[113.806374,19.172825],[113.794647,19.200794]],[[113.809992,22.160572],[113.831585,22.14048],[113.8235,22.120952],[113.809992,22.160572]],[[113.819912,22.005644],[113.83618,22.000495],[113.822748,21.992606],[113.819912,22.005644]],[[113.838435,7.399544],[113.846283,7.403183],[113.844065,7.39878],[113.838435,7.399544]],[[113.841942,22.234347],[113.903971,22.292909],[113.932619,22.281374],[114.044477,22.34322],[114.057359,22.336263],[114.055573,22.312441],[114.018094,22.310272],[114.021808,22.270002],[114.002436,22.262807],[113.999525,22.239349],[114.013829,22.232453],[114.010209,22.21986],[113.986738,22.212939],[113.973009,22.240407],[113.927766,22.224033],[113.931085,22.209934],[113.883453,22.21963],[113.868077,22.202698],[113.842275,22.208409],[113.841942,22.234347]],[[113.844073,10.007362],[113.860313,10.127461],[113.868244,10.114998],[113.854648,9.998297],[113.844073,10.007362]],[[113.853309,15.503888],[113.899192,15.469324],[113.866851,15.466495],[113.854724,15.476399],[113.853309,15.503888]],[[113.880891,8.81491],[113.884285,8.839601],[113.910889,8.842658],[113.910514,8.822409],[113.924013,8.81341],[113.91568,8.800964],[113.880891,8.81491]],[[113.882036,22.115961],[113.891731,22.127597],[113.89877,22.12126],[113.882036,22.115961]],[[113.89335,22.311121],[113.934775,22.323001],[113.948099,22.313545],[113.932489,22.290127],[113.895764,22.293608],[113.89335,22.311121]],[[113.893937,15.673876],[113.916979,15.684184],[113.922234,15.671248],[113.907479,15.65528],[113.893937,15.673876]],[[113.911117,15.769482],[113.913543,15.780194],[113.925064,15.775343],[113.924053,15.761195],[113.911117,15.769482]],[[113.912608,22.043288],[113.920033,22.050712],[113.932501,22.039279],[113.912608,22.043288]],[[113.917585,15.840226],[113.928702,15.852555],[113.952351,15.848917],[113.917585,15.840226]],[[113.926638,8.829159],[113.946886,8.844157],[113.984009,8.840783],[114.04213,8.786787],[114.052254,8.764288],[114.045879,8.745914],[114.004257,8.748914],[113.991883,8.764288],[114.014007,8.773288],[114.004632,8.792411],[113.926638,8.829159]],[[113.926957,7.625221],[113.954566,7.644578],[113.973438,7.627561],[114.045331,7.638408],[114.093568,7.709163],[114.177352,7.738536],[114.219141,7.767387],[114.277311,7.865138],[114.419757,7.949487],[114.47251,7.965958],[114.500882,7.957538],[114.535362,7.908068],[114.538727,7.883404],[114.527406,7.867274],[114.44071,7.825776],[114.418381,7.802345],[114.390536,7.73774],[114.389263,7.680175],[114.367996,7.665383],[114.257736,7.641662],[114.172428,7.589672],[114.094433,7.589515],[114.012088,7.568779],[113.959499,7.581553],[113.926957,7.625221]],[[113.93189,7.992271],[113.945039,7.988893],[113.94019,7.985239],[113.93189,7.992271]],[[113.940137,8.798786],[113.957011,8.797286],[113.956261,8.786787],[113.940887,8.784912],[113.940137,8.798786]],[[113.962635,8.779662],[113.993008,8.779287],[113.97201,8.769538],[113.962635,8.779662]],[[113.967308,15.862662],[114.002074,15.905917],[113.991361,15.87196],[113.967308,15.862662]],[[113.980851,15.425665],[113.986712,15.445474],[114.03502,15.434761],[114.04068,15.422229],[114.019457,15.410304],[113.980851,15.425665]],[[114.001749,9.996489],[114.002592,10.001544],[114.007802,10.000026],[114.001749,9.996489]],[[114.003088,21.853754],[114.026085,21.874394],[114.008658,21.845932],[114.003088,21.853754]],[[114.025008,22.098267],[114.041736,22.110467],[114.049075,22.091258],[114.025008,22.098267]],[[114.030523,21.88947],[114.059528,21.913468],[114.05615,21.901404],[114.071541,21.901549],[114.037393,21.88256],[114.030523,21.88947]],[[114.043162,7.939339],[114.057454,7.933381],[114.046223,7.930862],[114.043162,7.939339]],[[114.052201,15.949172],[114.062308,15.968778],[114.078478,15.962715],[114.070191,15.940885],[114.052201,15.949172]],[[114.05544,10.912506],[114.075859,10.93917],[114.095386,10.946306],[114.104505,10.935601],[114.103415,10.920336],[114.077841,10.90527],[114.05544,10.912506]],[[114.079912,22.359578],[114.107275,22.363093],[114.117802,22.331123],[114.091986,22.326175],[114.079912,22.359578]],[[114.088584,15.984544],[114.105159,15.989799],[114.141339,15.970193],[114.10051,15.96898],[114.088584,15.984544]],[[114.104542,22.220216],[114.1196,22.239001],[114.139653,22.209155],[114.12803,22.179049],[114.118503,22.18038],[114.119642,22.218624],[114.104542,22.220216]],[[114.116503,22.274509],[114.145712,22.290529],[114.234388,22.284484],[114.257117,22.261951],[114.258891,22.209694],[114.242341,22.207884],[114.229965,22.231536],[114.214269,22.219986],[114.223097,22.195808],[114.212878,22.194246],[114.198273,22.233927],[114.179344,22.244537],[114.172165,22.229759],[114.116503,22.274509]],[[114.120649,8.101523],[114.130773,8.116522],[114.145397,8.111273],[114.120649,8.101523]],[[114.1213,21.984731],[114.165559,22.00121],[114.147654,21.980663],[114.1213,21.984731]],[[114.157322,8.750716],[114.165891,8.758398],[114.196406,8.738746],[114.20532,8.698603],[114.177748,8.674095],[114.157322,8.750716]],[[114.170124,11.034278],[114.192872,11.052566],[114.18633,11.027835],[114.170124,11.034278]],[[114.174689,15.443048],[114.193083,15.439208],[114.196317,15.426272],[114.174689,15.443048]],[[114.176231,21.993818],[114.187157,22.012399],[114.213376,22.012192],[114.214233,21.997315],[114.176231,21.993818]],[[114.192007,9.375224],[114.201753,9.399963],[114.22949,9.393965],[114.227241,9.369227],[114.213747,9.36323],[114.192007,9.375224]],[[114.199146,16.026788],[114.205008,16.037501],[114.250487,16.042352],[114.286061,16.031841],[114.199146,16.026788]],[[114.203132,11.058216],[114.211161,11.054251],[114.205709,11.050385],[114.203132,11.058216]],[[114.211678,15.42708],[114.235731,15.432335],[114.224008,15.420006],[114.211678,15.42708]],[[114.214779,11.057175],[114.215869,11.064559],[114.233513,11.061734],[114.214779,11.057175]],[[114.216315,10.210818],[114.225979,10.216865],[114.225038,10.198726],[114.216315,10.210818]],[[114.218207,22.024744],[114.315883,22.066655],[114.303533,22.044377],[114.218207,22.024744]],[[114.243128,10.245238],[114.303146,10.300152],[114.357069,10.327906],[114.355879,10.309668],[114.243128,10.245238]],[[114.250264,9.769798],[114.25418,9.781246],[114.266471,9.767419],[114.259879,9.760183],[114.250264,9.769798]],[[114.250711,10.169881],[114.256757,10.166263],[114.254328,10.156648],[114.250711,10.169881]],[[114.251355,11.07918],[114.261019,11.074769],[114.255468,11.066939],[114.251355,11.07918]],[[114.253542,22.161088],[114.267313,22.18092],[114.274532,22.163328],[114.253542,22.161088]],[[114.264231,15.53259],[114.274944,15.540877],[114.281816,15.529962],[114.275348,15.522281],[114.264231,15.53259]],[[114.27108,9.703534],[114.272369,9.732577],[114.283569,9.739913],[114.293928,9.719468],[114.288625,9.70512],[114.27108,9.703534]],[[114.276383,9.860099],[114.290056,9.851369],[114.278118,9.847907],[114.276383,9.860099]],[[114.277746,11.05181],[114.284288,11.056184],[114.290037,11.052553],[114.277746,11.05181]],[[114.289497,16.036086],[114.293944,16.050033],[114.310518,16.04599],[114.301423,16.031639],[114.289497,16.036086]],[[114.296604,11.390474],[114.306517,11.396359],[114.309787,11.37957],[114.299181,11.375804],[114.296604,11.390474]],[[114.302276,22.368488],[114.317805,22.377902],[114.327612,22.350989],[114.312325,22.343016],[114.302276,22.368488]],[[114.302403,9.881955],[114.312293,9.876237],[114.30441,9.876082],[114.302403,9.881955]],[[114.308697,11.05772],[114.326043,11.069813],[114.344282,11.051872],[114.308697,11.05772]],[[114.314645,10.694635],[114.347652,10.732698],[114.381651,10.736266],[114.443503,10.779285],[114.41337,10.74261],[114.371144,10.720604],[114.371343,10.705736],[114.337641,10.709305],[114.314645,10.694635]],[[114.316582,15.740376],[114.331135,15.743003],[114.332146,15.729865],[114.316582,15.740376]],[[114.317916,11.409902],[114.325647,11.415056],[114.321285,11.405788],[114.317916,11.409902]],[[114.327729,11.428537],[114.331793,11.430891],[114.332387,11.426084],[114.327729,11.428537]],[[114.32815,9.885722],[114.330864,9.886378],[114.331867,9.884306],[114.32815,9.885722]],[[114.340618,8.505684],[114.35491,8.499726],[114.343679,8.497207],[114.340618,8.505684]],[[114.35013,11.448708],[114.356647,11.451509],[114.354728,11.448337],[114.35013,11.448708]],[[114.350527,11.400882],[114.363611,11.406532],[114.355186,11.395529],[114.350527,11.400882]],[[114.353494,8.517834],[114.361247,8.519844],[114.361534,8.512091],[114.353494,8.517834]],[[114.35438,16.063777],[114.385911,16.078734],[114.39723,16.071862],[114.397028,16.059128],[114.35438,16.063777]],[[114.360043,10.37499],[114.371665,10.379971],[114.366486,10.375188],[114.360043,10.37499]],[[114.364206,11.093206],[114.383634,11.091223],[114.372135,11.076256],[114.364206,11.093206]],[[114.364899,10.179768],[114.367055,10.180536],[114.369459,10.17895],[114.364899,10.179768]],[[114.366634,9.782065],[114.376397,9.780256],[114.368938,9.775572],[114.366634,9.782065]],[[114.370004,11.413371],[114.379917,11.412875],[114.374316,11.405441],[114.370004,11.413371]],[[114.374662,11.461495],[114.394883,11.469772],[114.400136,11.455597],[114.374662,11.461495]],[[114.380264,10.693941],[114.408117,10.678081],[114.380362,10.680113],[114.380264,10.693941]],[[114.380462,11.435277],[114.385517,11.442662],[114.383584,11.431659],[114.380462,11.435277]],[[114.387995,9.898484],[114.401376,9.897393],[114.395429,9.891694],[114.387995,9.898484]],[[114.393546,10.205565],[114.425463,10.22876],[114.452425,10.230346],[114.41674,10.202393],[114.393546,10.205565]],[[114.394467,10.024611],[114.408903,10.041032],[114.442467,10.045002],[114.460693,10.022626],[114.431279,9.993573],[114.404392,10.002054],[114.394467,10.024611]],[[114.399493,9.797181],[114.403953,9.802905],[114.407472,9.795595],[114.399493,9.797181]],[[114.404709,15.600707],[114.424719,15.602122],[114.430176,15.588579],[114.404709,15.600707]],[[114.407538,16.066607],[114.420879,16.077522],[114.470399,16.078532],[114.440081,16.037096],[114.435634,16.057915],[114.414815,16.055288],[114.407538,16.066607]],[[114.419262,15.848715],[114.43523,15.850736],[114.43907,15.835577],[114.419262,15.848715]],[[114.42296,10.667896],[114.424076,10.670424],[114.42529,10.666137],[114.42296,10.667896]],[[114.430302,9.731875],[114.461535,9.728455],[114.451732,9.702922],[114.43053,9.708393],[114.430302,9.731875]],[[114.449985,15.592217],[114.484953,15.591611],[114.489197,15.577866],[114.45524,15.578069],[114.449985,15.592217]],[[114.452325,10.669656],[114.455497,10.684524],[114.46868,10.674314],[114.452325,10.669656]],[[114.455745,9.910478],[114.475768,9.900318],[114.457827,9.897294],[114.455745,9.910478]],[[114.460478,9.826583],[114.464592,9.837573],[114.470886,9.829148],[114.460478,9.826583]],[[114.466302,10.244619],[114.503175,10.24224],[114.517449,10.228759],[114.466302,10.244619]],[[114.47106,10.802084],[114.573156,10.896448],[114.583465,10.889708],[114.56483,10.831622],[114.561856,10.864134],[114.517846,10.840741],[114.482558,10.79792],[114.47106,10.802084]],[[114.474645,15.904502],[114.499102,15.912182],[114.502942,15.900661],[114.488794,15.890959],[114.474645,15.904502]],[[114.478967,10.376288],[114.48008,10.376626],[114.481824,10.373695],[114.478967,10.376288]],[[114.482527,15.784035],[114.486974,15.79596],[114.498293,15.791513],[114.482527,15.784035]],[[114.488158,9.906612],[114.501441,9.922273],[114.502729,9.908148],[114.488158,9.906612]],[[114.488555,9.855762],[114.495419,9.852243],[114.492891,9.847758],[114.488555,9.855762]],[[114.489399,16.069437],[114.492027,16.080958],[114.540133,16.093894],[114.509612,16.055894],[114.489399,16.069437]],[[114.496435,10.694635],[114.572561,10.753315],[114.578508,10.798714],[114.599027,10.768084],[114.584753,10.737554],[114.55234,10.728138],[114.535588,10.701574],[114.496435,10.694635]],[[114.505306,9.870754],[114.516978,9.868028],[114.509371,9.862576],[114.505306,9.870754]],[[114.515566,9.931987],[114.517746,9.941057],[114.530236,9.936299],[114.528501,9.922521],[114.515566,9.931987]],[[114.517298,8.10696],[114.538497,8.131132],[114.633562,8.156034],[114.666152,8.160651],[114.675633,8.145888],[114.517298,8.10696]],[[114.528501,9.887481],[114.535489,9.895064],[114.535093,9.88307],[114.528501,9.887481]],[[114.533903,10.247196],[114.581482,10.272572],[114.61221,10.26821],[114.551349,10.238077],[114.533903,10.247196]],[[114.541144,15.971001],[114.552867,15.984544],[114.558122,15.974033],[114.549431,15.964331],[114.541144,15.971001]],[[114.545798,10.353877],[114.568695,10.406114],[114.5907,10.414837],[114.562649,10.348921],[114.545798,10.353877]],[[114.548202,9.962864],[114.577542,9.968861],[114.574073,9.958205],[114.548202,9.962864]],[[114.55571,11.329513],[114.569389,11.350131],[114.589808,11.342796],[114.576328,11.31861],[114.55571,11.329513]],[[114.559739,15.896012],[114.561356,15.904704],[114.577931,15.907938],[114.559739,15.896012]],[[114.562673,9.905608],[114.565486,9.90562],[114.565003,9.901581],[114.562673,9.905608]],[[114.564631,10.327089],[114.637387,10.334226],[114.616968,10.312617],[114.582473,10.310833],[114.564631,10.327089]],[[114.567825,15.844066],[114.591878,15.85296],[114.577325,15.835577],[114.567825,15.844066]],[[114.583589,9.978426],[114.592286,9.98249],[114.5936,9.972107],[114.583589,9.978426]],[[114.587431,15.610611],[114.588846,15.623951],[114.620781,15.633653],[114.622803,15.622738],[114.598952,15.605558],[114.587431,15.610611]],[[114.593203,9.913748],[114.603214,9.90391],[114.593971,9.900119],[114.593203,9.913748]],[[114.593972,11.320791],[114.60547,11.33665],[114.640361,11.332091],[114.634215,11.316033],[114.59754,11.310878],[114.593972,11.320791]],[[114.603685,11.423085],[114.60884,11.513088],[114.635603,11.528155],[114.646704,11.522802],[114.633422,11.483351],[114.639171,11.427843],[114.624303,11.404053],[114.603685,11.423085]],[[114.604677,11.360836],[114.629457,11.373722],[114.639171,11.358457],[114.623906,11.34458],[114.608245,11.345769],[114.604677,11.360836]],[[114.607421,9.997383],[114.670395,10.006452],[114.657583,9.955764],[114.657918,9.997563],[114.633856,9.989441],[114.607421,9.997383]],[[114.611484,16.137958],[114.670505,16.176564],[114.656558,16.155745],[114.611484,16.137958]],[[114.63279,8.838805],[114.634099,8.865285],[114.681263,8.876818],[114.63279,8.838805]],[[114.636396,10.296956],[114.650075,10.30548],[114.647101,10.320547],[114.723624,10.374668],[114.706178,10.344931],[114.711729,10.319754],[114.685957,10.298938],[114.644524,10.289224],[114.636396,10.296956]],[[114.638973,15.891161],[114.65959,15.904704],[114.646653,15.881055],[114.638973,15.891161]],[[114.639175,15.966555],[114.651909,15.984544],[114.667877,15.982118],[114.669494,15.968778],[114.639175,15.966555]],[[114.645615,7.572527],[114.648252,7.598861],[114.671804,7.616076],[114.705185,7.593373],[114.702583,7.562184],[114.68675,7.552558],[114.662354,7.554414],[114.645615,7.572527]],[[114.648289,10.963158],[114.672079,10.967916],[114.659688,10.957409],[114.648289,10.963158]],[[114.662563,11.00023],[114.67426,11.02392],[114.67079,11.001816],[114.662563,11.00023]],[[114.679398,15.686003],[114.697792,15.690046],[114.700419,15.668419],[114.679398,15.686003]],[[114.681595,11.4891],[114.689525,11.507141],[114.721443,11.501193],[114.719064,11.467294],[114.735716,11.442116],[114.725209,11.426257],[114.708358,11.427843],[114.681595,11.4891]],[[114.681793,10.992697],[114.706375,11.001618],[114.689128,10.984767],[114.681793,10.992697]],[[114.685664,16.178181],[114.798653,16.218808],[114.831801,16.200617],[114.81644,16.198595],[114.811791,16.16484],[114.798248,16.185255],[114.685664,16.178181]],[[114.688936,8.173044],[114.705333,8.187308],[114.768161,8.158664],[114.760719,8.150608],[114.688936,8.173044]],[[114.690313,15.854375],[114.691122,15.865289],[114.708707,15.869332],[114.690313,15.854375]],[[114.696319,9.725451],[114.706713,9.738732],[114.725191,9.73007],[114.718262,9.711015],[114.696319,9.725451]],[[114.716883,11.07477],[114.740077,11.116897],[114.736806,11.094],[114.716883,11.07477]],[[114.718417,11.014928],[114.779825,11.072985],[114.746524,11.027866],[114.718417,11.014928]],[[114.721643,15.774535],[114.731143,15.786258],[114.741451,15.776758],[114.734579,15.761195],[114.721643,15.774535]],[[114.744934,11.132063],[114.768723,11.149508],[114.76347,11.135334],[114.744934,11.132063]],[[114.750748,16.065798],[114.765706,16.080351],[114.77844,16.074894],[114.77177,16.053671],[114.750748,16.065798]],[[114.764493,16.003139],[114.778035,16.023958],[114.791578,16.017895],[114.795216,16.004554],[114.779046,15.992629],[114.764493,16.003139]],[[114.772445,8.138612],[114.797532,8.141593],[114.804087,8.116544],[114.789843,8.11588],[114.793883,8.127632],[114.772445,8.138612]],[[114.7746,15.868321],[114.78794,15.892374],[114.814621,15.879236],[114.792387,15.824864],[114.781876,15.829311],[114.7746,15.868321]],[[114.780123,11.145344],[114.788351,11.158428],[114.806787,11.152184],[114.803417,11.140091],[114.780123,11.145344]],[[114.790431,11.051972],[114.803714,11.077446],[114.821556,11.074869],[114.823141,11.059009],[114.790431,11.051972]],[[114.798262,11.099551],[114.809661,11.128098],[114.810157,11.108472],[114.798262,11.099551]],[[114.814418,16.046192],[114.822503,16.059937],[114.833014,16.051043],[114.825535,16.040128],[114.814418,16.046192]],[[114.834631,15.906321],[114.854641,15.92714],[114.857673,15.913598],[114.834631,15.906321]],[[114.839259,7.188243],[114.859623,7.206514],[114.885169,7.192171],[114.855346,7.162508],[114.84297,7.16361],[114.839259,7.188243]],[[114.863857,7.984665],[114.873953,8.005761],[114.893354,8.010516],[114.910923,7.975413],[114.882396,7.962037],[114.863857,7.984665]],[[114.870547,10.847459],[114.870547,10.852337],[114.880071,10.853034],[114.870547,10.847459]],[[114.878897,16.063171],[114.910226,16.070649],[114.93812,16.04983],[114.926194,15.999905],[114.921545,16.035682],[114.878897,16.063171]],[[114.898656,10.86279],[114.933965,10.905533],[114.925138,10.866739],[114.898656,10.86279]],[[115.007474,7.503552],[115.011948,7.52017],[115.029573,7.526321],[115.047798,7.498148],[115.030963,7.480552],[115.007474,7.503552]],[[115.021891,11.0815],[115.027001,11.084404],[115.023168,11.078945],[115.021891,11.0815]],[[115.076258,10.344875],[115.085149,10.348978],[115.085833,10.338491],[115.076258,10.344875]],[[115.131926,10.539036],[115.142798,10.548822],[115.149262,10.537606],[115.131926,10.539036]],[[115.16898,8.384794],[115.192978,8.388919],[115.210977,8.370545],[115.261224,8.368295],[115.275848,8.356671],[115.261973,8.346172],[115.191103,8.354421],[115.16898,8.384794]],[[115.174759,9.995687],[115.176942,10.009095],[115.186094,10.004576],[115.174759,9.995687]],[[115.236215,8.48935],[115.257214,8.514099],[115.275962,8.487851],[115.264713,8.469102],[115.239965,8.473602],[115.236215,8.48935]],[[115.278912,10.198056],[115.28142,10.216978],[115.303534,10.199424],[115.326103,10.200792],[115.287347,10.175715],[115.278912,10.198056]],[[115.357582,13.950356],[115.394707,13.978788],[115.418922,13.978658],[115.434128,13.962392],[115.434021,13.944966],[115.393135,13.926517],[115.357582,13.950356]],[[115.358476,10.245134],[115.360755,10.254481],[115.375118,10.256988],[115.358476,10.245134]],[[115.394339,7.993695],[115.395414,8.052549],[115.404382,8.056918],[115.417924,8.050964],[115.433274,8.002327],[115.428891,7.986162],[115.403434,7.980405],[115.394339,7.993695]],[[115.4054,8.320616],[115.427898,8.346114],[115.429398,8.333365],[115.4054,8.320616]],[[115.427759,9.380762],[115.451871,9.415591],[115.456694,9.356114],[115.439011,9.350756],[115.427759,9.380762]],[[115.501754,9.891166],[115.506649,9.933063],[115.578907,9.9225],[115.583665,9.903215],[115.556138,9.876728],[115.501754,9.891166]],[[115.508911,8.477406],[115.534555,8.483406],[115.539616,8.455456],[115.51119,8.450151],[115.508911,8.477406]],[[115.695534,10.491451],[115.71326,10.516372],[115.715892,10.503561],[115.695534,10.491451]],[[115.722854,10.52521],[115.724961,10.538321],[115.742053,10.540194],[115.722854,10.52521]],[[115.722913,10.466179],[115.727827,10.465828],[115.727125,10.460738],[115.722913,10.466179]],[[115.762752,10.458105],[115.786796,10.474427],[115.780653,10.456175],[115.762752,10.458105]],[[115.779981,10.541131],[115.795902,10.541131],[115.796604,10.530829],[115.779981,10.541131]],[[115.802222,10.733193],[115.804592,10.733428],[115.803714,10.731115],[115.802222,10.733193]],[[115.818614,10.814972],[115.823387,10.822674],[115.829787,10.821155],[115.818614,10.814972]],[[115.840092,10.845237],[115.85658,10.846538],[115.861787,10.827013],[115.846818,10.828098],[115.840092,10.845237]],[[115.840881,9.767092],[115.855884,9.794419],[115.88589,9.795491],[115.890177,9.77888],[115.844632,9.657784],[115.840881,9.767092]],[[115.895534,9.324501],[115.92554,9.336289],[115.961977,9.330931],[115.895534,9.324501]],[[115.901185,20.967734],[115.904181,20.981549],[115.929955,20.983945],[115.985652,20.944072],[115.994945,20.903877],[115.974894,20.895727],[115.944162,20.904627],[115.901185,20.967734]],[[115.913637,10.888572],[115.930993,10.91287],[115.952254,10.904626],[115.940105,10.876422],[115.913637,10.888572]],[[115.915872,21.089696],[115.918354,21.103065],[115.966514,21.120027],[116.049689,21.100119],[116.068783,21.067949],[116.068684,21.022034],[116.027764,21.001122],[115.99909,21.01181],[115.915872,21.089696]],[[115.959635,8.456054],[115.973521,8.455984],[115.972221,8.44373],[115.959635,8.456054]],[[115.997924,10.480395],[116.011262,10.503561],[116.033726,10.512687],[116.064615,10.502859],[116.093397,10.474779],[116.100417,10.439679],[116.081463,10.422128],[116.03513,10.425638],[116.001434,10.450209],[115.997924,10.480395]],[[116.088231,10.80374],[116.089218,10.816492],[116.094484,10.802424],[116.088231,10.80374]],[[116.134671,10.139378],[116.137125,10.153016],[116.161128,10.144287],[116.160583,10.127649],[116.134671,10.139378]],[[116.160598,10.63826],[116.164971,10.662604],[116.175612,10.629513],[116.163951,10.608813],[116.160598,10.63826]],[[116.181129,9.604202],[116.190238,9.618669],[116.206849,9.60956],[116.199883,9.592414],[116.181129,9.604202]],[[116.19695,10.749018],[116.197937,10.76177],[116.203203,10.747702],[116.19695,10.749018]],[[116.253023,8.880254],[116.26626,8.922075],[116.296458,8.922263],[116.27833,8.884894],[116.253023,8.880254]],[[116.432431,9.516862],[116.439397,9.526507],[116.446898,9.51847],[116.442612,9.506682],[116.432431,9.516862]],[[116.439774,10.901232],[116.452279,10.903371],[116.450881,10.895637],[116.439774,10.901232]],[[116.442287,9.797028],[116.451216,9.810827],[116.459063,9.785393],[116.449593,9.782146],[116.442287,9.797028]],[[116.450941,9.173396],[116.454692,9.183577],[116.471838,9.178219],[116.450941,9.173396]],[[116.461498,9.791616],[116.469885,9.804469],[116.489908,9.803386],[116.519671,9.786611],[116.527247,9.761718],[116.481791,9.765506],[116.461498,9.791616]],[[116.486908,10.379052],[116.52271,10.431703],[116.54728,10.445041],[116.555704,10.419769],[116.528326,10.372032],[116.551492,10.351674],[116.613971,10.360098],[116.663111,10.383967],[116.682768,10.369926],[116.642753,10.32921],[116.560618,10.30464],[116.50867,10.30815],[116.48761,10.333422],[116.486908,10.379052]],[[116.488285,9.817321],[116.499108,9.82625],[116.506684,9.811368],[116.501814,9.804063],[116.488285,9.817321]],[[116.555658,9.761041],[116.571892,9.767535],[116.568916,9.758065],[116.555658,9.761041]],[[116.582174,9.754007],[116.588126,9.764829],[116.596244,9.757795],[116.591373,9.747783],[116.582174,9.754007]],[[116.588847,10.403669],[116.600254,10.403318],[116.596042,10.397176],[116.588847,10.403669]],[[116.59598,9.020515],[116.603202,9.030759],[116.60253,9.020515],[116.59598,9.020515]],[[116.612749,9.852901],[116.619243,9.867107],[116.620325,9.848031],[116.612749,9.852901]],[[116.626819,9.737502],[116.633583,9.745078],[116.640618,9.73669],[116.626819,9.737502]],[[116.649066,10.498907],[116.672934,10.541378],[116.717863,10.569459],[116.76595,10.515053],[116.750155,10.495046],[116.660298,10.489781],[116.649066,10.498907]],[[116.649429,9.056844],[116.663897,9.060595],[116.679436,9.03434],[116.651037,9.043449],[116.649429,9.056844]],[[116.675018,10.413936],[116.686425,10.413585],[116.682213,10.407443],[116.675018,10.413936]],[[116.675079,20.675016],[116.683659,20.714157],[116.713921,20.732638],[116.728785,20.727509],[116.729905,20.717268],[116.714447,20.723344],[116.694487,20.704059],[116.712278,20.685383],[116.698769,20.676089],[116.716905,20.670388],[116.675079,20.675016]],[[116.6894,16.334364],[116.72049,16.376366],[116.749062,16.353458],[116.731682,16.30262],[116.709419,16.298792],[116.6894,16.334364]],[[116.704358,10.940064],[116.716863,10.942203],[116.715465,10.934469],[116.704358,10.940064]],[[116.70437,10.863963],[116.716875,10.866102],[116.715477,10.858368],[116.70437,10.863963]],[[116.71072,20.704068],[116.722586,20.707372],[116.734183,20.698439],[116.71072,20.704068]],[[116.74966,9.779846],[116.756154,9.794052],[116.757236,9.774976],[116.74966,9.779846]],[[116.764589,20.590892],[116.864996,20.609839],[116.88704,20.630446],[116.891507,20.685029],[116.868548,20.718718],[116.81391,20.69223],[116.800539,20.718645],[116.771114,20.733068],[116.773727,20.744113],[116.807234,20.762487],[116.86816,20.763722],[116.913107,20.732553],[116.931515,20.693448],[116.932298,20.641475],[116.90182,20.588678],[116.869012,20.567499],[116.794169,20.554665],[116.766538,20.575521],[116.764589,20.590892]],[[116.81809,11.919853],[116.830595,11.921992],[116.829197,11.914258],[116.81809,11.919853]],[[116.847032,10.494958],[116.870374,10.521108],[116.896875,10.513386],[116.896524,10.496186],[116.869497,10.47653],[116.848085,10.481795],[116.847032,10.494958]],[[116.86957,10.827106],[116.882075,10.829245],[116.880677,10.821511],[116.86957,10.827106]],[[116.918523,23.558249],[116.971782,23.601543],[116.959741,23.543154],[116.923807,23.539572],[116.918523,23.558249]],[[116.919629,9.455213],[116.930812,9.465851],[116.925902,9.448667],[116.919629,9.455213]],[[116.932033,23.535328],[117.011478,23.569864],[117.018906,23.5564],[116.99466,23.534834],[116.989306,23.508581],[116.940063,23.521063],[116.932033,23.535328]],[[116.943964,23.439753],[116.978035,23.463763],[117.021622,23.440847],[117.045389,23.467989],[117.071264,23.476408],[117.087952,23.460321],[117.120037,23.486148],[117.120125,23.463858],[117.138436,23.461714],[117.146839,23.446144],[117.130891,23.441585],[117.137103,23.403458],[117.117575,23.394508],[117.082083,23.412623],[117.046387,23.403606],[117.024065,23.417693],[116.945808,23.423119],[116.943964,23.439753]],[[116.957598,10.553576],[116.963565,10.57955],[116.983923,10.582358],[116.998666,10.559192],[116.983923,10.54445],[116.957598,10.553576]],[[117.017071,10.599003],[117.029707,10.598301],[117.024969,10.590754],[117.017071,10.599003]],[[117.062701,10.599003],[117.075337,10.598301],[117.070599,10.590754],[117.062701,10.599003]],[[117.18178,10.619133],[117.187323,10.637701],[117.209218,10.642967],[117.238041,10.607492],[117.228341,10.586706],[117.198132,10.592249],[117.18178,10.619133]],[[117.184278,10.751203],[117.19675,10.762012],[117.227236,10.756746],[117.235273,10.731525],[117.221693,10.722102],[117.188989,10.728754],[117.184278,10.751203]],[[117.256095,11.107084],[117.262192,11.122882],[117.317344,11.142005],[117.355314,11.077152],[117.344782,11.042786],[117.31679,11.020337],[117.29739,11.023109],[117.256095,11.107084]],[[117.290703,10.704504],[117.341975,10.767971],[117.380775,10.774345],[117.439253,10.745522],[117.449508,10.659884],[117.428722,10.652124],[117.392138,10.67679],[117.305392,10.686213],[117.290703,10.704504]],[[117.298002,10.341193],[117.312042,10.383313],[117.337314,10.372783],[117.338718,10.338385],[117.328188,10.327153],[117.308532,10.327153],[117.298002,10.341193]],[[117.319828,23.583983],[117.372742,23.636336],[117.361667,23.671837],[117.340599,23.685644],[117.362287,23.720594],[117.350859,23.752162],[117.386435,23.783521],[117.441105,23.738928],[117.489949,23.763205],[117.52591,23.736312],[117.513514,23.714134],[117.486803,23.722211],[117.469218,23.656583],[117.444033,23.664961],[117.423829,23.653703],[117.414892,23.629173],[117.425425,23.589574],[117.325182,23.5732],[117.319828,23.583983]],[[117.373958,10.116304],[117.38354,10.151896],[117.413656,10.133416],[117.404759,10.106722],[117.373958,10.116304]],[[117.461877,11.087823],[117.48488,11.110965],[117.514951,11.104729],[117.508576,11.087961],[117.461877,11.087823]],[[117.654335,11.045781],[117.675208,11.075094],[117.694194,11.066153],[117.68268,11.036923],[117.654335,11.045781]],[[117.661554,10.641446],[117.661554,10.659183],[117.686497,10.677752],[117.708946,10.666112],[117.705343,10.653086],[117.661554,10.641446]],[[117.704002,15.17033],[117.710999,15.22436],[117.738503,15.23591],[117.778297,15.18909],[117.831596,15.16423],[117.848747,15.124778],[117.837418,15.124194],[117.8246,15.15567],[117.775101,15.17401],[117.735603,15.22105],[117.721497,15.21769],[117.716301,15.19715],[117.720741,15.132916],[117.828529,15.111678],[117.722572,15.10734],[117.708504,15.12017],[117.704002,15.17033]],[[117.714859,15.088861],[117.727303,15.096361],[117.723694,15.082055],[117.714859,15.088861]],[[117.725555,15.202306],[117.729721,15.210167],[117.734749,15.205611],[117.725555,15.202306]],[[117.748611,15.094055],[117.759193,15.099],[117.764969,15.089861],[117.748611,15.094055]],[[117.779619,10.749464],[117.782113,10.799905],[117.805671,10.85284],[117.829228,10.868083],[117.841423,10.86254],[117.85916,10.836211],[117.851677,10.792976],[117.797911,10.740595],[117.779619,10.749464]],[[117.799469,15.092305],[117.814476,15.103723],[117.811531,15.091528],[117.799469,15.092305]],[[117.804604,15.12095],[117.809502,15.12438],[117.814598,15.12021],[117.804604,15.12095]],[[117.821045,15.136478],[117.825943,15.139909],[117.831039,15.135738],[117.821045,15.136478]],[[118.067585,24.457505],[118.087851,24.540748],[118.106248,24.555025],[118.139765,24.559921],[118.193028,24.529156],[118.195761,24.479632],[118.131588,24.424042],[118.085447,24.435848],[118.067585,24.457505]],[[118.222531,24.408506],[118.230663,24.447621],[118.264266,24.443371],[118.263186,24.422713],[118.222531,24.408506]],[[118.288726,24.47041],[118.317166,24.487585],[118.375198,24.461337],[118.408694,24.529187],[118.444284,24.509226],[118.4731,24.44979],[118.455816,24.418073],[118.438207,24.410671],[118.401727,24.435229],[118.370546,24.43136],[118.324245,24.385665],[118.297167,24.395831],[118.294585,24.413593],[118.30946,24.43151],[118.30291,24.4618],[118.288726,24.47041]],[[118.291474,24.5677],[118.315399,24.576549],[118.38025,24.562234],[118.373765,24.538116],[118.337421,24.525277],[118.291474,24.5677]],[[118.417275,39.007695],[118.486962,39.049838],[118.524126,39.044013],[118.567702,38.990858],[118.629628,39.048689],[118.615999,39.067129],[118.633439,39.074259],[118.647132,39.045232],[118.595749,38.974467],[118.514899,38.918627],[118.503008,38.918163],[118.468774,38.971426],[118.468137,39.011213],[118.454927,39.011068],[118.452085,38.942301],[118.418503,38.959979],[118.417275,39.007695]],[[118.897882,39.140869],[118.982905,39.186363],[118.909599,39.122481],[118.897882,39.140869]],[[119.107351,25.077016],[119.123954,25.095646],[119.139926,25.095171],[119.120384,25.032956],[119.108496,25.040293],[119.11813,25.06025],[119.107351,25.077016]],[[119.368272,34.763444],[119.472568,34.765947],[119.463169,34.749949],[119.368272,34.763444]],[[119.418536,23.214791],[119.448787,23.217716],[119.444148,23.199244],[119.424151,23.189329],[119.418536,23.214791]],[[119.438901,25.231551],[119.470662,25.259585],[119.492593,25.244551],[119.491882,25.224073],[119.550574,25.203016],[119.550368,25.172957],[119.527517,25.165114],[119.503606,25.185861],[119.441734,25.205873],[119.438901,25.231551]],[[119.494985,23.381697],[119.501203,23.388329],[119.512319,23.373803],[119.511083,23.355334],[119.496198,23.363675],[119.494985,23.381697]],[[119.500738,23.565745],[119.513526,23.644348],[119.523315,23.64141],[119.524985,23.598829],[119.515166,23.561669],[119.500738,23.565745]],[[119.539345,26.084696],[119.564316,26.118102],[119.585868,26.126381],[119.625381,26.118416],[119.649642,26.074916],[119.637003,26.061365],[119.57221,26.065252],[119.539345,26.084696]],[[119.568733,23.571981],[119.60347,23.574181],[119.609627,23.602103],[119.62333,23.601854],[119.628182,23.582481],[119.650704,23.589199],[119.653916,23.608786],[119.683954,23.582826],[119.686113,23.563454],[119.652108,23.559238],[119.618081,23.537213],[119.610214,23.509077],[119.573295,23.507553],[119.570396,23.529852],[119.598015,23.525089],[119.604637,23.539496],[119.568733,23.571981]],[[119.573074,25.643493],[119.60745,25.668485],[119.577816,25.631046],[119.573074,25.643493]],[[119.573265,23.660944],[119.599961,23.673076],[119.609971,23.662017],[119.600877,23.635228],[119.573265,23.660944]],[[119.598351,23.739519],[119.611848,23.753466],[119.621622,23.741508],[119.604707,23.731174],[119.598351,23.739519]],[[119.601418,26.158293],[119.621925,26.174815],[119.651484,26.154967],[119.64958,26.138218],[119.613925,26.143417],[119.601418,26.158293]],[[119.651083,26.662809],[119.666092,26.678802],[119.701523,26.668158],[119.74304,26.680774],[119.717229,26.643901],[119.667008,26.637598],[119.651083,26.662809]],[[119.663269,25.654526],[119.681285,25.650372],[119.713824,25.666184],[119.716684,25.643179],[119.669989,25.636559],[119.663269,25.654526]],[[119.672519,25.468439],[119.679981,25.499528],[119.721713,25.513239],[119.690694,25.603271],[119.731905,25.64412],[119.779994,25.667279],[119.770172,25.639799],[119.782708,25.611572],[119.80968,25.618668],[119.837237,25.599725],[119.821817,25.583218],[119.880706,25.561254],[119.868033,25.545695],[119.841855,25.552855],[119.811475,25.542914],[119.805237,25.494846],[119.825311,25.481788],[119.856472,25.48429],[119.856972,25.463175],[119.830879,25.472008],[119.758615,25.440883],[119.750457,25.427572],[119.769231,25.417799],[119.76772,25.39731],[119.681167,25.44376],[119.684019,25.46413],[119.672519,25.468439]],[[119.693711,25.369649],[119.72068,25.381126],[119.721159,25.360691],[119.7033,25.35745],[119.693711,25.369649]],[[119.756726,26.622454],[119.794537,26.632394],[119.803847,26.6153],[119.771869,26.604063],[119.756726,26.622454]],[[119.810799,34.98661],[119.813941,34.986024],[119.815064,34.98443],[119.810799,34.98661]],[[119.820191,34.995851],[119.825006,34.994636],[119.821576,34.994212],[119.820191,34.995851]],[[119.820329,34.990784],[119.821094,34.99029],[119.820577,34.990032],[119.820329,34.990784]],[[119.888431,35.010087],[119.894413,35.009234],[119.889405,35.006862],[119.888431,35.010087]],[[119.902501,26.690371],[119.938903,26.696382],[119.931474,26.671386],[119.902501,26.690371]],[[119.905216,35.139182],[119.908608,35.141629],[119.914774,35.1403],[119.905216,35.139182]],[[119.913956,26.154867],[119.926184,26.172242],[119.934907,26.159636],[119.970571,26.161693],[119.928348,26.139541],[119.913956,26.154867]],[[119.92204,25.977967],[119.944744,25.975414],[119.933004,25.968757],[119.92204,25.977967]],[[119.963555,25.947029],[119.975827,25.975503],[119.988585,25.969784],[119.963555,25.947029]],[[119.965958,26.199263],[119.979204,26.226239],[120.011901,26.235698],[120.012849,26.214292],[119.977168,26.214825],[119.973126,26.19444],[119.965958,26.199263]],[[120.000324,23.472928],[120.081085,23.524106],[120.060635,23.479576],[120.03627,23.481351],[120.004464,23.460318],[120.000324,23.472928]],[[120.02798,26.493936],[120.034835,26.513322],[120.062165,26.526844],[120.058782,26.500388],[120.02798,26.493936]],[[120.031591,23.073384],[120.080109,23.203598],[120.097855,23.294811],[120.138972,23.374195],[120.157282,23.384967],[120.149677,23.454252],[120.119428,23.49547],[120.118922,23.515041],[120.145841,23.520805],[120.143957,23.649327],[120.163185,23.68335],[120.181914,23.798641],[120.227456,23.84667],[120.242238,23.84233],[120.287093,23.87469],[120.319095,23.935839],[120.304405,23.940629],[120.371525,24.039825],[120.377526,24.076519],[120.426267,24.084265],[120.436512,24.121433],[120.404017,24.125866],[120.438644,24.158177],[120.459673,24.159029],[120.485905,24.197417],[120.468215,24.212519],[120.494636,24.269796],[120.526773,24.274192],[120.519987,24.299528],[120.542382,24.306081],[120.59512,24.409465],[120.663968,24.481108],[120.726207,24.608218],[120.758862,24.613157],[120.761686,24.6396],[120.780246,24.660993],[120.828723,24.669558],[120.856895,24.698653],[120.899605,24.760473],[120.892505,24.788398],[120.903588,24.817377],[121.01244,24.974286],[121.03005,25.01963],[121.051878,25.041873],[121.212252,25.108746],[121.371306,25.138468],[121.402035,25.158811],[121.447614,25.245995],[121.540397,25.295035],[121.578052,25.298309],[121.617595,25.277599],[121.634159,25.239538],[121.671239,25.202494],[121.685779,25.207703],[121.706679,25.165654],[121.774847,25.152488],[121.81973,25.122743],[121.907382,25.121609],[121.922648,25.106464],[121.913626,25.085375],[121.930728,25.064135],[121.928085,25.040238],[121.945132,25.02107],[121.997705,25.019625],[122.00469,25.002781],[121.926408,24.969346],[121.889436,24.937222],[121.8305,24.851214],[121.819265,24.757947],[121.858131,24.597051],[121.871951,24.584476],[121.872386,24.531801],[121.841879,24.520372],[121.85139,24.483957],[121.800883,24.433982],[121.773553,24.314522],[121.74439,24.262436],[121.674625,24.208197],[121.658717,24.179007],[121.666514,24.14876],[121.617765,24.084533],[121.620917,24.047438],[121.647192,24.008427],[121.605799,23.955245],[121.598018,23.860529],[121.548768,23.712519],[121.467758,23.331565],[121.427779,23.278778],[121.410027,23.213528],[121.397492,23.207867],[121.401135,23.13039],[121.34831,23.068069],[121.334556,23.018329],[121.247338,22.881434],[121.202042,22.860379],[121.186391,22.834333],[121.200901,22.798733],[121.17299,22.75542],[121.034748,22.667027],[121.009185,22.588953],[120.984999,22.568764],[120.959221,22.50416],[120.894901,22.334488],[120.898952,22.229861],[120.885779,22.13271],[120.900994,22.033913],[120.875241,21.999903],[120.8458,21.988208],[120.841047,21.94948],[120.861505,21.917147],[120.848373,21.900952],[120.822145,21.934715],[120.766319,21.95894],[120.743636,21.944486],[120.739586,21.919891],[120.710243,21.939719],[120.714322,21.980821],[120.687198,22.032816],[120.706642,22.066935],[120.701251,22.086089],[120.716889,22.093291],[120.686567,22.20654],[120.649621,22.257355],[120.642737,22.302534],[120.592416,22.364726],[120.452018,22.448001],[120.424059,22.477028],[120.397146,22.480814],[120.314668,22.547185],[120.321572,22.557074],[120.251491,22.645275],[120.253287,22.665315],[120.274542,22.683829],[120.268575,22.708845],[120.208748,22.819097],[120.156579,22.97849],[120.031591,23.073384]],[[120.116307,26.570538],[120.152676,26.605481],[120.160749,26.581446],[120.129945,26.555502],[120.116307,26.570538]],[[120.153207,35.76083],[120.17599,35.787541],[120.182971,35.750746],[120.15758,35.744254],[120.153207,35.76083]],[[120.318893,26.944474],[120.319527,26.960382],[120.340301,26.970372],[120.370537,26.956004],[120.374238,26.937373],[120.357549,26.922378],[120.318893,26.944474]],[[120.471703,26.372253],[120.473942,26.383479],[120.510591,26.368388],[120.486354,26.355876],[120.471703,26.372253]],[[120.595583,37.965628],[120.625941,37.979313],[120.619324,37.945803],[120.595583,37.965628]],[[120.692696,37.972359],[120.700935,37.991211],[120.720664,37.985684],[120.752848,37.928228],[120.744152,37.898434],[120.727856,37.920532],[120.723344,37.961619],[120.692696,37.972359]],[[120.736531,38.159801],[120.742306,38.199547],[120.755834,38.171926],[120.774045,38.165373],[120.736531,38.159801]],[[120.770849,40.487294],[120.807782,40.513162],[120.803211,40.52502],[120.824193,40.501568],[120.820495,40.488326],[120.796546,40.488758],[120.782274,40.473731],[120.770849,40.487294]],[[120.795486,38.291634],[120.808183,38.311945],[120.839126,38.312575],[120.834797,38.300836],[120.795486,38.291634]],[[120.836731,38.338931],[120.840867,38.357537],[120.850097,38.342872],[120.836731,38.338931]],[[120.892604,38.363658],[120.906298,38.370568],[120.91259,38.345432],[120.892604,38.363658]],[[120.89629,38.383137],[120.914766,38.400033],[120.926529,38.383888],[120.89629,38.383137]],[[120.965962,27.667292],[120.985203,27.662843],[120.966592,27.647973],[120.965962,27.667292]],[[121.030576,27.849739],[121.034548,27.879404],[121.047347,27.877796],[121.061311,27.849157],[121.030576,27.849739]],[[121.038349,27.951755],[121.03979,27.966642],[121.074602,27.987554],[121.112606,27.986718],[121.138867,27.963085],[121.079564,27.941935],[121.038349,27.951755]],[[121.04468,27.461955],[121.067893,27.478415],[121.106872,27.447515],[121.058893,27.464984],[121.066491,27.447542],[121.04468,27.461955]],[[121.08946,27.820112],[121.106571,27.846257],[121.187056,27.86815],[121.172651,27.816673],[121.08946,27.820112]],[[121.108196,27.868231],[121.117784,27.897946],[121.152831,27.908682],[121.137822,27.877527],[121.108196,27.868231]],[[121.15211,28.229294],[121.176829,28.239225],[121.167411,28.213707],[121.15211,28.229294]],[[121.173611,28.346586],[121.198484,28.363562],[121.202187,28.334093],[121.185357,28.322398],[121.173611,28.346586]],[[121.175229,27.992783],[121.193918,28.002021],[121.211418,27.992719],[121.179583,27.975899],[121.175229,27.992783]],[[121.192023,27.620589],[121.204223,27.635268],[121.21501,27.634949],[121.192023,27.620589]],[[121.204772,28.328424],[121.207197,28.332882],[121.207585,28.326219],[121.204772,28.328424]],[[121.464203,22.670623],[121.509368,22.678891],[121.50031,22.645863],[121.472326,22.647541],[121.464203,22.670623]],[[121.507601,22.073072],[121.568491,22.086354],[121.563891,22.054347],[121.600559,22.020619],[121.593246,22.002622],[121.534134,22.026379],[121.507601,22.073072]],[[121.512859,31.493289],[121.603308,31.485357],[121.720794,31.424925],[121.717268,31.410561],[121.765254,31.389212],[121.786709,31.359951],[121.791695,31.31338],[121.762097,31.320405],[121.734652,31.352609],[121.575504,31.439438],[121.512859,31.493289]],[[121.656661,28.896366],[121.701336,28.905534],[121.691645,28.885448],[121.656661,28.896366]],[[121.750791,28.691616],[121.760611,28.707363],[121.778856,28.694616],[121.8025,28.709302],[121.784722,28.683226],[121.750791,28.691616]],[[121.774927,29.141056],[121.79665,29.149694],[121.869907,29.136297],[121.939572,29.184803],[121.973274,29.157449],[121.981969,29.108297],[121.960973,29.099854],[121.952096,29.054818],[121.907429,29.080154],[121.878766,29.120793],[121.871225,29.090974],[121.835086,29.094227],[121.791201,29.116608],[121.774927,29.141056]],[[121.788162,29.081829],[121.788779,29.099915],[121.827883,29.095702],[121.830827,29.059313],[121.818781,29.055206],[121.788162,29.081829]],[[121.796981,31.382294],[121.950532,31.335434],[122.108101,31.319428],[122.113366,31.309615],[122.090518,31.26425],[122.008134,31.28921],[121.934134,31.284699],[121.851963,31.296801],[121.829076,31.302758],[121.80366,31.331531],[121.796981,31.382294]],[[121.835862,29.992547],[121.849896,30.103449],[121.879134,30.092837],[121.917372,30.042425],[121.927769,30.007746],[121.872205,29.96982],[121.847935,29.97342],[121.835862,29.992547]],[[121.836925,28.772971],[121.848543,28.811027],[121.867723,28.811392],[121.857746,28.785524],[121.836925,28.772971]],[[121.845386,28.746041],[121.901186,28.762552],[121.860762,28.742192],[121.868853,28.731992],[121.860034,28.726494],[121.845386,28.746041]],[[121.864553,28.428574],[121.88579,28.452502],[121.915869,28.455287],[121.864553,28.428574]],[[121.875395,31.231159],[121.890775,31.245006],[121.920797,31.232666],[121.917123,31.198141],[121.875395,31.231159]],[[121.876896,28.484705],[121.893185,28.516084],[121.913055,28.500506],[121.900249,28.482135],[121.876896,28.484705]],[[121.907108,30.096159],[121.943649,30.115863],[121.957838,30.10809],[121.940634,30.067772],[121.907108,30.096159]],[[121.911591,28.718281],[121.937268,28.724119],[121.918699,28.707848],[121.911591,28.718281]],[[121.922168,29.930229],[121.965227,29.957095],[121.997734,29.919529],[121.993695,29.903045],[121.944414,29.8936],[121.922168,29.930229]],[[121.925331,30.309562],[121.939466,30.335387],[121.976322,30.345078],[121.995303,30.309006],[121.984585,30.293644],[121.951751,30.293647],[121.925331,30.309562]],[[121.935439,30.162342],[121.953029,30.184475],[122.030174,30.148354],[122.096966,30.15933],[122.150328,30.113513],[122.29082,30.102062],[122.295273,30.077985],[122.257745,30.077824],[122.255548,30.065504],[122.287544,30.065326],[122.321262,30.030907],[122.335688,29.997569],[122.318245,29.958501],[122.273281,29.943264],[122.229883,29.972296],[122.162553,29.994511],[122.120111,29.989905],[122.104556,30.007899],[122.065809,30.011065],[122.025472,29.993677],[121.97478,30.059435],[121.988675,30.074077],[121.985127,30.102615],[121.935439,30.162342]],[[121.937179,31.21946],[121.956833,31.231356],[122.02354,31.22424],[122.029053,31.198587],[122.007616,31.16065],[121.989931,31.154252],[121.956892,31.165608],[121.937389,31.194718],[121.937179,31.21946]],[[121.938405,24.843512],[121.951576,24.850832],[121.962268,24.834922],[121.938405,24.843512]],[[121.948548,29.188806],[121.972268,29.194489],[121.975936,29.17032],[121.948548,29.188806]],[[122.010457,29.747733],[122.032388,29.761241],[122.039426,29.747756],[122.011466,29.724906],[122.010457,29.747733]],[[122.012881,30.186601],[122.049966,30.202177],[122.060589,30.183168],[122.02739,30.164029],[122.012881,30.186601]],[[122.015231,29.168484],[122.033847,29.209985],[122.044719,29.198033],[122.039795,29.181842],[122.063302,29.169459],[122.027648,29.156769],[122.015231,29.168484]],[[122.026813,29.940082],[122.02697,29.957304],[122.043028,29.964553],[122.053147,29.955922],[122.04043,29.935389],[122.026813,29.940082]],[[122.042222,30.636073],[122.059366,30.647768],[122.102913,30.615409],[122.088429,30.604641],[122.042222,30.636073]],[[122.046479,29.717499],[122.081015,29.783126],[122.121158,29.79387],[122.134622,29.755454],[122.201714,29.696627],[122.186825,29.669466],[122.150367,29.674712],[122.139271,29.664378],[122.106517,29.721122],[122.072655,29.706722],[122.046479,29.717499]],[[122.05389,30.595498],[122.077157,30.597895],[122.08031,30.581835],[122.067604,30.575044],[122.05389,30.595498]],[[122.05595,30.29432],[122.065914,30.308233],[122.081834,30.291963],[122.114027,30.318605],[122.146697,30.31789],[122.1732,30.341324],[122.170882,30.353394],[122.185911,30.330904],[122.216728,30.335035],[122.234581,30.299799],[122.217372,30.292387],[122.230682,30.271632],[122.225585,30.235864],[122.148269,30.248764],[122.05595,30.29432]],[[122.066325,29.984041],[122.071729,30.002435],[122.089608,29.986118],[122.07253,29.974954],[122.066325,29.984041]],[[122.072671,25.627863],[122.084987,25.631834],[122.078261,25.623128],[122.072671,25.627863]],[[122.076001,29.953029],[122.088779,29.955385],[122.092025,29.941789],[122.078902,29.938958],[122.076001,29.953029]],[[122.103487,25.483016],[122.106752,25.488534],[122.108009,25.484212],[122.103487,25.483016]],[[122.104606,29.966421],[122.115603,29.981028],[122.119131,29.96247],[122.104606,29.966421]],[[122.131115,29.960288],[122.157879,29.967611],[122.162308,29.950298],[122.139044,29.947939],[122.131115,29.960288]],[[122.138198,29.97649],[122.167343,29.987524],[122.189125,29.965974],[122.179418,29.959233],[122.138198,29.97649]],[[122.139703,30.169],[122.149442,30.192811],[122.172461,30.20192],[122.210488,30.192064],[122.165464,30.142118],[122.1487,30.147323],[122.139703,30.169]],[[122.169865,29.404085],[122.195115,29.438134],[122.221358,29.437237],[122.169865,29.404085]],[[122.175002,30.21783],[122.182758,30.232485],[122.200785,30.217352],[122.175002,30.21783]],[[122.20727,29.963993],[122.248774,29.953951],[122.235036,29.948009],[122.20727,29.963993]],[[122.207716,29.702847],[122.210034,29.717109],[122.228679,29.718301],[122.252047,29.69094],[122.207716,29.702847]],[[122.214901,29.768548],[122.234396,29.784137],[122.253481,29.777661],[122.244383,29.756124],[122.303448,29.74362],[122.289491,29.734516],[122.2499,29.74007],[122.214901,29.768548]],[[122.220045,29.83518],[122.256325,29.849432],[122.315116,29.828739],[122.301284,29.801714],[122.313635,29.778622],[122.272816,29.788894],[122.220045,29.83518]],[[122.225489,28.860327],[122.238597,28.864194],[122.23644,28.857529],[122.225489,28.860327]],[[122.247524,28.883019],[122.256171,28.891418],[122.26295,28.887223],[122.247524,28.883019]],[[122.251421,30.256195],[122.259793,30.270974],[122.29322,30.27183],[122.310299,30.252708],[122.25726,30.237934],[122.251421,30.256195]],[[122.274161,30.474733],[122.413137,30.452385],[122.434732,30.41447],[122.343576,30.432105],[122.341118,30.416064],[122.310862,30.413448],[122.282399,30.427547],[122.274161,30.474733]],[[122.277146,30.243929],[122.315191,30.251224],[122.320424,30.266729],[122.396336,30.275801],[122.418231,30.253007],[122.393327,30.228386],[122.34891,30.240509],[122.281879,30.229559],[122.277146,30.243929]],[[122.279087,29.874847],[122.299089,29.884697],[122.340626,29.874727],[122.302061,29.852752],[122.281983,29.860957],[122.279087,29.874847]],[[122.28432,29.937157],[122.303426,29.944357],[122.303246,29.925537],[122.28432,29.937157]],[[122.314642,39.158825],[122.314695,39.183331],[122.404415,39.218328],[122.387867,39.212204],[122.378011,39.18939],[122.393896,39.167101],[122.361115,39.173917],[122.357423,39.153306],[122.331793,39.145108],[122.314642,39.158825]],[[122.31591,30.515392],[122.339223,30.528353],[122.341693,30.512934],[122.31591,30.515392]],[[122.323408,29.932318],[122.346119,29.960083],[122.387158,29.939553],[122.412093,29.947984],[122.409427,29.912481],[122.426401,29.911087],[122.391696,29.86784],[122.391678,29.853744],[122.408786,29.849247],[122.406384,29.831481],[122.374475,29.847531],[122.370102,29.895992],[122.323408,29.932318]],[[122.369516,29.984682],[122.373237,30.008327],[122.401904,30.034315],[122.386007,29.989683],[122.369516,29.984682]],[[122.425878,30.745137],[122.441816,30.746575],[122.471349,30.715034],[122.528012,30.724356],[122.530616,30.702283],[122.428621,30.696188],[122.439887,30.717862],[122.425878,30.745137]],[[122.453422,30.427884],[122.464911,30.441822],[122.479884,30.418473],[122.453422,30.427884]],[[122.469779,30.22846],[122.499988,30.227692],[122.499102,30.218742],[122.469779,30.22846]],[[122.515239,30.232349],[122.529411,30.231259],[122.519755,30.224457],[122.515239,30.232349]],[[122.521774,39.28665],[122.535634,39.307073],[122.588852,39.277318],[122.636628,39.287138],[122.671721,39.267558],[122.666203,39.257359],[122.584725,39.270193],[122.577419,39.254157],[122.562148,39.273116],[122.521774,39.28665]],[[122.550146,30.659516],[122.556068,30.681194],[122.573007,30.658209],[122.550146,30.659516]],[[122.555173,30.222364],[122.560327,30.224943],[122.557458,30.220706],[122.555173,30.222364]],[[122.562716,30.221237],[122.567332,30.221749],[122.563733,30.218378],[122.562716,30.221237]],[[122.564097,30.208745],[122.567013,30.213708],[122.566004,30.209137],[122.564097,30.208745]],[[122.583107,30.19886],[122.589101,30.207324],[122.587017,30.198044],[122.583107,30.19886]],[[122.589316,30.209429],[122.590583,30.212888],[122.592903,30.211814],[122.589316,30.209429]],[[122.633278,30.209058],[122.646467,30.212925],[122.650334,30.192303],[122.633278,30.209058]],[[122.634917,39.225894],[122.644482,39.241571],[122.73516,39.246842],[122.738038,39.22617],[122.688809,39.204269],[122.703251,39.228084],[122.634917,39.225894]],[[122.669453,30.211164],[122.687326,30.202614],[122.686423,30.182679],[122.669453,30.211164]],[[122.671199,30.844787],[122.67512,30.863006],[122.691757,30.8455],[122.671199,30.844787]],[[122.698055,30.20286],[122.708458,30.211738],[122.709713,30.191108],[122.698055,30.20286]],[[122.711115,39.025388],[122.718281,39.048939],[122.745532,39.031926],[122.753628,39.009501],[122.711115,39.025388]],[[122.712151,30.177567],[122.718577,30.184463],[122.723111,30.175381],[122.712151,30.177567]],[[122.754913,30.71514],[122.785473,30.73068],[122.772006,30.710444],[122.754913,30.71514]],[[122.755587,30.134772],[122.758095,30.14409],[122.78279,30.130459],[122.755587,30.134772]],[[122.803254,30.720814],[122.812046,30.735089],[122.828296,30.727085],[122.833454,30.706917],[122.803254,30.720814]],[[122.941718,39.525005],[122.971131,39.56262],[123.030871,39.531985],[122.987803,39.4981],[122.966917,39.500546],[122.964674,39.517888],[122.941718,39.525005]],[[123.051157,39.455144],[123.082841,39.448619],[123.079988,39.432457],[123.062442,39.432805],[123.051157,39.455144]],[[123.140308,39.045106],[123.148343,39.068296],[123.165099,39.064611],[123.145853,39.086009],[123.170646,39.082615],[123.169179,39.100108],[123.177733,39.09684],[123.176845,39.080103],[123.196425,39.061804],[123.16181,39.027159],[123.140308,39.045106]],[[123.45357,25.737077],[123.482685,25.769589],[123.522477,25.783662],[123.570517,25.782691],[123.569668,25.716332],[123.493846,25.720578],[123.45357,25.737077]],[[123.676001,25.923168],[123.682877,25.928623],[123.688549,25.922274],[123.676001,25.923168]],[[124.527811,25.924751],[124.555471,25.960175],[124.585072,25.953381],[124.593807,25.921839],[124.576823,25.895635],[124.53509,25.893209],[124.527811,25.924751]]]}},{"type":"Feature","properties":{"kind":"china-outline"},"geometry":{"type":"LineString","coordinates":[[73.498962,39.383572],[73.552765,39.346619],[73.543327,39.316074],[73.551689,39.296055],[73.536163,39.272331],[73.561317,39.266315],[73.577141,39.237595],[73.619911,39.235207],[73.636375,39.220516],[73.659332,39.156776],[73.685318,39.154945],[73.707016,39.12957],[73.717239,39.071659],[73.739662,39.029335],[73.777084,39.026924],[73.785011,39.040417],[73.812706,39.043781],[73.837067,39.008465],[73.843384,38.962475],[73.823357,38.917049],[73.771194,38.941147],[73.739082,38.933849],[73.726776,38.904793],[73.705948,38.893497],[73.696129,38.857822],[73.726097,38.8372],[73.767624,38.771236],[73.75386,38.719715],[73.805679,38.634491],[73.79599,38.611263],[73.849266,38.584549],[73.896225,38.579277],[73.914925,38.538662],[73.997551,38.52393],[74.031281,38.541729],[74.087425,38.542156],[74.065392,38.585571],[74.084778,38.611031],[74.115211,38.614529],[74.121376,38.64859],[74.144943,38.676849],[74.226761,38.656315],[74.374725,38.654823],[74.45285,38.632957],[74.511642,38.636116],[74.544212,38.607952],[74.606316,38.593487],[74.637634,38.599915],[74.71489,38.54248],[74.7901,38.536308],[74.818848,38.491364],[74.860008,38.484386],[74.865524,38.404251],[74.831085,38.361538],[74.787994,38.33313],[74.804184,38.286053],[74.790428,38.271023],[74.814178,38.215763],[74.803642,38.155983],[74.818909,38.103275],[74.876709,38.021492],[74.908867,38.030956],[74.923103,38.017605],[74.908142,37.958424],[74.934387,37.876266],[74.914772,37.845325],[75.005371,37.776417],[74.946358,37.72562],[74.920357,37.717434],[74.918144,37.684917],[74.890289,37.661339],[74.937737,37.559345],[74.997726,37.530582],[75.006439,37.508041],[75.03685,37.50082],[75.075333,37.510906],[75.126381,37.459049],[75.150047,37.413998],[75.120651,37.381695],[75.136948,37.355412],[75.115852,37.316841],[75.075363,37.318127],[75.004807,37.29126],[74.940041,37.285439],[74.9244,37.277924],[74.90834,37.233894],[74.83532,37.217793],[74.813202,37.216698],[74.793892,37.252399],[74.736107,37.285873],[74.662987,37.236015],[74.632011,37.265224],[74.615974,37.253738],[74.596275,37.258675],[74.584892,37.232555],[74.542236,37.249546],[74.508324,37.240116],[74.47419,37.199589],[74.488785,37.16848],[74.460526,37.133713],[74.493515,37.116055],[74.49762,37.069798],[74.52742,37.082428],[74.565582,37.033199],[74.614586,37.044151],[74.630074,37.06707],[74.699554,37.089424],[74.726501,37.037319],[74.753731,37.025944],[74.789825,37.027802],[74.804024,37.054626],[74.844299,37.057358],[74.841354,37.014027],[74.89962,36.934757],[74.93586,36.943817],[74.925148,36.972042],[74.932266,36.983124],[75.002647,36.994934],[75.029381,37.017086],[75.071709,37.005634],[75.127861,37.011303],[75.144966,37.02618],[75.168861,37.014111],[75.165245,36.991959],[75.23288,36.965401],[75.285591,36.97488],[75.410278,36.954731],[75.414429,36.939171],[75.396584,36.932087],[75.391792,36.910126],[75.426743,36.873554],[75.420403,36.786209],[75.455162,36.721348],[75.501717,36.744076],[75.529129,36.727161],[75.53434,36.77359],[75.585793,36.76334],[75.645302,36.77161],[75.741562,36.741924],[75.857887,36.670177],[75.943344,36.600876],[75.93248,36.569633],[75.960121,36.524269],[75.996742,36.494892],[75.996529,36.478966],[76.010773,36.474464],[76.007553,36.454979],[76.031784,36.409687],[75.988167,36.352573],[75.988342,36.33252],[76.062035,36.230938],[76.008621,36.22979],[76.013512,36.166142],[75.965172,36.159584],[75.972092,36.149166],[75.933594,36.135544],[75.954475,36.079632],[75.946884,36.071121],[75.965874,36.042934],[76.011604,36.01881],[76.041527,36.027412],[76.101074,36.019375],[76.104408,35.989178],[76.159882,35.917526],[76.15712,35.864491],[76.143806,35.840782],[76.157402,35.825157],[76.218758,35.824177],[76.225891,35.837826],[76.295998,35.842342],[76.363007,35.824867],[76.355484,35.849983],[76.366814,35.863953],[76.428894,35.85239],[76.468903,35.886593],[76.512703,35.881771],[76.537239,35.897289],[76.546356,35.920074],[76.57357,35.921768],[76.594978,35.896683],[76.577217,35.867455],[76.585228,35.841316],[76.563805,35.82024],[76.591125,35.773022],[76.690514,35.748444],[76.695839,35.723118],[76.742157,35.688702],[76.758621,35.656712],[76.846336,35.669006],[76.915237,35.609463],[76.964088,35.592674],[76.995308,35.611851],[77.061493,35.596432],[77.09037,35.570274],[77.192917,35.520084],[77.304855,35.541306],[77.394127,35.468548],[77.449081,35.4613],[77.536842,35.482521],[77.637016,35.456024],[77.645988,35.479401],[77.687973,35.449211],[77.730095,35.460186],[77.755043,35.498138],[77.800171,35.494057],[77.814049,35.519474],[77.904991,35.465408],[77.9188,35.494808],[77.949219,35.479595],[78.007652,35.492428],[78.03331,35.468575],[78.046059,35.492081],[78.137939,35.495491],[78.111458,35.467655],[78.104553,35.437954],[78.01088,35.366745],[78.011887,35.238029],[78.057587,35.18124],[78.062843,35.109341],[78.076073,35.100956],[78.128448,35.10746],[78.148308,35.070576],[78.120399,35.038006],[78.158089,34.992218],[78.199356,34.975761],[78.201675,34.958946],[78.180618,34.926811],[78.19957,34.916039],[78.203941,34.89328],[78.235626,34.882706],[78.228905,34.777912],[78.211823,34.761971],[78.205467,34.729877],[78.265106,34.70689],[78.274757,34.681923],[78.266281,34.637047],[78.334007,34.607849],[78.425377,34.595596],[78.437187,34.543842],[78.490776,34.580063],[78.540405,34.576553],[78.557617,34.560272],[78.560921,34.516079],[78.573441,34.508533],[78.615685,34.538204],[78.706444,34.523899],[78.718781,34.49926],[78.756508,34.483379],[78.740822,34.456318],[78.867989,34.406151],[78.880196,34.3638],[78.909058,34.360287],[78.956757,34.388248],[78.972458,34.363632],[79.042259,34.330845],[79.026405,34.315468],[78.974472,34.315048],[78.956162,34.232769],[78.914749,34.148323],[78.869583,34.165981],[78.831802,34.127399],[78.800003,34.139103],[78.748154,34.094585],[78.659653,34.088898],[78.654373,34.032402],[78.699814,34.021404],[78.741913,33.991981],[78.732338,33.922035],[78.763138,33.908546],[78.755981,33.792995],[78.778847,33.737633],[78.690048,33.678604],[78.683044,33.656544],[78.711105,33.624935],[78.755478,33.623592],[78.739952,33.555462],[78.814804,33.483559],[78.839867,33.42754],[78.8946,33.414906],[78.947929,33.378685],[78.975685,33.328629],[79.020256,33.325657],[79.035339,33.311146],[79.039299,33.270611],[79.08017,33.250279],[79.077027,33.22271],[79.155151,33.181145],[79.14045,33.10294],[79.179726,32.989685],[79.251633,32.944458],[79.230629,32.900967],[79.22451,32.791985],[79.273186,32.781471],[79.299232,32.731094],[79.270943,32.680645],[79.30735,32.601196],[79.277725,32.574341],[79.273613,32.545788],[79.249741,32.519241],[79.188644,32.514103],[79.178024,32.495571],[79.133507,32.474579],[79.100487,32.372345],[79.06575,32.383396],[79.003975,32.377853],[78.968498,32.334785],[78.907028,32.371918],[78.897141,32.393135],[78.814232,32.432869],[78.780396,32.48328],[78.758339,32.566433],[78.779373,32.610661],[78.740402,32.657711],[78.739655,32.706184],[78.684273,32.682922],[78.672905,32.661224],[78.626091,32.632915],[78.580963,32.636257],[78.575882,32.617836],[78.516533,32.608868],[78.497742,32.583519],[78.422455,32.568329],[78.39325,32.53302],[78.471039,32.437798],[78.456825,32.382549],[78.484741,32.351665],[78.478798,32.330856],[78.508911,32.310749],[78.477043,32.242889],[78.428436,32.214626],[78.451965,32.144817],[78.466156,32.136314],[78.508598,32.148083],[78.529808,32.112808],[78.606316,32.061775],[78.593109,32.033859],[78.707672,31.981983],[78.76899,31.937727],[78.737419,31.887897],[78.662987,31.854511],[78.65197,31.82449],[78.714417,31.766634],[78.760902,31.671141],[78.796677,31.678085],[78.804619,31.643568],[78.843842,31.612574],[78.832169,31.587299],[78.777885,31.547945],[78.738319,31.535255],[78.723816,31.509953],[78.724037,31.484434],[78.753487,31.480927],[78.79039,31.442806],[78.757912,31.395264],[78.753387,31.358313],[78.793144,31.303728],[78.851372,31.28973],[78.866577,31.31538],[78.888168,31.272327],[78.921967,31.249552],[78.928955,31.223433],[78.992706,31.173464],[78.972168,31.118494],[79.004456,31.05131],[79.056992,31.03088],[79.084297,31.00411],[79.100845,30.997488],[79.179596,31.018171],[79.203857,31.00292],[79.225426,30.951941],[79.320999,30.962009],[79.330002,30.97184],[79.314278,31.020504],[79.362152,31.036947],[79.40239,31.074097],[79.422394,31.063967],[79.424934,31.020622],[79.498466,31.033863],[79.548943,30.960844],[79.59137,30.942682],[79.599373,30.925615],[79.614738,30.947121],[79.65863,30.959675],[79.669373,30.983332],[79.716743,30.948521],[79.75631,30.939529],[79.824844,30.855755],[79.888725,30.85804],[79.913719,30.829327],[79.89447,30.806982],[79.959114,30.774174],[79.964043,30.692701],[80.011726,30.664846],[80.041779,30.606318],[80.082573,30.595066],[80.10054,30.571619],[80.133904,30.559267],[80.212563,30.588846],[80.26001,30.569504],[80.306717,30.571737],[80.348625,30.526474],[80.412361,30.523264],[80.464867,30.493065],[80.504585,30.489979],[80.543648,30.45323],[80.596634,30.468859],[80.631348,30.461657],[80.690025,30.419794],[80.727531,30.411961],[80.815079,30.324408],[80.908585,30.306162],[80.931854,30.269758],[81.014084,30.262367],[81.032021,30.250082],[81.048035,30.183897],[81.079613,30.154274],[81.083534,30.103218],[81.107925,30.09358],[81.094765,30.052412],[81.138176,30.015966],[81.25383,30.014984],[81.245338,30.035849],[81.275345,30.055792],[81.290695,30.097881],[81.286255,30.124958],[81.260788,30.153276],[81.332764,30.155043],[81.391029,30.202173],[81.394417,30.24337],[81.416405,30.273226],[81.401627,30.291985],[81.425171,30.308233],[81.396851,30.326685],[81.403603,30.372074],[81.430031,30.382124],[81.403915,30.406595],[81.415619,30.423016],[81.451515,30.415209],[81.492348,30.38431],[81.553291,30.372639],[81.563988,30.431961],[81.610703,30.415834],[81.627716,30.449678],[81.728096,30.410929],[81.748024,30.390697],[81.869621,30.375992],[81.932991,30.34783],[81.955574,30.359045],[81.994881,30.323723],[82.022781,30.343023],[82.047813,30.332764],[82.080788,30.355968],[82.101997,30.349167],[82.130013,30.307051],[82.107704,30.232939],[82.135017,30.221962],[82.147079,30.197645],[82.186172,30.188477],[82.185738,30.162621],[82.206894,30.153873],[82.180511,30.124641],[82.187668,30.111671],[82.175308,30.070946],[82.244461,30.074461],[82.308685,30.038591],[82.335884,30.047308],[82.365219,30.016638],[82.379181,30.026842],[82.409691,30.014782],[82.495781,29.950626],[82.558807,29.958429],[82.606567,29.889439],[82.641228,29.871771],[82.627068,29.835152],[82.694496,29.851929],[82.728592,29.828733],[82.735329,29.809286],[82.699242,29.787432],[82.691978,29.765093],[82.754662,29.765039],[82.767517,29.73275],[82.817787,29.718565],[82.828194,29.690613],[82.874641,29.689711],[82.944298,29.712],[82.955643,29.663662],[83.013191,29.6703],[83.0793,29.608587],[83.145676,29.62278],[83.162872,29.614662],[83.169312,29.593218],[83.206306,29.605907],[83.230865,29.581509],[83.263832,29.574181],[83.27858,29.559519],[83.259216,29.547052],[83.273232,29.508984],[83.338264,29.499006],[83.380478,29.42473],[83.421371,29.4142],[83.420258,29.363838],[83.444359,29.347176],[83.451195,29.300592],[83.515976,29.2554],[83.533798,29.212049],[83.575699,29.207203],[83.582359,29.181458],[83.645668,29.165798],[83.664742,29.203444],[83.716927,29.243851],[83.79789,29.252583],[83.796249,29.274662],[83.823212,29.300774],[83.849037,29.298107],[83.915031,29.327843],[83.946884,29.315815],[83.984619,29.32807],[84.002106,29.315712],[84,29.2945],[84.015656,29.290798],[84.10257,29.295774],[84.11869,29.281736],[84.114761,29.258263],[84.127533,29.243031],[84.200462,29.243212],[84.199196,29.220324],[84.168823,29.197659],[84.165077,29.172918],[84.174034,29.136932],[84.204926,29.121731],[84.188583,29.049397],[84.222107,29.052626],[84.246437,29.033821],[84.224907,28.900394],[84.265892,28.898767],[84.328224,28.862568],[84.343742,28.870068],[84.405968,28.857189],[84.400925,28.83271],[84.431641,28.827345],[84.442947,28.767593],[84.480911,28.738535],[84.55529,28.749828],[84.639244,28.727667],[84.667618,28.684175],[84.697647,28.675327],[84.696182,28.637093],[84.855202,28.571518],[84.904915,28.592617],[84.979401,28.590031],[85.054443,28.677876],[85.116272,28.683071],[85.153847,28.647587],[85.178047,28.645092],[85.193741,28.627613],[85.181564,28.594887],[85.187546,28.548359],[85.164383,28.529453],[85.157806,28.496199],[85.119995,28.482771],[85.106117,28.464678],[85.126869,28.381174],[85.111122,28.348295],[85.122765,28.336092],[85.177521,28.327518],[85.204369,28.341053],[85.270042,28.28615],[85.345634,28.302792],[85.368645,28.285309],[85.390976,28.291571],[85.416069,28.3295],[85.494041,28.339005],[85.598068,28.302679],[85.603317,28.255499],[85.648216,28.287474],[85.665558,28.345257],[85.680397,28.347532],[85.680641,28.379606],[85.714531,28.383738],[85.751434,28.23147],[85.789154,28.19903],[85.852196,28.176228],[85.87384,28.12005],[85.901093,28.098402],[85.899017,28.05739],[85.974762,27.99205],[85.946091,27.941551],[85.987999,27.914967],[86.011208,27.916796],[86.041771,27.899921],[86.123482,27.929543],[86.081291,28.013969],[86.080383,28.089758],[86.126503,28.090208],[86.182762,28.171648],[86.222145,28.09623],[86.202789,28.079937],[86.229019,27.978336],[86.28508,27.979723],[86.317688,27.949198],[86.333786,27.968023],[86.34494,27.942478],[86.376671,27.939358],[86.412903,27.908003],[86.453552,27.915318],[86.47374,27.947966],[86.512436,27.958633],[86.511559,28],[86.531982,28.044268],[86.556305,28.051338],[86.567108,28.106918],[86.59687,28.104277],[86.619957,28.069727],[86.645737,28.073433],[86.660828,28.095642],[86.708176,28.104488],[86.746185,28.093155],[86.766411,28.072931],[86.7472,28.046978],[86.757072,28.036158],[86.825645,28.016148],[86.862427,28.02626],[86.883659,28],[86.92469,27.989809],[86.93364,27.959305],[87.032547,27.949934],[87.07399,27.920706],[87.118713,27.840624],[87.225731,27.816761],[87.256897,27.847651],[87.354515,27.826385],[87.422173,27.864136],[87.437317,27.845034],[87.406662,27.833534],[87.453369,27.823946],[87.487816,27.84112],[87.536659,27.845366],[87.566513,27.867409],[87.588081,27.852148],[87.60228,27.815386],[87.661804,27.837278],[87.6688,27.807909],[87.725281,27.806541],[87.830811,27.951626],[87.857544,27.942997],[87.866112,27.914373],[87.936646,27.911144],[87.980141,27.88784],[88.034821,27.905174],[88.059692,27.890104],[88.082611,27.892204],[88.109093,27.86825],[88.135078,27.881927],[88.118111,27.918541],[88.14138,27.95853],[88.201302,27.946796],[88.211548,27.967831],[88.222656,27.960876],[88.239822,27.970728],[88.25592,27.944269],[88.354904,27.989819],[88.403313,27.980242],[88.433052,28.005377],[88.466629,28.013489],[88.485016,28.041138],[88.552002,28.031607],[88.560875,28.080872],[88.608528,28.088572],[88.638519,28.114742],[88.673988,28.071856],[88.761871,28.071995],[88.804222,28.025732],[88.840828,28.010046],[88.841408,27.925497],[88.871315,27.916864],[88.886459,27.85042],[88.860031,27.811762],[88.868416,27.736904],[88.848305,27.714693],[88.849846,27.67494],[88.814316,27.644793],[88.811493,27.610598],[88.789986,27.576387],[88.768547,27.571415],[88.778618,27.539272],[88.794678,27.532911],[88.781174,27.466846],[88.806976,27.409472],[88.824387,27.406122],[88.840355,27.379999],[88.865288,27.385384],[88.888939,27.341513],[88.921844,27.327271],[88.910049,27.276577],[88.944283,27.261763],[88.982277,27.212692],[89.065651,27.243799],[89.070694,27.28656],[89.150658,27.322382],[89.15905,27.358948],[89.180763,27.377335],[89.15918,27.415592],[89.093102,27.474943],[89.094055,27.495207],[89.102089,27.537987],[89.141205,27.554752],[89.160934,27.577942],[89.125084,27.614437],[89.129333,27.637016],[89.182426,27.677149],[89.201782,27.720707],[89.224487,27.72884],[89.221458,27.767996],[89.236862,27.800406],[89.293648,27.85194],[89.373245,27.879463],[89.435837,27.962799],[89.453033,28.006643],[89.470734,28.015547],[89.459381,28.035479],[89.508827,28.089794],[89.53952,28.092283],[89.603836,28.165585],[89.668152,28.172392],[89.679665,28.18354],[89.727112,28.174904],[89.776901,28.200949],[89.782822,28.217127],[89.772842,28.228413],[89.800827,28.24847],[89.867546,28.225403],[89.900154,28.18569],[89.985634,28.187428],[90.031525,28.140633],[90.07132,28.158846],[90.101044,28.145174],[90.122963,28.194128],[90.164864,28.191124],[90.223061,28.149115],[90.295067,28.15781],[90.303505,28.136534],[90.361053,28.098185],[90.37722,28.065489],[90.435425,28.066622],[90.461555,28.048395],[90.512772,28.065548],[90.568047,28.047705],[90.590668,28.025007],[90.700493,28.079655],[90.758224,28.048672],[90.797173,28.047167],[90.805016,28.018538],[90.845703,27.97253],[90.89537,27.950037],[90.960526,27.957138],[90.975067,27.939234],[90.961189,27.90732],[91.033203,27.857819],[91.110268,27.850655],[91.148766,27.891567],[91.143318,27.927042],[91.162483,27.94722],[91.161781,27.970737],[91.214905,27.99275],[91.250359,27.973917],[91.311218,28.040609],[91.311195,28.063753],[91.334869,28.064602],[91.434486,28.004396],[91.463768,28.006151],[91.467194,27.987789],[91.488724,27.974981],[91.485138,27.940998],[91.540543,27.921398],[91.553932,27.892366],[91.596825,27.902161],[91.62355,27.872967],[91.618019,27.860373],[91.560135,27.859064],[91.542793,27.829193],[91.563087,27.817095],[91.615379,27.820673],[91.641144,27.77029],[91.627266,27.705177],[91.562584,27.643095],[91.581772,27.602846],[91.564827,27.577291],[91.583801,27.544012],[91.610649,27.534491],[91.626137,27.512678],[91.662384,27.510944],[91.672485,27.494947],[91.73214,27.466412],[91.838188,27.493296],[91.945808,27.467854],[92.009361,27.478151],[92.058365,27.405386],[92.124756,27.276592],[92.075752,27.251745],[92.060028,27.193985],[92.031174,27.171692],[92.026627,27.095306],[92.042694,27.056293],[92.07473,27.044647],[92.12355,26.963493],[92.107933,26.858273],[92.64637,26.95627],[92.801994,26.898897],[92.908401,26.918165],[93.08754,26.882441],[93.231407,26.910395],[93.566734,26.941843],[93.74575,27.019411],[93.829201,27.03718],[93.841072,27.04953],[93.8452,27.15749],[93.861221,27.190901],[93.986115,27.325758],[94.276436,27.584684],[94.442413,27.588577],[94.477318,27.605585],[94.524216,27.59967],[94.885124,27.746775],[95.001244,27.826721],[95.066002,27.843967],[95.285545,27.943544],[95.351837,28.044071],[95.370483,28.113651],[95.395737,28.145748],[95.536545,28.189991],[95.739411,28.278866],[95.787026,28.27404],[95.822411,28.29623],[95.87381,28.301317],[95.899437,28.281822],[95.907333,28.245319],[95.935684,28.244289],[96.013039,28.194748],[96.064713,28.198046],[96.100311,28.217813],[96.270424,28.233683],[96.298752,28.144173],[96.395561,28.125431],[96.398956,28.155106],[96.441368,28.159721],[96.473839,28.131905],[96.505485,28.071001],[96.51815,28.082478],[96.605759,28.047035],[96.674439,27.957975],[96.728683,27.955055],[96.788956,27.932604],[96.815399,27.895906],[96.86174,27.877306],[96.915237,27.88484],[96.968727,27.86186],[96.99189,27.815392],[97.043808,27.822828],[97.057533,27.74408],[97.091331,27.742918],[97.100144,27.779202],[97.16436,27.812653],[97.277801,27.907759],[97.308517,27.916269],[97.327492,27.883242],[97.367401,27.874292],[97.382858,27.884392],[97.380066,27.969669],[97.410782,28.020088],[97.376328,28.03462],[97.376923,28.067818],[97.321846,28.057201],[97.30529,28.07753],[97.341919,28.112032],[97.326248,28.140406],[97.35714,28.165779],[97.361542,28.200626],[97.347923,28.211983],[97.349533,28.237467],[97.411125,28.250818],[97.399834,28.278225],[97.414665,28.296095],[97.463188,28.273329],[97.479958,28.284626],[97.468536,28.308191],[97.515175,28.324722],[97.491432,28.3517],[97.482689,28.385813],[97.507095,28.409237],[97.49958,28.432478],[97.52076,28.444283],[97.507576,28.498463],[97.576309,28.547115],[97.603973,28.518816],[97.634804,28.535507],[97.663567,28.534462],[97.72168,28.492537],[97.736466,28.469339],[97.737633,28.399948],[97.773659,28.372898],[97.795654,28.331202],[97.842361,28.330442],[97.865563,28.363441],[97.91301,28.364178],[97.963539,28.316149],[97.953018,28.303823],[98.013092,28.269545],[98.012283,28.205957],[98.032913,28.190693],[98.056091,28.205671],[98.084808,28.202515],[98.096718,28.169971],[98.137344,28.147717],[98.160362,28.093502],[98.133468,27.98052],[98.15036,27.943136],[98.187843,27.938868],[98.203438,27.881941],[98.182625,27.872738],[98.174759,27.840725],[98.224075,27.808779],[98.216515,27.76515],[98.246155,27.74395],[98.225281,27.716959],[98.236809,27.69095],[98.281181,27.660381],[98.299805,27.630363],[98.319542,27.522951],[98.376106,27.511965],[98.426285,27.552929],[98.437508,27.66938],[98.467011,27.645109],[98.524483,27.624407],[98.559166,27.648941],[98.585121,27.572067],[98.607773,27.580908],[98.646805,27.569582],[98.664459,27.58938],[98.703026,27.567575],[98.705665,27.521498],[98.688927,27.515039],[98.685303,27.488873],[98.706467,27.460356],[98.69101,27.449787],[98.689743,27.431408],[98.707214,27.365845],[98.736801,27.352587],[98.740036,27.328341],[98.716202,27.266418],[98.730301,27.24939],[98.695702,27.202631],[98.710632,27.157499],[98.713951,27.078264],[98.745949,27.072405],[98.765617,27.049784],[98.761238,27.025684],[98.734024,27.004526],[98.757698,26.890499],[98.730163,26.853876],[98.763809,26.807976],[98.742973,26.711517],[98.768501,26.689751],[98.761917,26.665751],[98.782013,26.621941],[98.755737,26.565975],[98.743355,26.390245],[98.727409,26.374409],[98.725929,26.345652],[98.683113,26.311562],[98.673447,26.241642],[98.703598,26.243931],[98.725494,26.213984],[98.7332,26.177671],[98.707726,26.150328],[98.716675,26.128992],[98.664703,26.092133],[98.653328,26.144331],[98.587662,26.142488],[98.583183,26.119745],[98.615295,25.97348],[98.643906,25.975817],[98.684914,25.93704],[98.706909,25.889133],[98.705338,25.863615],[98.677399,25.81946],[98.640526,25.802132],[98.560463,25.847628],[98.528725,25.844011],[98.478592,25.787214],[98.457466,25.685957],[98.409401,25.666849],[98.400589,25.600924],[98.331596,25.572882],[98.314163,25.546183],[98.258118,25.605667],[98.170174,25.623266],[98.185989,25.557627],[98.163193,25.527426],[98.131104,25.513123],[98.15741,25.460211],[98.142807,25.386526],[98.102425,25.394894],[98.099167,25.356924],[98.067047,25.313372],[98.01236,25.305447],[97.985909,25.256678],[97.940041,25.220076],[97.904007,25.220703],[97.861214,25.267811],[97.835068,25.264154],[97.77314,25.112732],[97.743355,25.083864],[97.720123,25.083658],[97.715584,24.983196],[97.730843,24.956865],[97.730583,24.913498],[97.782173,24.880096],[97.79702,24.84897],[97.76165,24.826408],[97.701218,24.841034],[97.654716,24.796614],[97.585815,24.769905],[97.551987,24.738041],[97.571236,24.717077],[97.571419,24.605549],[97.553596,24.485723],[97.530525,24.449701],[97.532593,24.431158],[97.674034,24.455799],[97.683609,24.393927],[97.714714,24.365831],[97.699348,24.341909],[97.662865,24.340178],[97.66713,24.297766],[97.719696,24.298161],[97.767258,24.264893],[97.72715,24.222578],[97.72644,24.186852],[97.759415,24.164797],[97.728699,24.11392],[97.633713,24.04701],[97.627861,24.014038],[97.5326,23.947639],[97.531029,23.931114],[97.623215,23.890306],[97.644791,23.866962],[97.646072,23.843344],[97.655983,23.86706],[97.677841,23.863462],[97.68708,23.887745],[97.713417,23.861387],[97.706223,23.886311],[97.76252,23.911516],[97.810631,23.960108],[97.819496,23.944265],[97.825897,23.971119],[97.843056,23.961407],[97.847046,23.977381],[97.868767,23.986395],[97.892532,23.97427],[97.886475,24],[97.89785,24.011583],[97.981285,24.028513],[98.102798,24.094866],[98.215286,24.114206],[98.35759,24.101227],[98.369492,24.116529],[98.546478,24.128012],[98.603096,24.084221],[98.703972,24.110121],[98.735023,24.12982],[98.851082,24.132401],[98.882011,24.145308],[98.893654,24.104435],[98.852486,24.060465],[98.807053,24.028038],[98.773445,24.025066],[98.727188,23.973207],[98.700806,23.984318],[98.672905,23.963554],[98.700706,23.949219],[98.68383,23.912928],[98.701088,23.837116],[98.668571,23.803598],[98.683189,23.805613],[98.70459,23.785009],[98.79232,23.780626],[98.820755,23.738487],[98.811424,23.705893],[98.835693,23.68652],[98.846886,23.634716],[98.885277,23.61647],[98.881721,23.598217],[98.844284,23.581764],[98.802315,23.53327],[98.82547,23.472836],[98.874458,23.486137],[98.912155,23.429207],[98.906868,23.39517],[98.920197,23.356764],[98.898628,23.359688],[98.872437,23.332712],[98.90654,23.334612],[98.936493,23.312969],[98.887375,23.179308],[98.926933,23.185623],[98.964272,23.165874],[99.056671,23.167067],[99.047615,23.117353],[99.105614,23.089211],[99.110909,23.10429],[99.202225,23.109398],[99.21666,23.090096],[99.25457,23.080729],[99.274055,23.101973],[99.313171,23.107262],[99.330841,23.136171],[99.391884,23.096933],[99.509483,23.077419],[99.528542,23.057716],[99.517097,23.002296],[99.562485,22.928633],[99.530563,22.900047],[99.439751,22.934965],[99.436745,22.910387],[99.461899,22.84502],[99.396736,22.826056],[99.386932,22.814951],[99.388443,22.770044],[99.311073,22.741098],[99.340027,22.709307],[99.385971,22.58419],[99.361191,22.532553],[99.379494,22.494076],[99.293716,22.411371],[99.253853,22.389891],[99.279419,22.347612],[99.258293,22.337257],[99.236946,22.299849],[99.228386,22.240547],[99.206474,22.230944],[99.174118,22.18528],[99.193413,22.171791],[99.155846,22.165182],[99.213089,22.11949],[99.245598,22.118515],[99.262978,22.103842],[99.280411,22.111929],[99.390144,22.101627],[99.470909,22.133713],[99.515648,22.102465],[99.561798,22.116209],[99.577103,22.094858],[99.590767,22.114418],[99.605896,22.099358],[99.640602,22.106487],[99.693336,22.076113],[99.689507,22.048185],[99.703186,22.040279],[99.720444,22.063435],[99.752007,22.072208],[99.814423,22.05122],[99.842133,22.028399],[99.872772,22.036968],[99.870613,22.069918],[99.971642,22.055876],[99.958618,22.037144],[99.995049,21.981838],[99.980492,21.918888],[99.945702,21.849413],[99.945259,21.814848],[99.985153,21.720423],[100.032051,21.700535],[100.030113,21.680126],[100.04213,21.67145],[100.113106,21.708364],[100.136017,21.702742],[100.168137,21.665474],[100.168747,21.651937],[100.144447,21.64249],[100.112419,21.599318],[100.12487,21.511225],[100.169609,21.488085],[100.177582,21.51959],[100.198051,21.519125],[100.235733,21.472094],[100.251572,21.471939],[100.302284,21.482758],[100.349739,21.532534],[100.388611,21.526073],[100.427559,21.542543],[100.481758,21.461761],[100.525597,21.473782],[100.557076,21.453339],[100.578003,21.454657],[100.661934,21.48568],[100.690826,21.513557],[100.729477,21.521334],[100.752426,21.557907],[100.787781,21.573542],[100.810867,21.622267],[100.883247,21.687693],[100.986732,21.703867],[101.088898,21.771862],[101.114693,21.77137],[101.118881,21.702141],[101.151215,21.668446],[101.168213,21.604834],[101.136116,21.576363],[101.144287,21.562273],[101.207489,21.5599],[101.208862,21.511593],[101.224068,21.504517],[101.191475,21.476789],[101.188339,21.420969],[101.14138,21.411604],[101.182243,21.337229],[101.248291,21.299467],[101.224197,21.228727],[101.288803,21.180822],[101.386002,21.22835],[101.444344,21.229889],[101.531296,21.255068],[101.603371,21.232662],[101.587433,21.194357],[101.599068,21.175974],[101.665253,21.19919],[101.695229,21.171432],[101.701454,21.148708],[101.754684,21.145899],[101.793678,21.210901],[101.833046,21.20763],[101.833206,21.249575],[101.790253,21.288427],[101.749763,21.29343],[101.728867,21.339542],[101.749039,21.416628],[101.739639,21.485479],[101.771034,21.515827],[101.744347,21.578688],[101.7537,21.587547],[101.797325,21.57629],[101.827179,21.61986],[101.806252,21.646925],[101.778511,21.643503],[101.766129,21.718895],[101.74585,21.732704],[101.773048,21.834288],[101.743217,21.844139],[101.737572,21.873747],[101.698921,21.89987],[101.699898,21.941614],[101.665161,21.937386],[101.606049,21.967293],[101.624878,22.009111],[101.572685,22.118147],[101.601662,22.135117],[101.595207,22.164156],[101.546318,22.234203],[101.563004,22.272659],[101.624184,22.285675],[101.645393,22.329206],[101.647552,22.366085],[101.668457,22.368448],[101.646011,22.409334],[101.665726,22.435827],[101.671127,22.477953],[101.713806,22.48115],[101.772903,22.509176],[101.822823,22.459894],[101.828049,22.42181],[101.878098,22.387363],[101.9002,22.387478],[101.909943,22.40012],[101.9067,22.44034],[101.977226,22.430847],[102.038559,22.460983],[102.125175,22.440863],[102.147118,22.401087],[102.177986,22.433392],[102.267731,22.417374],[102.25486,22.460329],[102.28286,22.482164],[102.288818,22.512363],[102.326302,22.558136],[102.358231,22.568884],[102.352348,22.589418],[102.417931,22.643999],[102.389595,22.68651],[102.425591,22.695972],[102.455971,22.73847],[102.457603,22.761843],[102.500374,22.783194],[102.541069,22.758499],[102.580048,22.70833],[102.605629,22.734684],[102.65519,22.696486],[102.696449,22.705175],[102.764687,22.654078],[102.786736,22.650797],[102.787331,22.629131],[102.824387,22.630861],[102.862022,22.611359],[102.878502,22.595991],[102.87249,22.579145],[102.895561,22.536779],[102.934944,22.48875],[102.986832,22.481564],[103.027603,22.449064],[103.079369,22.454565],[103.081253,22.512259],[103.177971,22.560331],[103.16198,22.600061],[103.192444,22.651707],[103.22261,22.650145],[103.280251,22.682777],[103.28949,22.743248],[103.330872,22.812431],[103.370659,22.805038],[103.440514,22.761017],[103.430313,22.723122],[103.458626,22.681541],[103.458488,22.661968],[103.524185,22.598095],[103.572639,22.651861],[103.570549,22.720018],[103.622375,22.790493],[103.650398,22.796743],[103.849838,22.600201],[103.972107,22.50276],[104.008911,22.525251],[104.040871,22.72612],[104.121849,22.810596],[104.260689,22.842932],[104.272896,22.829401],[104.257881,22.779343],[104.268883,22.740686],[104.325409,22.725483],[104.367271,22.691631],[104.40052,22.705025],[104.420433,22.737724],[104.496643,22.777292],[104.525696,22.81715],[104.577408,22.849417],[104.594208,22.847799],[104.596809,22.822332],[104.610329,22.815792],[104.623138,22.837597],[104.671936,22.820154],[104.733345,22.825228],[104.730408,22.854977],[104.758507,22.86537],[104.776154,22.904053],[104.843857,22.929321],[104.862267,22.953613],[104.818352,23.035032],[104.806709,23.11927],[104.823753,23.110777],[104.871941,23.12636],[104.890869,23.174339],[104.910202,23.17872],[104.946381,23.155079],[104.961639,23.19795],[104.994621,23.19879],[105.000923,23.215708],[105.078888,23.262947],[105.112724,23.248703],[105.179039,23.28154],[105.235138,23.266945],[105.2547,23.336405],[105.276421,23.342121],[105.308014,23.382196],[105.328034,23.389029],[105.351135,23.369213],[105.365517,23.322109],[105.412468,23.286236],[105.442291,23.295433],[105.498764,23.205439],[105.555626,23.180735],[105.565277,23.071695],[105.622452,23.067255],[105.642319,23.083036],[105.687569,23.063887],[105.721115,23.064947],[105.738533,23.033695],[105.758781,23.034399],[105.802567,22.997583],[105.835892,22.990538],[105.875786,22.919909],[105.893631,22.919498],[105.886536,22.934948],[105.92347,22.948818],[106.003212,22.949329],[106.001297,22.981775],[106.016495,22.99324],[106.053352,22.987381],[106.082367,22.999039],[106.102936,22.983534],[106.150597,22.991068],[106.203369,22.981171],[106.266632,22.910105],[106.255806,22.888109],[106.283752,22.869795],[106.357544,22.858952],[106.370773,22.882767],[106.410019,22.879982],[106.45459,22.903246],[106.48632,22.904161],[106.522743,22.949501],[106.566193,22.924345],[106.602448,22.928598],[106.651016,22.867823],[106.671745,22.894268],[106.713211,22.884279],[106.719673,22.860386],[106.7631,22.828579],[106.764709,22.811504],[106.820999,22.816978],[106.831322,22.792608],[106.811317,22.77219],[106.784348,22.769096],[106.786186,22.753649],[106.759544,22.720415],[106.768158,22.709326],[106.719215,22.614153],[106.730576,22.600471],[106.722916,22.58436],[106.653229,22.578983],[106.628929,22.608181],[106.611923,22.609768],[106.57814,22.47764],[106.558578,22.462393],[106.566299,22.408892],[106.593224,22.392342],[106.560905,22.350658],[106.585701,22.338369],[106.656006,22.337156],[106.670395,22.285603],[106.690063,22.276274],[106.69928,22.221792],[106.6754,22.208759],[106.674675,22.181934],[106.703316,22.161476],[106.689316,22.139566],[106.714233,22.077272],[106.702988,22.024387],[106.677689,21.997787],[106.682472,21.980112],[106.70118,21.968124],[106.738327,22.01388],[106.762314,22.014431],[106.786751,22.007626],[106.810921,21.978767],[106.86145,21.988646],[106.922943,21.970484],[106.93206,21.93659],[106.955185,21.924994],[106.995628,21.950357],[107.023529,21.943851],[107.055946,21.91782],[107.057678,21.89612],[107.008179,21.85273],[107.013992,21.82197],[107.089554,21.805767],[107.183701,21.746019],[107.212219,21.713013],[107.243492,21.705656],[107.261559,21.726822],[107.302635,21.739975],[107.35939,21.657743],[107.360657,21.600979],[107.384315,21.596567],[107.427017,21.644276],[107.465416,21.662018],[107.482651,21.652027],[107.49231,21.600401],[107.534569,21.5895],[107.565918,21.610424],[107.601143,21.593046],[107.662674,21.614687],[107.686653,21.608183],[107.813339,21.658571],[107.839935,21.641283],[107.867409,21.647137],[107.897972,21.59413],[107.931175,21.582245],[107.964127,21.532866],[108.031269,21.549687],[108.146427,21.523211],[108.186308,21.531545],[108.140577,21.558887],[108.151992,21.578937],[108.175259,21.58375],[108.175608,21.599635],[108.204698,21.603129],[108.21532,21.625847],[108.250734,21.612179],[108.259377,21.575375],[108.22666,21.52745],[108.230777,21.505724],[108.323514,21.588075],[108.310856,21.597039],[108.323869,21.648488],[108.314346,21.667992],[108.344537,21.685483],[108.365459,21.675157],[108.326146,21.603098],[108.335945,21.566072],[108.353082,21.556328],[108.374521,21.624976],[108.366479,21.638925],[108.387097,21.656238],[108.374597,21.670647],[108.391927,21.662094],[108.433579,21.678645],[108.455928,21.655969],[108.417744,21.632758],[108.419559,21.608436],[108.393018,21.598351],[108.398154,21.574682],[108.380842,21.574671],[108.374566,21.53957],[108.40133,21.539508],[108.426053,21.55471],[108.474902,21.558811],[108.475655,21.581113],[108.520695,21.59778],[108.572015,21.686474],[108.540627,21.728019],[108.517445,21.707694],[108.483979,21.738696],[108.502452,21.754184],[108.503346,21.730293],[108.523694,21.727832],[108.530984,21.751167],[108.516669,21.769914],[108.503677,21.762881],[108.507134,21.796669],[108.471677,21.847452],[108.536373,21.897275],[108.573579,21.890266],[108.579533,21.868878],[108.599976,21.865141],[108.611558,21.845659],[108.561696,21.789609],[108.590429,21.764759],[108.591273,21.713332],[108.639298,21.694422],[108.648558,21.666121],[108.675905,21.670482],[108.697729,21.713135],[108.725858,21.667283],[108.731372,21.617843],[108.810563,21.638234],[108.832268,21.620469],[108.86491,21.625543],[108.866409,21.640366],[108.845973,21.648122],[108.839269,21.684273],[108.856093,21.765095],[108.865584,21.751099],[108.937844,21.764466],[108.886371,21.738544],[108.863544,21.742889],[108.863364,21.704306],[108.850657,21.684518],[108.905519,21.638872],[108.907345,21.619507],[108.965467,21.596902],[109.017804,21.617218],[109.096458,21.584831],[109.150306,21.578253],[109.167736,21.540229],[109.161217,21.517449],[109.142288,21.50012],[109.071621,21.478925],[109.042916,21.450587],[109.158623,21.402479],[109.221821,21.420501],[109.234227,21.45904],[109.253252,21.430782],[109.301163,21.442874],[109.328697,21.467365],[109.32783,21.484825],[109.339868,21.451382],[109.450426,21.458941],[109.519259,21.49071],[109.549808,21.477972],[109.557487,21.493473],[109.543259,21.506524],[109.570798,21.536625],[109.583399,21.586121],[109.53204,21.645713],[109.468326,21.666152],[109.536272,21.655667],[109.522812,21.692945],[109.530963,21.716641],[109.547884,21.736716],[109.575041,21.737454],[109.593985,21.761346],[109.600241,21.738133],[109.56094,21.716022],[109.554413,21.697683],[109.563919,21.666986],[109.581895,21.655827],[109.578567,21.63778],[109.595467,21.631415],[109.609596,21.578745],[109.633719,21.571876],[109.63765,21.590461],[109.673677,21.610524],[109.674922,21.567008],[109.658752,21.524473],[109.673632,21.501807],[109.754061,21.459984],[109.763374,21.502822],[109.746586,21.579512],[109.793153,21.50599],[109.792738,21.47044],[109.829418,21.452253],[109.905398,21.453456],[109.922921,21.431542],[109.934251,21.434863],[109.908502,21.415543],[109.897401,21.374006],[109.913048,21.359031],[109.789515,21.346802],[109.768146,21.354536],[109.769033,21.213113],[109.75206,21.190819],[109.734751,21.191969],[109.673435,21.117594],[109.706334,21.069279],[109.664716,20.936889],[109.674453,20.869378],[109.725447,20.795188],[109.751491,20.811405],[109.762346,20.786519],[109.746523,20.742023],[109.77389,20.704758],[109.76047,20.678144],[109.747024,20.677288],[109.741313,20.636827],[109.763644,20.627565],[109.775272,20.639073],[109.816884,20.600541],[109.838004,20.554114],[109.816984,20.53749],[109.830806,20.502731],[109.90364,20.487807],[109.916072,20.439561],[109.94454,20.4183],[109.974228,20.4193],[109.944116,20.413639],[109.906426,20.436094],[109.898727,20.416641],[109.860913,20.411521],[109.877385,20.362518],[109.916608,20.349763],[109.935504,20.28988],[109.905845,20.22276],[109.925932,20.217582],[109.971146,20.270917],[110.014081,20.269114],[110.057503,20.291438],[110.068898,20.272163],[110.114421,20.263567],[110.132207,20.240127],[110.184048,20.237546],[110.20542,20.270586],[110.316659,20.261556],[110.375359,20.308929],[110.406455,20.30551],[110.440303,20.330824],[110.519784,20.435222],[110.530428,20.482071],[110.472305,20.58004],[110.451862,20.567657],[110.425215,20.582612],[110.422277,20.610182],[110.437681,20.624892],[110.442358,20.581218],[110.48684,20.583341],[110.48778,20.621739],[110.465265,20.679565],[110.408661,20.659276],[110.392433,20.669441],[110.371054,20.659502],[110.339555,20.667686],[110.338297,20.714539],[110.326027,20.725853],[110.333198,20.741828],[110.362628,20.707339],[110.390158,20.718979],[110.401778,20.765564],[110.385033,20.821691],[110.352938,20.827999],[110.338743,20.849713],[110.319272,20.854195],[110.219731,20.861199],[110.205119,20.850192],[110.166219,20.92885],[110.165771,20.985774],[110.200233,21.013618],[110.193752,21.029195],[110.209669,21.047787],[110.23733,21.02807],[110.256855,21.033105],[110.258218,21.067328],[110.293379,21.099187],[110.304738,21.086268],[110.298402,21.064929],[110.274673,21.030615],[110.211653,20.985765],[110.199882,20.947494],[110.306005,20.97205],[110.338322,20.992043],[110.415145,21.002801],[110.427856,20.992996],[110.464751,20.996243],[110.503631,20.927529],[110.526928,20.925112],[110.550221,21.063884],[110.516606,21.078383],[110.481175,21.05906],[110.428107,21.054868],[110.407027,21.095166],[110.330652,21.072809],[110.330221,21.104878],[110.376166,21.143013],[110.386974,21.131337],[110.403836,21.145891],[110.423119,21.236429],[110.399235,21.261292],[110.414515,21.290739],[110.411587,21.315271],[110.399904,21.371667],[110.372537,21.413208],[110.422413,21.354614],[110.426004,21.265412],[110.440914,21.234416],[110.427475,21.200747],[110.487595,21.22205],[110.536119,21.21002],[110.558275,21.222387],[110.613487,21.21953],[110.637054,21.233849],[110.639548,21.254224],[110.65104,21.247646],[110.67924,21.306931],[110.743947,21.378861],[110.781464,21.398216],[110.814876,21.398646],[110.830636,21.384711],[110.89155,21.387078],[110.934806,21.418431],[110.990869,21.423741],[111.084899,21.46857],[111.042257,21.489729],[111.049469,21.508241],[111.104249,21.458891],[111.229907,21.479521],[111.268595,21.499606],[111.288491,21.474825],[111.256059,21.438676],[111.257296,21.41533],[111.378512,21.506259],[111.447083,21.530757],[111.429308,21.574633],[111.452542,21.560778],[111.455393,21.523047],[111.477544,21.504279],[111.527212,21.525046],[111.54493,21.507657],[111.617773,21.541523],[111.640024,21.523281],[111.667462,21.530504],[111.671004,21.570497],[111.687002,21.591539],[111.727408,21.612828],[111.782297,21.618445],[111.778941,21.632139],[111.801104,21.6537],[111.807934,21.69645],[111.716325,21.744758],[111.722091,21.761524],[111.790042,21.733163],[111.831408,21.686302],[111.864621,21.66908],[111.901394,21.679207],[111.918041,21.668219],[111.891884,21.645311],[111.839923,21.653309],[111.851939,21.626788],[111.825633,21.593123],[111.824358,21.562057],[111.863186,21.56768],[111.938975,21.612811],[111.958586,21.605122],[112.004629,21.62018],[112.016725,21.645092],[111.959351,21.658403],[111.943047,21.647694],[111.91841,21.667623],[111.911818,21.692648],[111.991586,21.753009],[112.054427,21.773784],[112.020828,21.789518],[112.064218,21.781532],[112.182867,21.804915],[112.200937,21.744701],[112.232252,21.737144],[112.260155,21.702089],[112.401871,21.735794],[112.413852,21.823782],[112.564964,21.754798],[112.644732,21.786373],[112.649975,21.824549],[112.7079,21.889347],[112.748699,21.894738],[112.74467,21.914887],[112.762731,21.934185],[112.829976,21.95737],[112.856294,21.93845],[112.852642,21.921185],[112.867359,21.893897],[112.890913,21.88273],[112.897882,21.856275],[112.927707,21.855615],[112.936278,21.872284],[112.982367,21.891213],[112.994215,21.924818],[113.029291,21.949965],[113.01577,22.118406],[113.03072,22.13887],[113.059179,22.118434],[113.083372,22.146372],[113.085671,22.206678],[113.107791,22.208953],[113.108758,22.058939],[113.176581,21.963583],[113.216928,21.927486],[113.218279,21.90358],[113.261281,21.875079],[113.286268,21.899367],[113.27443,21.944944],[113.239592,21.993935],[113.253883,22.041596],[113.270913,22.050225],[113.308198,22.003154],[113.344617,22.007215],[113.365511,21.989786],[113.401901,22.015638],[113.390559,22.027846],[113.411944,22.065156],[113.430478,22.050376],[113.455425,22.051853],[113.540474,22.084539],[113.547642,22.141411],[113.524968,22.182164],[113.534653,22.207367],[113.533296,22.179406],[113.558312,22.187113],[113.551304,22.215623],[113.583685,22.242772],[113.579901,22.31231],[113.601838,22.315591],[113.589793,22.338761],[113.614209,22.349079],[113.624254,22.371577],[113.564758,22.391465],[113.562457,22.415621],[113.580294,22.427095],[113.58563,22.499824],[113.625575,22.505295],[113.621331,22.55365],[113.590273,22.599225],[113.612384,22.596057],[113.634512,22.562996],[113.675506,22.597669],[113.695563,22.58388],[113.661612,22.68652],[113.683751,22.744037],[113.722336,22.752656],[113.757094,22.739075],[113.771697,22.670221],[113.804174,22.612867],[113.823359,22.608384],[113.849254,22.555692],[113.88237,22.543375],[113.880902,22.52554],[113.862732,22.51616],[113.871672,22.474314],[113.898881,22.46561],[113.916894,22.487613],[113.931226,22.479897],[113.947737,22.491231],[113.952121,22.521853],[114.00379,22.52892],[114.030394,22.50671],[114.057029,22.50525],[114.028538,22.506015],[114.02392,22.483818],[113.998322,22.489013],[113.973544,22.455455],[113.913306,22.418318],[113.915099,22.375132],[113.946419,22.36478],[113.976522,22.38162],[114.026835,22.355127],[114.099258,22.368482],[114.126737,22.328461],[114.141931,22.315319],[114.15365,22.32274],[114.174858,22.292992],[114.191732,22.301816],[114.196002,22.320777],[114.213421,22.315552],[114.243647,22.286108],[114.257154,22.301201],[114.270956,22.289702],[114.273736,22.263012],[114.31044,22.302811],[114.277741,22.319403],[114.255871,22.355824],[114.276827,22.391826],[114.332982,22.376533],[114.331056,22.363625],[114.352077,22.347644],[114.371855,22.353756],[114.37739,22.374654],[114.391716,22.368602],[114.390715,22.387655],[114.370893,22.399814],[114.397203,22.422998],[114.394392,22.43848],[114.354268,22.448753],[114.346928,22.435544],[114.32348,22.47648],[114.278083,22.44528],[114.288337,22.426197],[114.228391,22.427895],[114.218766,22.406544],[114.192836,22.45092],[114.210977,22.469749],[114.231402,22.47226],[114.253964,22.452455],[114.334631,22.510369],[114.26136,22.546612],[114.225782,22.545544],[114.265876,22.575785],[114.274858,22.566386],[114.296831,22.573162],[114.299648,22.591368],[114.327178,22.605695],[114.345542,22.600224],[114.388276,22.614702],[114.425597,22.602611],[114.440418,22.571003],[114.458723,22.570394],[114.485929,22.536883],[114.482186,22.470609],[114.515631,22.452017],[114.544103,22.484747],[114.558332,22.477482],[114.622756,22.513091],[114.549314,22.568045],[114.526648,22.568691],[114.517643,22.55259],[114.498553,22.557516],[114.506845,22.591768],[114.543674,22.59467],[114.576711,22.617703],[114.581784,22.638305],[114.576038,22.658621],[114.551062,22.650791],[114.507461,22.666748],[114.530029,22.70013],[114.575414,22.692471],[114.574018,22.729343],[114.702469,22.79357],[114.735913,22.777343],[114.764314,22.785763],[114.779457,22.825139],[114.795205,22.827781],[114.824769,22.791741],[114.743034,22.74211],[114.73805,22.708746],[114.750412,22.687676],[114.729393,22.654902],[114.746564,22.640059],[114.750055,22.598956],[114.886184,22.600096],[114.887067,22.550708],[114.915327,22.560768],[114.900376,22.577948],[114.903329,22.604388],[114.925486,22.643527],[114.96877,22.678987],[114.915009,22.72464],[114.895856,22.714761],[114.872911,22.731731],[114.860604,22.758673],[114.881367,22.771642],[114.904053,22.749213],[114.951521,22.7406],[114.950697,22.70781],[114.983562,22.6907],[115.020426,22.705882],[115.017277,22.727015],[115.046271,22.783312],[115.212732,22.834863],[115.235582,22.83144],[115.252765,22.820099],[115.233367,22.804121],[115.241299,22.786794],[115.300728,22.794235],[115.348483,22.777052],[115.367171,22.753681],[115.339221,22.732851],[115.382249,22.689367],[115.468996,22.703382],[115.557413,22.669206],[115.56146,22.711208],[115.583946,22.731043],[115.562586,22.740097],[115.548537,22.717048],[115.521666,22.753549],[115.529341,22.77381],[115.585465,22.841562],[115.66114,22.87656],[115.698657,22.872295],[115.697828,22.850163],[115.770773,22.839623],[115.802257,22.794598],[115.797686,22.758137],[115.81962,22.740347],[115.876356,22.796447],[115.904038,22.79121],[115.929585,22.808413],[115.955175,22.801936],[115.981381,22.828483],[116.035881,22.847546],[116.074626,22.848157],[116.095172,22.820636],[116.13504,22.838016],[116.219653,22.919769],[116.274801,22.953953],[116.310832,22.962049],[116.381333,22.928894],[116.457828,22.949557],[116.503328,22.943204],[116.516306,22.991359],[116.530369,23.005485],[116.547611,23.001182],[116.561381,23.021651],[116.547307,23.054238],[116.552922,23.086479],[116.5347,23.119627],[116.569633,23.176303],[116.604233,23.193853],[116.648821,23.166144],[116.661299,23.197749],[116.700942,23.237928],[116.738053,23.247734],[116.790464,23.21195],[116.805442,23.239369],[116.782511,23.238675],[116.76961,23.294373],[116.734312,23.334981],[116.718991,23.324384],[116.677471,23.343606],[116.638085,23.327757],[116.572217,23.334159],[116.555706,23.377113],[116.566407,23.394868],[116.64392,23.350841],[116.714133,23.354753],[116.774549,23.324523],[116.871082,23.450252],[116.874439,23.468784],[116.859561,23.479217],[116.895576,23.544073],[116.911982,23.552224],[116.911923,23.569696],[116.942703,23.582433],[116.941656,23.604457],[116.985044,23.631612],[117.020501,23.613562],[117.074297,23.619207],[117.089125,23.550504],[117.146342,23.598166],[117.222129,23.62418],[117.21766,23.653272],[117.238967,23.662041],[117.229872,23.608051],[117.244162,23.605027],[117.255625,23.624534],[117.275529,23.627268],[117.266988,23.675578],[117.280353,23.678426],[117.274505,23.735491],[117.343325,23.753637],[117.395951,23.787516],[117.440001,23.76475],[117.473959,23.798484],[117.467869,23.817657],[117.504194,23.865658],[117.472402,23.912336],[117.41488,23.922455],[117.409027,23.941489],[117.433523,23.943544],[117.543169,23.906247],[117.600442,23.867906],[117.594433,23.810542],[117.607703,23.795829],[117.584921,23.764751],[117.591854,23.737228],[117.641739,23.793841],[117.623725,23.829576],[117.633087,23.887495],[117.654786,23.920888],[117.70784,23.951035],[117.690481,23.982606],[117.714121,24.03042],[117.768537,24.007161],[117.772857,23.989697],[117.756918,23.954611],[117.731601,23.938372],[117.742528,23.905569],[117.768243,23.919423],[117.775629,23.95865],[117.809114,24.000533],[117.849659,24.031315],[117.892139,24.026158],[117.896529,24.08818],[117.951415,24.159517],[117.979684,24.160933],[117.987921,24.18603],[118.07197,24.253519],[118.095169,24.250304],[118.121998,24.269956],[118.133291,24.307684],[118.096419,24.360611],[118.052596,24.354801],[118.051228,24.381827],[118.067865,24.391085],[118.061704,24.410568],[118.017433,24.415406],[117.906112,24.393801],[117.894254,24.433088],[117.913541,24.460443],[117.911308,24.478753],[118.041404,24.441074],[118.033983,24.474066],[118.067746,24.505959],[118.02923,24.544395],[118.063485,24.569189],[118.09992,24.566656],[118.145476,24.631226],[118.164127,24.628749],[118.183665,24.661286],[118.202441,24.649762],[118.178097,24.628925],[118.190512,24.618014],[118.190509,24.565403],[118.232289,24.529638],[118.282997,24.563714],[118.293029,24.583784],[118.360491,24.578633],[118.420197,24.606233],[118.433297,24.625137],[118.433198,24.671035],[118.44695,24.666921],[118.443439,24.627774],[118.471901,24.631329],[118.569402,24.581788],[118.569653,24.517886],[118.631129,24.547374],[118.682724,24.607991],[118.678662,24.630006],[118.658024,24.619614],[118.646268,24.638127],[118.657626,24.688189],[118.6994,24.668392],[118.773351,24.74634],[118.779563,24.772479],[118.751767,24.780528],[118.740906,24.770647],[118.718714,24.791835],[118.664897,24.791678],[118.650128,24.807281],[118.638082,24.834495],[118.645507,24.854851],[118.677802,24.858821],[118.687774,24.882158],[118.672214,24.909413],[118.681344,24.937154],[118.698578,24.851446],[118.770786,24.856594],[118.873519,24.897021],[118.982359,24.880972],[118.976405,24.899336],[118.951889,24.885498],[118.909648,24.915239],[118.900389,24.945128],[118.913443,24.961043],[118.977859,24.962392],[118.987429,24.945609],[119.007431,24.955309],[118.985961,24.975004],[118.983688,25.000671],[118.998103,25.005356],[118.861974,25.089287],[118.951793,25.113983],[118.936721,25.143298],[118.9795,25.169999],[118.962368,25.210918],[118.938083,25.206433],[118.935598,25.226131],[118.906419,25.243755],[118.871056,25.244519],[118.911377,25.250392],[118.905806,25.260381],[118.949909,25.27512],[119.018228,25.285946],[119.026342,25.269773],[118.970352,25.234793],[118.992321,25.210547],[119.05551,25.224562],[119.070583,25.209591],[119.053585,25.16611],[119.030584,25.173485],[119.02351,25.157667],[119.033569,25.127506],[119.065973,25.109654],[119.102969,25.111698],[119.159245,25.137185],[119.109864,25.179398],[119.110633,25.217175],[119.14202,25.240669],[119.144087,25.209767],[119.177756,25.182819],[119.236485,25.192231],[119.268763,25.179083],[119.300117,25.19152],[119.286414,25.235824],[119.346821,25.248447],[119.372744,25.266082],[119.288977,25.321068],[119.2768,25.312005],[119.257043,25.323257],[119.237788,25.306556],[119.210929,25.36281],[119.134198,25.385449],[119.120492,25.408593],[119.136042,25.39266],[119.145305,25.429768],[119.169424,25.452709],[119.191414,25.425491],[119.227534,25.44919],[119.206442,25.480809],[119.224188,25.477154],[119.257439,25.499949],[119.257273,25.434188],[119.292911,25.41327],[119.343404,25.411434],[119.346245,25.435808],[119.326981,25.482951],[119.34605,25.528952],[119.40161,25.513947],[119.39709,25.500254],[119.421133,25.492853],[119.454329,25.506604],[119.445283,25.455465],[119.498418,25.458802],[119.483208,25.43059],[119.520065,25.382722],[119.540699,25.374887],[119.571622,25.402378],[119.534424,25.436149],[119.561378,25.461246],[119.585052,25.452733],[119.574665,25.435251],[119.587234,25.403421],[119.579586,25.376576],[119.607804,25.346597],[119.657522,25.374214],[119.651685,25.424231],[119.609154,25.438232],[119.633713,25.464902],[119.605397,25.469813],[119.594832,25.525666],[119.613569,25.539208],[119.605446,25.567554],[119.530155,25.583936],[119.535239,25.625304],[119.476657,25.627796],[119.463129,25.656251],[119.519246,25.690119],[119.595312,25.690727],[119.604005,25.732669],[119.632258,25.752324],[119.608345,25.826111],[119.620285,25.892411],[119.650409,25.91013],[119.679363,25.908229],[119.713086,26.000389],[119.699828,26.025083],[119.672253,26.016752],[119.612683,26.033263],[119.594062,26.04887],[119.557946,26.051613],[119.543653,26.072485],[119.529591,26.073261],[119.50498,26.041845],[119.515102,26.082191],[119.564205,26.133807],[119.605059,26.140455],[119.601975,26.17785],[119.653119,26.206365],[119.6674,26.237156],[119.644872,26.272115],[119.724395,26.27776],[119.845487,26.334758],[119.882102,26.323642],[119.922856,26.342432],[119.925174,26.360021],[119.858033,26.351161],[119.872524,26.374754],[119.845123,26.414133],[119.820376,26.423313],[119.744816,26.364414],[119.677178,26.344897],[119.659019,26.399049],[119.667653,26.417785],[119.645838,26.445965],[119.632022,26.438968],[119.603126,26.455402],[119.637469,26.482857],[119.671412,26.4763],[119.715802,26.448283],[119.770419,26.439894],[119.765107,26.408562],[119.792352,26.417868],[119.802674,26.441266],[119.820339,26.44086],[119.817323,26.469068],[119.776201,26.518172],[119.773918,26.564745],[119.79613,26.55226],[119.786105,26.576318],[119.731355,26.614156],[119.633974,26.607646],[119.606988,26.587855],[119.547077,26.629169],[119.584091,26.654601],[119.607843,26.650212],[119.634056,26.688268],[119.623495,26.706577],[119.651488,26.712534],[119.637931,26.737228],[119.649578,26.74247],[119.577044,26.757571],[119.585622,26.786388],[119.619571,26.799692],[119.619314,26.757089],[119.659503,26.751296],[119.696694,26.707674],[119.73036,26.710451],[119.736017,26.727881],[119.707131,26.748718],[119.689306,26.784193],[119.701276,26.81306],[119.742222,26.734258],[119.765675,26.754045],[119.763194,26.802863],[119.787561,26.835766],[119.845819,26.853029],[119.787999,26.81702],[119.778409,26.796767],[119.822443,26.788954],[119.793055,26.753356],[119.806972,26.727289],[119.786735,26.708272],[119.804001,26.688503],[119.8515,26.691671],[119.870501,26.672782],[119.867035,26.648041],[119.897581,26.66244],[119.891983,26.698934],[119.926234,26.734921],[119.918732,26.776444],[119.93603,26.792604],[119.973281,26.782223],[120.076143,26.800496],[120.080159,26.783517],[120.036213,26.739099],[120.017268,26.73674],[120.006473,26.711002],[119.979005,26.70396],[119.960704,26.630974],[119.93912,26.613208],[119.901529,26.625696],[119.864687,26.599458],[119.834369,26.550519],[119.845649,26.519688],[119.88193,26.516638],[119.908132,26.547639],[119.931184,26.552015],[119.940906,26.565513],[119.929208,26.582456],[119.960092,26.610578],[120.012166,26.605859],[120.057684,26.630618],[120.092041,26.617967],[120.126718,26.642133],[120.099908,26.691936],[120.111914,26.708172],[120.138074,26.712353],[120.092509,26.757948],[120.117359,26.791796],[120.093885,26.792274],[120.06861,26.82223],[120.052912,26.891489],[120.093131,26.876187],[120.114575,26.893535],[120.10857,26.923801],[120.140197,26.931615],[120.22974,26.917367],[120.242259,26.965955],[120.187614,26.956774],[120.178932,26.973436],[120.262627,26.991767],[120.265696,27.027373],[120.247671,27.036867],[120.256067,27.062686],[120.278989,27.054458],[120.276936,27.092379],[120.31724,27.103519],[120.373904,27.091973],[120.368118,27.114455],[120.411657,27.143052],[120.375933,27.19477],[120.37742,27.221081],[120.355854,27.239791],[120.312725,27.209496],[120.262783,27.255165],[120.212241,27.243746],[120.200062,27.207017],[120.187894,27.214315],[120.201885,27.252394],[120.192076,27.27905],[120.213541,27.28279],[120.23145,27.251903],[120.276868,27.275248],[120.287193,27.294376],[120.305403,27.273377],[120.293795,27.259239],[120.303413,27.23066],[120.350513,27.245523],[120.387696,27.237453],[120.399426,27.228499],[120.385555,27.20668],[120.423139,27.169614],[120.434348,27.172025],[120.423117,27.186306],[120.430943,27.213877],[120.453933,27.222854],[120.462312,27.177217],[120.474753,27.167389],[120.532968,27.244732],[120.524869,27.263665],[120.548751,27.283885],[120.555532,27.309712],[120.525369,27.326184],[120.531966,27.358311],[120.555883,27.370899],[120.539782,27.387859],[120.547248,27.406423],[120.583743,27.383929],[120.620207,27.380753],[120.629178,27.364317],[120.648164,27.371738],[120.638488,27.405572],[120.653202,27.449395],[120.679807,27.465542],[120.63836,27.556623],[120.600888,27.590141],[120.647911,27.591135],[120.672254,27.621199],[120.699097,27.711858],[120.721307,27.707975],[120.745663,27.721706],[120.737883,27.73931],[120.774857,27.801523],[120.831326,27.76875],[120.911721,27.879576],[120.867703,27.932085],[120.894939,27.942241],[120.940323,27.903431],[120.971513,27.940135],[120.941239,27.973569],[120.997491,28.008596],[121.011391,28.037176],[121.006733,28.090874],[121.023939,28.111383],[121.074463,28.153344],[121.09179,28.146072],[121.13157,28.244489],[121.117813,28.2753],[121.146918,28.342406],[121.184399,28.357814],[121.170236,28.387526],[121.203097,28.389488],[121.238255,28.280137],[121.211134,28.258078],[121.194266,28.217304],[121.208645,28.197303],[121.200135,28.170541],[121.129551,28.136544],[121.147262,28.054883],[121.182427,28.04367],[121.217463,28.055652],[121.237316,28.082093],[121.281059,28.081996],[121.322498,28.14003],[121.358935,28.139342],[121.385214,28.176084],[121.36882,28.194024],[121.376442,28.207962],[121.402994,28.213847],[121.422599,28.258676],[121.439694,28.266576],[121.443666,28.294796],[121.460807,28.304646],[121.459905,28.327268],[121.509749,28.331103],[121.578222,28.301755],[121.582065,28.257283],[121.593357,28.250454],[121.640354,28.289369],[121.651116,28.345163],[121.628323,28.341641],[121.624518,28.360448],[121.64462,28.371229],[121.645907,28.397531],[121.637423,28.41378],[121.595218,28.4301],[121.61031,28.471294],[121.656762,28.456379],[121.657803,28.470113],[121.623906,28.494111],[121.606219,28.482663],[121.580223,28.495248],[121.603408,28.490141],[121.624449,28.523592],[121.557347,28.632887],[121.538659,28.654385],[121.450592,28.694673],[121.568355,28.6915],[121.634344,28.704999],[121.664956,28.726801],[121.687788,28.805384],[121.673007,28.86267],[121.643746,28.861146],[121.651214,28.884808],[121.616081,28.905394],[121.549006,28.904848],[121.56296,28.932939],[121.651378,28.899038],[121.693618,28.914843],[121.707567,28.93369],[121.702715,28.95745],[121.665917,28.976679],[121.682369,28.990794],[121.676017,29.042331],[121.648498,29.052005],[121.627068,29.037304],[121.550443,29.045797],[121.557504,29.011915],[121.528011,29.011401],[121.543316,29.051713],[121.630114,29.042116],[121.641514,29.104291],[121.503622,29.124016],[121.49924,29.137949],[121.43713,29.162635],[121.452578,29.167728],[121.465792,29.154286],[121.484821,29.167916],[121.497876,29.153704],[121.568211,29.135359],[121.603787,29.140489],[121.598323,29.155207],[121.52496,29.188231],[121.534015,29.222626],[121.581873,29.229673],[121.574461,29.256677],[121.600169,29.266772],[121.603073,29.232468],[121.627057,29.18795],[121.704955,29.132382],[121.747484,29.150472],[121.781863,29.27588],[121.788117,29.346344],[121.773247,29.363566],[121.805623,29.371264],[121.797896,29.333069],[121.820803,29.330501],[121.819114,29.310514],[121.801993,29.301756],[121.781708,29.174112],[121.805133,29.159515],[121.845621,29.160621],[121.933836,29.195556],[121.966788,29.263885],[121.951632,29.284611],[121.924969,29.285842],[121.928062,29.322858],[121.941436,29.338487],[121.923711,29.355138],[121.925224,29.385966],[121.962207,29.420456],[121.975874,29.467941],[121.955998,29.477379],[121.955562,29.511539],[121.979288,29.545117],[121.975732,29.614298],[121.928699,29.643221],[121.875198,29.616234],[121.794457,29.605346],[121.742806,29.545014],[121.825937,29.547328],[121.818813,29.495989],[121.801728,29.475167],[121.77229,29.469396],[121.759459,29.501263],[121.762973,29.536675],[121.746919,29.528625],[121.724728,29.541306],[121.569119,29.471949],[121.543497,29.452398],[121.513882,29.40148],[121.494808,29.397163],[121.487742,29.411368],[121.51347,29.419947],[121.529009,29.468623],[121.509983,29.491265],[121.475606,29.466255],[121.468501,29.42164],[121.442581,29.414569],[121.439518,29.475128],[121.461377,29.498746],[121.455349,29.513635],[121.517007,29.528152],[121.526246,29.507869],[121.552643,29.529432],[121.584929,29.520495],[121.616851,29.550082],[121.698629,29.560987],[121.77554,29.652013],[121.885999,29.716967],[121.889108,29.740732],[121.997042,29.766873],[122.025258,29.792815],[122.02345,29.823686],[122.138096,29.881178],[122.133478,29.90027],[122.117463,29.907786],[122.058028,29.887447],[121.935705,29.890537],[121.914795,29.921185],[121.674878,30.001158],[121.677875,30.016364],[121.649875,30.068391],[121.629624,30.055645],[121.517895,30.219516],[121.4645,30.275001],[121.362288,30.342129],[121.373916,30.358406],[121.333926,30.383138],[121.270975,30.404436],[121.265724,30.36933],[121.175345,30.361813],[121.181169,30.336664],[121.160339,30.33001],[121.144972,30.365981],[121.072897,30.311998],[121.091868,30.280359],[121.073772,30.26901],[120.908721,30.372704],[120.914683,30.416966],[120.945567,30.419735],[120.933182,30.478727],[120.945105,30.504844],[121.002995,30.5558],[121.080731,30.591422],[121.144795,30.604389],[121.154976,30.633503],[121.274768,30.694376],[121.33087,30.698193],[121.42725,30.769745],[121.654819,30.845394],[121.887817,30.848762],[121.96059,30.877841],[121.972237,30.893382],[121.973408,30.920755],[121.939872,30.998357],[121.890451,31.075187],[121.918292,31.094988],[121.814342,31.17513],[121.680147,31.319022],[121.582733,31.372484],[121.510487,31.389581],[121.489165,31.416353],[121.335267,31.508766],[121.382355,31.545032],[121.313949,31.585772],[121.258118,31.652081],[121.098747,31.765061],[121.180206,31.827146],[121.289795,31.871572],[121.367264,31.848284],[121.386615,31.824557],[121.293216,31.866154],[121.216324,31.833574],[121.162666,31.789844],[121.213275,31.733689],[121.244379,31.727732],[121.245719,31.704922],[121.291624,31.692882],[121.345356,31.64411],[121.553429,31.545016],[121.713762,31.498331],[121.829696,31.439884],[121.900682,31.450558],[121.938602,31.479093],[121.953197,31.506583],[121.983262,31.498673],[121.978654,31.528963],[121.959841,31.549516],[121.878764,31.611921],[121.88312,31.690795],[121.948277,31.705726],[121.953827,31.736666],[121.931705,31.737033],[121.82656,31.958538],[121.732233,32.023901],[121.751453,32.040848],[121.725128,32.063583],[121.682879,32.083446],[121.675238,32.069011],[121.627959,32.099312],[121.619139,32.076716],[121.595474,32.083538],[121.600018,32.102953],[121.573907,32.112143],[121.564564,32.095835],[121.51322,32.1125],[121.517932,32.136364],[121.440268,32.138691],[121.507734,32.149848],[121.488372,32.168018],[121.453368,32.152301],[121.41155,32.175556],[121.411103,32.197684],[121.360956,32.20257],[121.380152,32.214606],[121.468798,32.210325],[121.483203,32.231983],[121.457903,32.239211],[121.436268,32.277928],[121.436843,32.307134],[121.415661,32.324459],[121.413287,32.403175],[121.291213,32.460522],[121.28281,32.44796],[121.247736,32.45666],[121.260675,32.470638],[121.22212,32.48356],[121.206541,32.46706],[121.186865,32.476401],[121.196259,32.502074],[121.027528,32.566378],[121.039828,32.589019],[121.015279,32.602778],[120.951242,32.613275],[120.970615,32.635323],[120.944324,32.687522],[120.895548,32.687206],[120.907213,32.720267],[120.946127,32.722597],[120.968798,32.876002],[120.936464,32.881001],[120.922108,32.911191],[120.902391,33.021276],[120.881654,33.010908],[120.842119,33.055895],[120.860955,33.055853],[120.861744,33.093241],[120.82174,33.18139],[120.835941,33.187254],[120.829098,33.231581],[120.794744,33.224948],[120.755378,33.315956],[120.721039,33.357052],[120.706082,33.424641],[120.692128,33.425246],[120.677522,33.469383],[120.651257,33.478418],[120.650969,33.501578],[120.597054,33.509777],[120.553021,33.578763],[120.579991,33.594213],[120.581464,33.626306],[120.570993,33.633161],[120.537388,33.618632],[120.575641,33.642355],[120.56595,33.688716],[120.526883,33.775187],[120.476645,33.816325],[120.4823,33.828706],[120.364244,34.051578],[120.315494,34.109909],[120.302664,34.105867],[120.325503,34.118705],[120.300904,34.169352],[120.276552,34.295534],[120.187474,34.3402],[120.098325,34.37185],[120.081678,34.367332],[120.090034,34.377151],[120.008778,34.425222],[119.791193,34.466062],[119.79217,34.483716],[119.767366,34.5044],[119.715217,34.525452],[119.640695,34.514795],[119.650229,34.528896],[119.63849,34.562154],[119.560393,34.593958],[119.537197,34.631265],[119.524643,34.619699],[119.449527,34.675272],[119.498822,34.728146],[119.448493,34.748203],[119.32655,34.762098],[119.264308,34.796074],[119.24351,34.784192],[119.190317,34.831342],[119.20215,34.88117],[119.198016,34.962248],[119.21414,35.041311],[119.229537,35.058777],[119.383444,35.09906],[119.390775,35.128489],[119.376812,35.130221],[119.409373,35.271693],[119.444156,35.291229],[119.457064,35.315261],[119.534359,35.345665],[119.536104,35.377947],[119.56429,35.376446],[119.578907,35.45485],[119.598565,35.462578],[119.658466,35.581824],[119.723207,35.623996],[119.749298,35.620189],[119.749432,35.588848],[119.763262,35.582703],[119.813811,35.642621],[119.868414,35.612538],[119.89095,35.634543],[119.91551,35.637284],[119.906251,35.682808],[119.937298,35.708494],[119.908415,35.739596],[119.910166,35.754402],[119.930812,35.768013],[119.954568,35.763642],[119.985302,35.727699],[120.008098,35.719284],[120.038626,35.780815],[120.024022,35.807364],[120.056054,35.874159],[120.099872,35.904312],[120.150003,35.909381],[120.170322,35.935687],[120.192848,35.933112],[120.168789,35.903584],[120.187541,35.899589],[120.252894,35.966623],[120.287596,35.970138],[120.30085,35.983658],[120.305201,36.012507],[120.284193,36.015328],[120.271398,35.994467],[120.231505,36.012152],[120.228579,36.062213],[120.186992,36.061737],[120.146682,36.09086],[120.10625,36.100217],[120.100433,36.125644],[120.125839,36.140781],[120.127658,36.180061],[120.219333,36.221192],[120.22002,36.194887],[120.255377,36.201627],[120.306019,36.185815],[120.281551,36.216631],[120.309494,36.253762],[120.321913,36.227187],[120.363144,36.193939],[120.365493,36.174874],[120.328953,36.133343],[120.309769,36.094326],[120.30933,36.061723],[120.358226,36.048311],[120.379158,36.060583],[120.420871,36.057142],[120.471183,36.094038],[120.494648,36.08921],[120.543481,36.116015],[120.601989,36.106667],[120.616993,36.127021],[120.633955,36.120175],[120.687545,36.153305],[120.687359,36.200668],[120.667968,36.236766],[120.675181,36.276836],[120.651778,36.272525],[120.644097,36.292057],[120.660024,36.30063],[120.649225,36.322159],[120.665071,36.338364],[120.723184,36.330721],[120.727744,36.345613],[120.692365,36.366497],[120.689688,36.393602],[120.708552,36.419797],[120.743962,36.460698],[120.830047,36.466902],[120.84431,36.451142],[120.835163,36.436711],[120.858748,36.422952],[120.850982,36.384627],[120.887464,36.377565],[120.910777,36.455825],[120.942233,36.459164],[120.961777,36.476857],[120.944171,36.489231],[120.976076,36.540424],[120.955956,36.559142],[120.900504,36.562262],[120.877969,36.600045],[120.845394,36.61056],[120.80556,36.591554],[120.809796,36.604376],[120.869418,36.628584],[120.856157,36.654188],[120.870644,36.652894],[120.889369,36.62328],[120.914472,36.627662],[120.925546,36.591418],[120.946207,36.583333],[120.993803,36.603161],[120.994386,36.584603],[121.013468,36.579811],[121.0533,36.615463],[121.208002,36.692377],[121.242546,36.691629],[121.33371,36.720052],[121.369212,36.714409],[121.376765,36.739504],[121.41218,36.762236],[121.444546,36.754859],[121.52708,36.824285],[121.571838,36.840642],[121.547235,36.801775],[121.52506,36.803275],[121.479389,36.778274],[121.547242,36.751507],[121.550894,36.765061],[121.598708,36.766629],[121.602723,36.741247],[121.638237,36.737855],[121.619092,36.799944],[121.750591,36.844239],[121.762706,36.883166],[121.95298,36.942131],[121.96742,36.964259],[122.010617,36.968491],[122.042277,36.907447],[122.094233,36.920702],[122.085648,36.936184],[122.103455,36.954613],[122.14154,36.948986],[122.153045,36.964382],[122.153847,37.002241],[122.224899,37.03674],[122.122615,36.913674],[122.17538,36.898137],[122.193697,36.860584],[122.229147,36.845269],[122.342076,36.835159],[122.370116,36.84525],[122.37688,36.86707],[122.409232,36.861465],[122.426652,36.871861],[122.411658,36.91542],[122.50202,36.92737],[122.499133,36.899165],[122.517119,36.90173],[122.535198,36.923979],[122.519345,36.948712],[122.539998,36.978565],[122.531334,37.004314],[122.54292,37.033995],[122.487333,37.022948],[122.464443,37.034481],[122.437318,37.021432],[122.425405,37.039967],[122.441718,37.060012],[122.459995,37.059783],[122.469103,37.12494],[122.487456,37.153947],[122.524189,37.160006],[122.575123,37.14756],[122.57928,37.159317],[122.55846,37.180897],[122.610958,37.200536],[122.59024,37.221769],[122.594326,37.238627],[122.557582,37.255732],[122.551374,37.275166],[122.589324,37.329623],[122.582141,37.351751],[122.641288,37.390986],[122.697691,37.389668],[122.696274,37.409835],[122.619348,37.41772],[122.547262,37.398471],[122.49719,37.405396],[122.471716,37.42416],[122.398487,37.406585],[122.37858,37.415372],[122.326709,37.409066],[122.270782,37.428823],[122.277946,37.448452],[122.246538,37.462515],[122.156862,37.435646],[122.121103,37.50624],[122.158429,37.520883],[122.134445,37.555554],[122.10316,37.541761],[122.072821,37.555321],[122.074347,37.538067],[122.026582,37.524939],[121.992651,37.488727],[121.959992,37.47394],[121.747529,37.453227],[121.646994,37.466608],[121.63693,37.486481],[121.599052,37.463203],[121.595559,37.445237],[121.571691,37.43871],[121.46986,37.469105],[121.44838,37.488058],[121.436402,37.524234],[121.372633,37.556259],[121.377111,37.596355],[121.366658,37.608122],[121.335102,37.583145],[121.250441,37.573208],[121.143861,37.598632],[121.137867,37.631417],[121.154308,37.643846],[121.122839,37.66839],[121.137433,37.681891],[121.137469,37.712061],[121.024225,37.712586],[121.007114,37.722916],[120.997087,37.752296],[120.934505,37.775789],[120.929796,37.821032],[120.898518,37.818617],[120.877033,37.832073],[120.831411,37.812151],[120.739496,37.827364],[120.641126,37.777867],[120.619673,37.785039],[120.579855,37.757756],[120.44749,37.747438],[120.358802,37.692812],[120.21688,37.682112],[120.241456,37.658793],[120.250487,37.67221],[120.286406,37.662201],[120.288424,37.644906],[120.323983,37.644019],[120.312491,37.606025],[120.163081,37.482863],[120.068473,37.43922],[119.974905,37.414492],[119.951627,37.420128],[119.940505,37.391115],[119.862263,37.377283],[119.834122,37.344219],[119.851756,37.325784],[119.876917,37.323737],[119.895309,37.259483],[119.873688,37.228012],[119.785171,37.176568],[119.750618,37.141676],[119.749547,37.122263],[119.728457,37.119951],[119.720769,37.138774],[119.703106,37.137396],[119.70395,37.118272],[119.673783,37.115781],[119.676838,37.15497],[119.623842,37.151011],[119.623677,37.137978],[119.57752,37.119229],[119.556611,37.095586],[119.550899,37.057756],[119.551142,37.117463],[119.529228,37.124104],[119.4993,37.123322],[119.489245,37.096779],[119.466154,37.095621],[119.466326,37.114309],[119.382242,37.119858],[119.331754,37.087669],[119.292352,37.115321],[119.247674,37.089471],[119.271062,37.121909],[119.285931,37.199877],[119.237465,37.204966],[119.221701,37.218406],[119.200762,37.214333],[119.204483,37.193793],[119.181073,37.190434],[119.183549,37.221093],[119.148242,37.227107],[119.139864,37.176346],[119.114027,37.216495],[119.123053,37.239617],[119.104418,37.245831],[119.12183,37.237445],[119.100814,37.208938],[119.079091,37.226841],[119.096882,37.248343],[119.078088,37.227466],[119.044465,37.241712],[119.028902,37.26782],[118.998749,37.267871],[118.988175,37.315657],[118.960555,37.313286],[118.912792,37.419535],[118.927545,37.478214],[118.904248,37.527255],[118.931338,37.535032],[118.963877,37.618216],[119.035142,37.684542],[119.028051,37.724679],[119.057091,37.727637],[119.091517,37.708801],[119.170949,37.722522],[119.238308,37.682571],[119.245628,37.705265],[119.178419,37.748634],[119.200666,37.762689],[119.240487,37.751441],[119.27697,37.772833],[119.283741,37.794892],[119.257727,37.798068],[119.228352,37.779281],[119.19539,37.797646],[119.171674,37.771066],[119.155269,37.787657],[119.090966,37.785884],[119.097992,37.806156],[119.069551,37.816502],[119.071184,37.83609],[119.096705,37.852201],[119.089039,37.912598],[119.030768,37.950154],[119.002587,37.950634],[118.968623,38.007413],[118.981411,38.029042],[118.948485,38.098734],[118.886516,38.133027],[118.846194,38.121315],[118.847249,38.144071],[118.801738,38.146502],[118.76728,38.13161],[118.752897,38.088771],[118.692511,38.142124],[118.670985,38.102117],[118.643959,38.103029],[118.647342,38.08603],[118.614962,38.087022],[118.577574,38.066095],[118.5642,38.044127],[118.487427,38.096321],[118.337045,38.106378],[118.326748,38.12122],[118.167153,38.138537],[118.165097,38.177055],[118.117584,38.189562],[118.089042,38.183337],[118.073623,38.159409],[118.074708,38.184365],[118.037206,38.185585],[117.925353,38.239851],[117.874569,38.249683],[117.860531,38.266175],[117.833596,38.261084],[117.8065,38.27464],[117.836726,38.26336],[117.883491,38.30743],[117.863467,38.327989],[117.919813,38.344832],[117.941357,38.364155],[117.932121,38.376881],[117.872666,38.350023],[117.833039,38.359705],[117.762278,38.336991],[117.697801,38.397983],[117.638227,38.486697],[117.5911,38.612525],[117.579477,38.614578],[117.600084,38.614421],[117.598149,38.638751],[117.581842,38.63588],[117.577484,38.67406],[117.650164,38.664775],[117.650385,38.701519],[117.718721,38.701222],[117.719811,38.752284],[117.706812,38.752496],[117.704019,38.708147],[117.680356,38.708272],[117.687699,38.757968],[117.642205,38.758126],[117.6251,38.744591],[117.62493,38.714479],[117.608588,38.714605],[117.608866,38.757789],[117.570725,38.763622],[117.595241,38.817647],[117.638116,38.856016],[117.729582,38.827605],[117.738894,38.843508],[117.684814,38.85719],[117.690455,38.8706],[117.746948,38.857004],[117.750925,38.873591],[117.685794,38.897337],[117.830202,38.879591],[117.856958,38.918924],[117.737066,38.953694],[117.736671,38.963741],[117.878686,38.927856],[117.884573,38.944923],[117.757194,38.971583],[117.779444,38.985778],[117.763565,39.033215],[117.775236,39.046317],[117.790777,38.987994],[117.829133,38.973704],[117.805188,39.058177],[117.73811,39.080761],[117.74729,39.092271],[117.81582,39.072747],[117.84131,39.102091],[117.78605,39.134657],[117.832073,39.173424],[117.922354,39.209355],[117.93456,39.176692],[117.954919,39.181347],[117.943382,39.212238],[118.030166,39.221644],[118.126361,39.178419],[118.210542,39.069849],[118.244037,39.045278],[118.351869,39.022798],[118.366926,39.040292],[118.37232,38.981915],[118.403838,38.966967],[118.403724,39.00752],[118.482208,39.059305],[118.477722,39.087768],[118.505543,39.077107],[118.575755,39.111227],[118.537231,39.144933],[118.603646,39.151933],[118.601855,39.163591],[118.699425,39.139762],[118.806733,39.138952],[118.820326,39.122648],[118.848997,39.164446],[118.892705,39.161164],[118.982774,39.190177],[119.017891,39.189313],[119.021143,39.209338],[119.088613,39.245997],[119.10827,39.286237],[119.125623,39.292195],[119.185413,39.365627],[119.204833,39.351257],[119.253464,39.364088],[119.304133,39.425659],[119.294832,39.460458],[119.254963,39.518359],[119.344657,39.720188],[119.410992,39.779109],[119.403799,39.785407],[119.461217,39.811609],[119.521555,39.814218],[119.530626,39.886057],[119.564879,39.907486],[119.616414,39.910702],[119.673882,39.936534],[119.710464,39.9354],[119.779168,39.953864],[119.800009,39.977045],[119.913653,40.000104],[119.908846,40.025798],[119.955835,40.061167],[120.15888,40.115013],[120.166917,40.107297],[120.289763,40.163934],[120.313362,40.186924],[120.441534,40.196208],[120.500861,40.236931],[120.515011,40.260369],[120.495572,40.317467],[120.589353,40.365828],[120.569583,40.391501],[120.610076,40.415318],[120.598489,40.430801],[120.615309,40.452026],[120.594334,40.469127],[120.624166,40.48542],[120.65693,40.482273],[120.67271,40.513074],[120.689642,40.504587],[120.715911,40.519583],[120.697769,40.540743],[120.759941,40.565916],[120.824908,40.643261],[120.827163,40.677764],[120.952589,40.694556],[120.998616,40.718153],[121.012295,40.743804],[120.968024,40.742978],[120.973318,40.794346],[120.959864,40.802303],[120.974101,40.820609],[121.004183,40.828926],[121.013216,40.79212],[121.0605,40.798706],[121.059121,40.823884],[121.115668,40.876097],[121.211781,40.888883],[121.195215,40.859575],[121.218373,40.852116],[121.233557,40.860582],[121.233993,40.883894],[121.270552,40.899738],[121.290063,40.850598],[121.323187,40.851031],[121.321682,40.922764],[121.326689,40.852371],[121.426975,40.834105],[121.424919,40.884796],[121.476922,40.885396],[121.470962,40.858675],[121.530511,40.842871],[121.564294,40.878132],[121.5583,40.841387],[121.612094,40.853309],[121.64462,40.848805],[121.645161,40.830454],[121.68804,40.83271],[121.68705,40.847102],[121.725176,40.846683],[121.773939,40.891616],[121.783657,40.907509],[121.776935,40.929386],[121.810547,40.968692],[121.841237,40.979005],[121.821554,40.951767],[121.836393,40.921314],[121.836697,40.870721],[121.857909,40.81997],[121.93603,40.807244],[121.951338,40.785654],[121.940295,40.752746],[121.949827,40.707859],[121.959192,40.709594],[121.950495,40.748009],[122.001382,40.734452],[121.975663,40.70458],[122.05565,40.658078],[122.14839,40.671406],[122.161723,40.658523],[122.145742,40.630504],[122.149452,40.602399],[122.200032,40.570078],[122.252464,40.51383],[122.22943,40.504235],[122.25978,40.476569],[122.224804,40.473494],[122.246598,40.440614],[122.228035,40.420553],[122.2069,40.424512],[122.200241,40.390099],[122.185574,40.377839],[122.190748,40.358319],[122.14772,40.345245],[122.128461,40.365371],[122.111035,40.363536],[122.131612,40.327229],[122.094029,40.306325],[122.099291,40.236888],[122.051261,40.203518],[121.981151,40.200484],[121.990732,40.179149],[122.004275,40.17719],[122.001006,40.129014],[121.932915,40.096529],[121.922322,40.069409],[121.881585,40.044226],[121.815491,40.020531],[121.824634,40.001766],[121.796477,39.980025],[121.81232,39.968766],[121.777101,39.933975],[121.73354,39.918589],[121.704748,39.93395],[121.609352,39.866563],[121.540933,39.864066],[121.494553,39.812714],[121.472759,39.808041],[121.471599,39.792383],[121.491237,39.777533],[121.487173,39.760864],[121.455213,39.743034],[121.501138,39.707998],[121.503209,39.692844],[121.49158,39.662341],[121.4619,39.652142],[121.458082,39.628072],[121.394442,39.601612],[121.300514,39.601687],[121.283024,39.578248],[121.256359,39.578529],[121.229847,39.554991],[121.223987,39.484922],[121.263403,39.485011],[121.263413,39.500384],[121.279745,39.509096],[121.303225,39.491169],[121.349894,39.517537],[121.380508,39.519211],[121.380922,39.502259],[121.355548,39.505314],[121.245488,39.453872],[121.259205,39.400466],[121.246191,39.388595],[121.268517,39.376429],[121.358721,39.43972],[121.363238,39.424857],[121.340056,39.417011],[121.317156,39.37899],[121.351783,39.38165],[121.393341,39.363345],[121.435764,39.381957],[121.453277,39.375114],[121.436769,39.333833],[121.472303,39.327644],[121.46563,39.301051],[121.502026,39.285363],[121.519962,39.297018],[121.520334,39.330511],[121.551575,39.333371],[121.542851,39.360176],[121.565359,39.323586],[121.620275,39.3296],[121.629851,39.343606],[121.698925,39.35863],[121.712993,39.375006],[121.702377,39.390683],[121.81713,39.376608],[121.896589,39.402418],[121.854995,39.370959],[121.78476,39.367727],[121.73548,39.381456],[121.707945,39.340732],[121.731747,39.317766],[121.723067,39.305199],[121.698071,39.316679],[121.673983,39.307776],[121.685397,39.288964],[121.672576,39.274407],[121.610989,39.270291],[121.626217,39.223988],[121.589468,39.22585],[121.584654,39.1986],[121.597792,39.167896],[121.637126,39.168464],[121.661839,39.147996],[121.682026,39.123382],[121.674069,39.096736],[121.623476,39.073038],[121.592069,39.075119],[121.636131,39.111275],[121.586532,39.15174],[121.55994,39.130294],[121.605513,39.094947],[121.59028,39.075032],[121.565963,39.072477],[121.509717,39.032913],[121.458227,39.017022],[121.366159,39.055701],[121.330273,39.025521],[121.339723,38.975255],[121.275634,38.96949],[121.219037,38.933304],[121.192699,38.93711],[121.174032,38.956008],[121.116452,38.946357],[121.098437,38.930992],[121.091126,38.895608],[121.119079,38.890592],[121.120612,38.867742],[121.105732,38.852299],[121.111772,38.820147],[121.14395,38.794037],[121.132419,38.779122],[121.134375,38.726055],[121.197883,38.723612],[121.216873,38.759145],[121.243122,38.778268],[121.226509,38.802285],[121.247727,38.805069],[121.281208,38.787549],[121.320743,38.803743],[121.328096,38.820959],[121.425021,38.81146],[121.505946,38.821041],[121.561425,38.876452],[121.621208,38.862677],[121.695516,38.866553],[121.713536,38.917543],[121.6217,38.930845],[121.595732,38.94723],[121.661714,38.974926],[121.655027,39.004917],[121.665746,39.017301],[121.695651,39.019284],[121.716338,39.002513],[121.752051,39.008304],[121.720624,39.035449],[121.790629,39.019662],[121.803406,38.983399],[121.832854,38.952006],[121.861976,38.94376],[121.899912,38.967383],[121.89302,38.995797],[121.845244,39.027833],[121.845931,39.038517],[121.888569,39.028405],[121.908459,39.059121],[121.960667,39.032246],[121.977771,39.06674],[122.014436,39.08086],[122.059082,39.061803],[122.036223,39.110285],[122.113536,39.146936],[122.108302,39.178325],[122.136723,39.22843],[122.189572,39.261565],[122.243046,39.274706],[122.240547,39.287854],[122.257111,39.301926],[122.25239,39.318895],[122.290807,39.348022],[122.32664,39.325171],[122.346816,39.33277],[122.344403,39.375913],[122.390971,39.392936],[122.38714,39.414398],[122.450575,39.417523],[122.451973,39.403345],[122.492125,39.402205],[122.553056,39.442006],[122.571382,39.47619],[122.632391,39.494004],[122.641336,39.519091],[122.672972,39.51696],[122.713351,39.547737],[122.723041,39.535206],[122.837655,39.577956],[122.831798,39.595654],[122.856901,39.608769],[122.963189,39.604417],[122.970606,39.635349],[122.995218,39.645201],[122.993391,39.665587],[123.122739,39.662555],[123.127236,39.646399],[123.170741,39.676628],[123.217024,39.674647],[123.206411,39.692042],[123.219833,39.701506],[123.247433,39.689602],[123.269494,39.725313],[123.265279,39.75533],[123.382921,39.75026],[123.386966,39.725677],[123.408383,39.737175],[123.438462,39.733169],[123.476883,39.764446],[123.514144,39.770657],[123.515468,39.785299],[123.538937,39.787819],[123.560493,39.766802],[123.607519,39.777084],[123.635479,39.801187],[123.628694,39.832904],[123.693723,39.813738],[123.823122,39.835966],[123.951575,39.820487],[124.003901,39.801298],[124.115632,39.829168],[124.101893,39.775852],[124.140413,39.746202],[124.147421,39.756871],[124.123118,39.775151],[124.133029,39.798601],[124.198953,39.856159],[124.221048,39.91362],[124.262721,39.933374],[124.315792,39.921706],[124.364481,39.964486],[124.378864,40.027208],[124.365581,40.085523],[124.400274,40.116059],[124.441437,40.124813],[124.405472,40.123512],[124.412254,40.132706],[124.46888,40.172958],[124.49411,40.175293],[124.513252,40.20298],[124.585579,40.231342],[124.598152,40.269035],[124.616837,40.285156],[124.729134,40.318386],[124.740128,40.366531],[124.853065,40.424683],[124.899071,40.479637],[124.924919,40.453526],[124.98735,40.464447],[125.050034,40.455322],[125.059631,40.492817],[125.01693,40.505852],[125.018951,40.524265],[125.12336,40.561939],[125.169785,40.591877],[125.256012,40.606419],[125.275887,40.624699],[125.278305,40.64613],[125.330452,40.63707],[125.370804,40.647903],[125.392876,40.628208],[125.421417,40.62648],[125.421219,40.667908],[125.460892,40.672878],[125.462326,40.70306],[125.484589,40.717045],[125.54393,40.720493],[125.560608,40.767097],[125.60685,40.752865],[125.687202,40.763222],[125.686371,40.786449],[125.648514,40.801205],[125.647377,40.815628],[125.716614,40.861607],[125.7621,40.870281],[125.773827,40.889008],[125.817413,40.86422],[125.855919,40.880947],[125.876961,40.905365],[125.910454,40.906898],[125.906685,40.889355],[125.926498,40.878765],[125.955414,40.881283],[125.972458,40.899002],[126.013252,40.895306],[126.021683,40.902218],[126.009415,40.916229],[125.975227,40.915203],[125.997177,40.932716],[126.026283,40.930336],[126.053116,40.962646],[126.074783,40.968365],[126.065826,41.001694],[126.105408,41.005302],[126.089493,41.032032],[126.11676,41.034634],[126.127983,41.052624],[126.114578,41.084488],[126.162666,41.096111],[126.223457,41.129116],[126.232628,41.145889],[126.282135,41.158382],[126.287468,41.188057],[126.309608,41.194096],[126.320274,41.226795],[126.355637,41.243877],[126.405014,41.32201],[126.433769,41.333618],[126.438416,41.348396],[126.491096,41.370975],[126.50399,41.364288],[126.486603,41.345146],[126.537537,41.35947],[126.514259,41.380005],[126.508171,41.435455],[126.558662,41.485188],[126.56768,41.539951],[126.595512,41.563999],[126.565521,41.611347],[126.595764,41.620903],[126.614197,41.641487],[126.615387,41.665012],[126.65181,41.653671],[126.686066,41.663834],[126.72963,41.704948],[126.731903,41.718273],[126.693382,41.743793],[126.753746,41.726067],[126.779053,41.695625],[126.79493,41.695438],[126.798988,41.739666],[126.84079,41.721779],[126.87915,41.783764],[126.920227,41.807083],[126.942375,41.805111],[126.934898,41.772717],[127.00045,41.76395],[127.00193,41.744209],[127.047562,41.737793],[127.050819,41.705219],[127.079597,41.698242],[127.04789,41.690758],[127.035965,41.666908],[127.059036,41.663879],[127.0811,41.641861],[127.103264,41.643166],[127.088005,41.624317],[127.121635,41.621601],[127.123138,41.599792],[127.175385,41.597111],[127.173927,41.585487],[127.142998,41.582848],[127.101715,41.544739],[127.13607,41.539188],[127.134995,41.52626],[127.160294,41.540066],[127.18026,41.526852],[127.200966,41.533424],[127.231949,41.518482],[127.239197,41.49781],[127.279106,41.510082],[127.280289,41.494781],[127.249062,41.481682],[127.262421,41.4758],[127.289345,41.480499],[127.345947,41.464001],[127.388313,41.479908],[127.404724,41.457546],[127.452179,41.45871],[127.467239,41.483086],[127.477036,41.469204],[127.541313,41.475128],[127.561394,41.432919],[127.613724,41.429478],[127.650948,41.405914],[127.661118,41.409866],[127.646469,41.423489],[127.654388,41.428295],[127.677879,41.412739],[127.779633,41.425541],[127.789078,41.406784],[127.80722,41.422604],[127.827095,41.406681],[127.835831,41.422523],[127.866608,41.40543],[127.867622,41.439957],[127.917397,41.43446],[127.930939,41.457062],[127.984131,41.41803],[128.000244,41.444538],[127.999245,41.425331],[128.040207,41.415794],[128.038879,41.39143],[128.062225,41.393303],[128.077164,41.38076],[128.086349,41.396698],[128.104324,41.395992],[128.090225,41.36964],[128.11351,41.365269],[128.147293,41.381809],[128.173172,41.406666],[128.199127,41.410465],[128.232925,41.446747],[128.237656,41.498577],[128.296539,41.537289],[128.287781,41.561153],[128.30986,41.576302],[128.315125,41.605167],[128.289108,41.607616],[128.293793,41.627041],[128.273895,41.630955],[128.268906,41.655643],[128.240448,41.678497],[128.219635,41.676361],[128.187439,41.70433],[128.157303,41.711773],[128.13707,41.779007],[128.101791,41.796577],[128.101166,41.943108],[128.028061,41.997852],[128.08934,42.019447],[128.272675,42.024281],[128.460037,42.018318],[128.50174,41.998238],[128.56337,41.994209],[128.592606,42.005154],[128.600769,42.027897],[128.639236,42.032166],[128.656555,42.014202],[128.684021,42.013538],[128.744217,42.048141],[128.766296,42.032288],[128.809937,42.037689],[128.903885,42.010891],[128.946686,42.023285],[128.943146,42.07666],[128.963486,42.093845],[129.021149,42.100506],[129.03476,42.115288],[129.030701,42.130939],[129.065308,42.143436],[129.069336,42.159241],[129.104263,42.142517],[129.131378,42.166512],[129.15892,42.165733],[129.154373,42.185169],[129.181763,42.193249],[129.183899,42.20657],[129.215347,42.209545],[129.191711,42.222771],[129.197815,42.240406],[129.173264,42.241848],[129.177521,42.262932],[129.219513,42.273354],[129.199661,42.290665],[129.233887,42.304085],[129.197739,42.316608],[129.249969,42.320866],[129.25351,42.333271],[129.224411,42.353775],[129.233917,42.374027],[129.260269,42.373066],[129.265594,42.386303],[129.314285,42.383121],[129.298035,42.397556],[129.305389,42.419231],[129.324402,42.427063],[129.334274,42.407177],[129.347839,42.406963],[129.337372,42.449093],[129.364929,42.450493],[129.367157,42.421841],[129.382828,42.425358],[129.39389,42.446449],[129.419098,42.433468],[129.445282,42.438477],[129.547745,42.357979],[129.548798,42.373455],[129.571335,42.378063],[129.558563,42.386414],[129.562546,42.39679],[129.593735,42.408997],[129.606064,42.434692],[129.580978,42.446278],[129.617767,42.456917],[129.645401,42.424305],[129.703964,42.426697],[129.742935,42.47736],[129.729385,42.499928],[129.742813,42.544441],[129.736069,42.581154],[129.775146,42.607716],[129.745346,42.61665],[129.755524,42.630527],[129.74408,42.646141],[129.774429,42.646408],[129.768265,42.664707],[129.791229,42.676636],[129.76207,42.69878],[129.757492,42.721535],[129.804245,42.792816],[129.797333,42.820747],[129.828964,42.860561],[129.83934,42.916451],[129.865799,42.920563],[129.853836,42.956215],[129.909821,42.971107],[129.879089,42.98024],[129.89035,42.999348],[129.947083,43.008625],[129.955322,42.976353],[129.995438,42.978603],[130.020172,42.964928],[130.108093,42.985703],[130.137131,42.968681],[130.111343,42.9482],[130.120392,42.929901],[130.097229,42.925621],[130.109177,42.910599],[130.128815,42.90081],[130.163498,42.909664],[130.257172,42.900002],[130.220901,42.790474],[130.232559,42.769119],[130.23024,42.722813],[130.279007,42.695313],[130.303802,42.656178],[130.364334,42.622373],[130.376189,42.60009],[130.419091,42.613742],[130.430579,42.606328],[130.412991,42.5729],[130.43118,42.548471],[130.465466,42.546521],[130.480064,42.562112],[130.464575,42.593658],[130.476261,42.612539],[130.51702,42.611525],[130.508407,42.582596],[130.548829,42.492738],[130.566055,42.484456],[130.563381,42.440642],[130.633514,42.420441],[130.592484,42.443108],[130.59877,42.483967],[130.569962,42.499386],[130.564346,42.551537],[130.606476,42.547447],[130.629776,42.587585],[130.590637,42.662598],[130.521927,42.697971],[130.451065,42.682652],[130.447952,42.697041],[130.395905,42.723877],[130.454895,42.76527],[130.518997,42.780174],[130.554184,42.810886],[130.586716,42.80825],[130.663498,42.842487],[130.693893,42.844402],[130.715195,42.827347],[130.76236,42.832619],[130.790253,42.871437],[130.821976,42.87751],[130.883713,42.851723],[130.929443,42.872437],[130.970413,42.856659],[131.032776,42.861305],[131.011932,42.905151],[131.026321,42.927921],[131.099091,42.913441],[131.118225,42.921143],[131.146576,42.958393],[131.109711,42.975559],[131.110687,42.996323],[131.091644,43.02306],[131.115707,43.048729],[131.114853,43.063347],[131.168152,43.070362],[131.162643,43.096031],[131.205276,43.133137],[131.216187,43.180088],[131.193176,43.219147],[131.247437,43.263874],[131.269348,43.372761],[131.308441,43.402733],[131.292526,43.435658],[131.307999,43.496613],[131.261337,43.498772],[131.188385,43.527382],[131.195816,43.549885],[131.182205,43.560223],[131.198822,43.567364],[131.195328,43.585739],[131.210922,43.584904],[131.206421,43.59481],[131.224503,43.588303],[131.230881,43.597309],[131.2314,43.60675],[131.205414,43.609467],[131.230576,43.671379],[131.212387,43.688522],[131.208313,43.711407],[131.219208,43.718796],[131.205063,43.731827],[131.222046,43.754425],[131.202713,43.761536],[131.211029,43.772446],[131.196533,43.78508],[131.211868,43.806656],[131.200226,43.832745],[131.223007,43.851555],[131.25174,43.920418],[131.229309,43.985134],[131.257248,44.028633],[131.299271,44.046501],[131.09877,44.71072],[131.083878,44.714432],[131.082397,44.740299],[131.053787,44.780006],[131.01738,44.777462],[130.997299,44.812649],[130.956009,44.818771],[130.954544,44.847626],[130.976593,44.863712],[131.088226,44.888374],[131.079498,44.922546],[131.140259,44.943924],[131.211563,44.915916],[131.282043,44.927483],[131.299255,44.958416],[131.345032,44.98547],[131.371796,44.974983],[131.39563,44.984035],[131.464371,44.96056],[131.489853,44.965599],[131.477295,44.995529],[131.539246,45.018394],[131.67865,45.118679],[131.683044,45.145527],[131.644409,45.163265],[131.675064,45.213749],[131.723755,45.226181],[131.78302,45.210419],[131.781799,45.248333],[131.825821,45.294621],[131.82402,45.313957],[131.874847,45.341446],[131.914154,45.335396],[131.934814,45.281624],[131.983398,45.272373],[132.002182,45.249084],[132.857956,45.059071],[132.93721,45.016464],[133.027557,45.056122],[133.059158,45.097477],[133.084915,45.099838],[133.100464,45.125198],[133.124771,45.127045],[133.113235,45.13913],[133.124512,45.189507],[133.085632,45.25494],[133.098022,45.286572],[133.090042,45.293415],[133.108688,45.304688],[133.09111,45.3111],[133.116959,45.332191],[133.109512,45.346687],[133.122543,45.371994],[133.135864,45.368473],[133.129013,45.420033],[133.15596,45.436943],[133.14711,45.4468],[133.165237,45.456627],[133.178467,45.497177],[133.192917,45.514523],[133.269196,45.526836],[133.269241,45.53709],[133.329803,45.553741],[133.368744,45.57959],[133.401474,45.576843],[133.399399,45.61322],[133.416519,45.615692],[133.419098,45.633675],[133.457809,45.62117],[133.461761,45.630226],[133.437302,45.645885],[133.476471,45.661526],[133.47377,45.686283],[133.440399,45.703091],[133.419495,45.698666],[133.444031,45.728806],[133.471619,45.73991],[133.456772,45.754929],[133.462158,45.776718],[133.489517,45.777931],[133.457169,45.792912],[133.455185,45.831703],[133.47876,45.836349],[133.477173,45.86161],[133.494766,45.864769],[133.514648,45.891571],[133.580322,45.867805],[133.607986,45.898392],[133.601028,45.935951],[133.663879,45.942623],[133.674652,45.998665],[133.733444,46.059471],[133.729614,46.081383],[133.679672,46.130497],[133.681503,46.154404],[133.76326,46.177658],[133.798157,46.227077],[133.843109,46.203232],[133.869827,46.235329],[133.853729,46.247288],[133.897537,46.245289],[133.906128,46.255558],[133.899948,46.300659],[133.911469,46.330391],[133.878387,46.32962],[133.863678,46.350403],[133.939011,46.394711],[133.916351,46.430454],[133.885681,46.446815],[133.848328,46.443764],[133.838623,46.469406],[133.884369,46.525906],[133.912399,46.591518],[134.010681,46.644245],[134.022308,46.741833],[134.046494,46.777565],[134.017014,46.826176],[134.071609,46.940166],[134.057007,46.976563],[134.090088,46.997826],[134.129852,47.084087],[134.225983,47.108128],[134.218414,47.193409],[134.150009,47.25071],[134.175583,47.329037],[134.242599,47.353481],[134.26149,47.395042],[134.32045,47.43499],[134.489166,47.439068],[134.521835,47.463417],[134.558685,47.470676],[134.57695,47.517128],[134.673782,47.583344],[134.680069,47.630085],[134.747284,47.68261],[134.779373,47.724792],[134.763672,47.762768],[134.681488,47.817783],[134.668365,47.853737],[134.672638,47.887299],[134.602768,47.903339],[134.605469,47.923676],[134.59024,47.947136],[134.548477,47.984055],[134.550339,48.027363],[134.660995,48.139065],[134.671234,48.246754],[134.834381,48.320538],[135.064545,48.388786],[135.082596,48.400784],[135.087387,48.434978],[135.057938,48.45985],[135.016983,48.436283],[134.902054,48.445782],[134.862869,48.423183],[134.825882,48.380131],[134.771606,48.367645],[134.689117,48.404842],[134.570633,48.403347],[134.514709,48.41724],[134.430527,48.402927],[134.350723,48.367912],[134.195755,48.380093],[134.123474,48.332939],[134.049408,48.335278],[133.995285,48.303009],[133.933319,48.299824],[133.783081,48.25576],[133.732849,48.252392],[133.685577,48.184551],[133.572433,48.185734],[133.552765,48.134869],[133.523331,48.113995],[133.436234,48.110825],[133.399933,48.12199],[133.294464,48.100349],[133.214325,48.129208],[133.094849,48.126892],[133.033585,48.099838],[132.995255,48.038559],[132.875137,48],[132.811432,47.934677],[132.761719,47.936314],[132.715302,47.960552],[132.664276,47.953335],[132.652283,47.930313],[132.67981,47.882721],[132.597733,47.804138],[132.591095,47.734764],[132.550888,47.716091],[132.465378,47.721344],[132.374954,47.75663],[132.33577,47.759514],[132.2995,47.752541],[132.244583,47.70771],[132.201096,47.715267],[132.061417,47.701656],[132,47.711739],[131.984329,47.674496],[131.969574,47.667942],[131.899826,47.684559],[131.824234,47.671772],[131.705414,47.708668],[131.680481,47.703606],[131.631592,47.660206],[131.608582,47.657917],[131.57193,47.670937],[131.541412,47.732288],[131.45903,47.744419],[131.370941,47.72871],[131.261261,47.737568],[131.171585,47.698452],[131.099838,47.685837],[130.997604,47.698509],[130.96254,47.723167],[130.955093,47.823105],[130.883392,47.92535],[130.753601,48],[130.733307,48.031281],[130.687103,48.044968],[130.658768,48.096657],[130.669266,48.129272],[130.757843,48.187012],[130.772263,48.248123],[130.811996,48.264874],[130.838654,48.299458],[130.818665,48.33477],[130.772598,48.357746],[130.738251,48.428776],[130.737335,48.446445],[130.771622,48.483521],[130.76532,48.498142],[130.715805,48.511005],[130.665237,48.490437],[130.619934,48.493885],[130.606781,48.581234],[130.528656,48.614491],[130.61731,48.784637],[130.68457,48.852631],[130.670593,48.878822],[130.636658,48.883415],[130.522156,48.855354],[130.493118,48.866188],[130.463943,48.903034],[130.440018,48.90789],[130.293777,48.869026],[130.229095,48.867599],[130.204758,48.897945],[130.056778,48.972076],[130.013916,49.018387],[129.918457,49.045143],[129.90889,49.059551],[129.925049,49.09008],[129.905716,49.108398],[129.84996,49.118626],[129.856064,49.164665],[129.847382,49.17506],[129.784546,49.179123],[129.752457,49.198662],[129.742401,49.213188],[129.750671,49.253181],[129.720261,49.28709],[129.681915,49.295242],[129.601547,49.27578],[129.573547,49.280411],[129.550323,49.30463],[129.539124,49.389057],[129.512329,49.422131],[129.435089,49.441689],[129.385666,49.430771],[129.369247,49.41431],[129.376038,49.369911],[129.361053,49.355843],[129.316437,49.356636],[129.224899,49.398216],[129.189148,49.392143],[129.131683,49.353443],[129.094864,49.353905],[129.054108,49.371967],[129.017761,49.445824],[128.998734,49.455441],[128.943253,49.460205],[128.880844,49.48774],[128.788742,49.47081],[128.755875,49.477959],[128.749802,49.507378],[128.805313,49.55608],[128.798386,49.578045],[128.759598,49.590565],[128.73378,49.588409],[128.714951,49.563873],[128.530853,49.602386],[128.373306,49.583893],[128.368011,49.563606],[128.333466,49.542656],[128.268555,49.565052],[128.185486,49.539593],[128.05928,49.555679],[127.944824,49.600262],[127.899269,49.5811],[127.819206,49.590412],[127.770691,49.630249],[127.693764,49.667198],[127.674202,49.698421],[127.660744,49.773933],[127.57589,49.784573],[127.541054,49.80468],[127.520195,49.845928],[127.538307,49.934471],[127.492912,49.982674],[127.484833,50.02338],[127.50959,50.079102],[127.586243,50.156204],[127.599594,50.229267],[127.373222,50.283657],[127.320915,50.331837],[127.32682,50.362301],[127.356018,50.399117],[127.356255,50.430481],[127.294853,50.452896],[127.282494,50.470333],[127.309364,50.523659],[127.351639,50.543472],[127.361443,50.580238],[127.285461,50.665604],[127.278511,50.695114],[127.294914,50.746143],[127.228706,50.779846],[127.136757,50.904812],[127.034416,50.958931],[126.951813,51.041767],[126.910393,51.061478],[126.88942,51.20945],[126.963524,51.295101],[126.965759,51.324501],[126.930199,51.334869],[126.865845,51.320381],[126.866791,51.304092],[126.901169,51.273712],[126.901352,51.250629],[126.851379,51.245243],[126.812706,51.265732],[126.802124,51.304241],[126.809441,51.334614],[126.901886,51.349091],[126.910789,51.371754],[126.903679,51.394844],[126.881203,51.409546],[126.773323,51.430058],[126.772278,51.45237],[126.82959,51.532387],[126.67099,51.586227],[126.667374,51.604733],[126.728218,51.643448],[126.709473,51.684841],[126.717041,51.712013],[126.702843,51.729923],[126.654755,51.732853],[126.645615,51.760559],[126.604546,51.776241],[126.549034,51.860554],[126.451332,51.947006],[126.438354,52.025299],[126.454056,52.037518],[126.510307,52.036385],[126.553162,52.124435],[126.502647,52.154095],[126.301407,52.202709],[126.293564,52.223888],[126.317383,52.248032],[126.388382,52.277428],[126.422455,52.276157],[126.427605,52.290348],[126.315308,52.309856],[126.306458,52.335751],[126.333115,52.354847],[126.340118,52.375881],[126.326111,52.411022],[126.263023,52.47208],[126.185524,52.468143],[126.198364,52.526524],[126.173347,52.549259],[126.068535,52.602493],[126.039749,52.579254],[126.009628,52.575615],[125.964699,52.616112],[125.954147,52.646858],[125.970398,52.671246],[126.057739,52.684628],[126.036621,52.740856],[126.10891,52.76342],[126.023682,52.795151],[125.974396,52.758297],[125.951462,52.759441],[125.905136,52.817986],[125.82019,52.892815],[125.755753,52.894043],[125.658974,52.859516],[125.645325,52.890293],[125.652138,52.917057],[125.715256,52.939266],[125.733269,52.985706],[125.67318,53.006153],[125.630226,53.0373],[125.604851,53.078869],[125.498573,53.048397],[125.485199,53.095165],[125.302567,53.143398],[125.246742,53.176208],[125.154869,53.201252],[124.981422,53.198132],[124.904869,53.17696],[124.875214,53.165188],[124.899277,53.114628],[124.869576,53.100719],[124.824135,53.144768],[124.722649,53.146633],[124.704666,53.16497],[124.717834,53.186203],[124.691544,53.198677],[124.505379,53.202591],[124.433434,53.2202],[124.36525,53.261059],[124.332878,53.311592],[124.239639,53.374569],[124.183144,53.371086],[124.138908,53.344902],[124.11087,53.345734],[124.065346,53.399014],[124.02375,53.392262],[123.980797,53.42926],[123.877266,53.481216],[123.696411,53.493786],[123.66169,53.532185],[123.596725,53.548817],[123.578896,53.53759],[123.572823,53.512295],[123.537285,53.495667],[123.529793,53.507225],[123.551003,53.541634],[123.515335,53.555454],[123.482819,53.540745],[123.501595,53.50436],[123.489563,53.495872],[123.454163,53.533077],[123.274254,53.558094],[123.225204,53.546101],[123.154327,53.50061],[123.051483,53.505749],[122.856987,53.456917],[122.595558,53.462536],[122.43631,53.442188],[122.371567,53.469185],[122.357819,53.495724],[122.335106,53.498589],[122.256325,53.459137],[122.161484,53.468689],[122.097633,53.420341],[121.869568,53.423889],[121.452019,53.322098],[121.33815,53.322281],[121.29274,53.292534],[121.237503,53.278214],[121.125046,53.27565],[121.081963,53.304573],[121.038879,53.286888],[120.87957,53.292007],[120.873138,53.278675],[120.821426,53.267986],[120.833855,53.237602],[120.738594,53.208302],[120.698006,53.180367],[120.689949,53.144955],[120.654984,53.134693],[120.640755,53.106213],[120.553703,53.077698],[120.500404,53.027634],[120.434227,52.994427],[120.401169,52.954037],[120.353104,52.940773],[120.34095,52.900986],[120.295631,52.895004],[120.280724,52.8633],[120.22271,52.842621],[120.182579,52.809792],[120.152763,52.812855],[120.100166,52.78717],[120.027649,52.776554],[120.062592,52.712868],[120.034378,52.651226],[120.059669,52.59108],[120.197746,52.582794],[120.284874,52.624043],[120.398026,52.618092],[120.460701,52.643391],[120.687004,52.548405],[120.733101,52.545841],[120.729408,52.532391],[120.681435,52.515228],[120.699783,52.491989],[120.67923,52.476002],[120.686455,52.43679],[120.646255,52.39109],[120.641731,52.365158],[120.615707,52.354778],[120.645264,52.307049],[120.684532,52.292721],[120.70797,52.266739],[120.748383,52.259026],[120.734962,52.215794],[120.779289,52.165173],[120.756714,52.144997],[120.759384,52.11245],[120.732643,52.096592],[120.744568,52.083286],[120.720146,52.081238],[120.679596,52.045807],[120.711807,52],[120.662689,51.959885],[120.657684,51.931091],[120.557167,51.912186],[120.538666,51.881447],[120.478294,51.884995],[120.47245,51.850182],[120.400368,51.836342],[120.407295,51.816349],[120.351334,51.788685],[120.316559,51.785713],[120.291855,51.752361],[120.230568,51.726807],[120.178787,51.681934],[120.085815,51.68029],[120.09539,51.651932],[120.056007,51.633804],[120.040733,51.610493],[120.043678,51.553558],[120.018333,51.522549],[119.977882,51.504395],[119.971634,51.481113],[119.994522,51.458599],[119.959633,51.429253],[119.974556,51.40696],[119.903664,51.385693],[119.906319,51.369812],[119.93602,51.361492],[119.879066,51.335373],[119.877037,51.296139],[119.805321,51.276596],[119.819748,51.257824],[119.794189,51.240292],[119.816841,51.214149],[119.777596,51.22192],[119.759224,51.211864],[119.782303,51.169918],[119.758568,51.162167],[119.776588,51.15139],[119.76577,51.125633],[119.747864,51.120369],[119.758934,51.088596],[119.718674,51.072063],[119.716934,51.047672],[119.679672,51.033974],[119.679512,51.01878],[119.622513,51.007519],[119.624397,50.995197],[119.587006,50.981567],[119.568665,50.938648],[119.488663,50.879662],[119.493973,50.825947],[119.518608,50.790821],[119.496002,50.785278],[119.504395,50.776756],[119.488144,50.770176],[119.499725,50.754784],[119.441788,50.708187],[119.444695,50.694603],[119.379829,50.68536],[119.381706,50.661194],[119.347656,50.628944],[119.334633,50.643745],[119.323074,50.623062],[119.278961,50.607933],[119.285789,50.571171],[119.262451,50.566162],[119.272217,50.551716],[119.259132,50.539093],[119.258621,50.511982],[119.229836,50.497654],[119.253807,50.482254],[119.237526,50.458054],[119.24263,50.443974],[119.214836,50.436626],[119.201233,50.407917],[119.16523,50.418854],[119.139732,50.409672],[119.12059,50.381027],[119.166122,50.37682],[119.151512,50.35825],[119.187462,50.360428],[119.175339,50.346592],[119.225708,50.361668],[119.233749,50.338902],[119.266693,50.360268],[119.295242,50.339478],[119.299492,50.353722],[119.355499,50.356438],[119.362465,50.3377],[119.351707,50.324158],[119.379524,50.321041],[119.316147,50.281788],[119.329224,50.270855],[119.322472,50.264404],[119.342613,50.256046],[119.325279,50.252438],[119.310936,50.223],[119.358185,50.194847],[119.330406,50.184547],[119.341774,50.165894],[119.3144,50.166016],[119.314156,50.146942],[119.288902,50.141365],[119.287094,50.11084],[119.264069,50.115059],[119.223557,50.073666],[119.17836,50.089478],[119.185013,50.067326],[119.155945,50.022575],[119.138229,50.03236],[119.110023,50.00473],[119.051132,49.985245],[119.030579,49.993263],[118.980057,49.981537],[118.924736,49.994587],[118.85775,49.97168],[118.796036,49.971031],[118.732231,49.951447],[118.652458,49.957615],[118.639977,49.937469],[118.609695,49.946102],[118.60524,49.933029],[118.561203,49.935669],[118.55793,49.912453],[118.541733,49.910507],[118.553574,49.90295],[118.524986,49.904099],[118.533516,49.892994],[118.525558,49.887402],[118.482895,49.876438],[118.490082,49.843887],[118.468369,49.841087],[118.475464,49.82732],[118.445747,49.839188],[118.380119,49.828964],[118.394958,49.808884],[118.37413,49.803078],[118.387764,49.792839],[118.364502,49.792568],[118.377228,49.783234],[118.313042,49.771175],[118.25177,49.736706],[118.229294,49.74102],[118.228577,49.723141],[118.208252,49.717007],[118.195908,49.688763],[118.175735,49.692459],[118.152122,49.661144],[118.113243,49.673573],[118.073799,49.619076],[117.979805,49.625462],[117.946671,49.614861],[117.942894,49.602356],[117.869247,49.597691],[117.834618,49.563812],[117.846947,49.556625],[117.802979,49.518963],[117.476936,49.631168],[117.270096,49.634602],[117.060966,49.693638],[116.71756,49.853928],[116.040878,48.87154],[116.070404,48.82048],[115.794281,48.521152],[115.815437,48.25766],[115.530701,48.148846],[115.545631,48.131191],[115.524673,48.108757],[115.539276,48.09481],[115.582291,47.91544],[115.931961,47.681263],[115.961098,47.688004],[116.112015,47.815178],[116.25853,47.874733],[116.44545,47.835419],[116.662903,47.888748],[116.810669,47.895687],[116.871986,47.892078],[117.086983,47.821751],[117.376274,47.639],[117.485863,47.75634],[117.519058,47.76268],[117.521416,47.780903],[117.805847,48.014263],[117.888863,48.025558],[118.001999,48.008904],[118.079819,48.025524],[118.109947,48.04459],[118.14473,48.035763],[118.173134,48.047577],[118.230606,48.042625],[118.275787,48.008617],[118.412292,48.01582],[118.444901,47.994232],[118.560913,47.990288],[118.765877,47.769062],[119.126625,47.662205],[119.144661,47.538303],[119.35833,47.47514],[119.313248,47.423168],[119.335533,47.430347],[119.358597,47.419357],[119.367058,47.401398],[119.435944,47.370823],[119.444871,47.34919],[119.478767,47.336643],[119.480377,47.322556],[119.500763,47.325111],[119.55426,47.296551],[119.554802,47.251171],[119.566513,47.241932],[119.623703,47.244843],[119.709419,47.183792],[119.799774,47.052959],[119.784073,47.043217],[119.788162,47.011032],[119.838165,46.96323],[119.862892,46.959538],[119.847069,46.942432],[119.853081,46.915359],[119.922287,46.902065],[119.911461,46.864571],[119.913742,46.851444],[119.931412,46.846302],[119.921173,46.82473],[119.932518,46.795551],[119.899635,46.760414],[119.928604,46.711227],[119.905304,46.668148],[119.797318,46.679951],[119.806526,46.666683],[119.776703,46.624115],[119.670677,46.583057],[119.675323,46.603569],[119.64994,46.623875],[119.59214,46.616665],[119.551346,46.632088],[119.424408,46.636745],[119.366783,46.601288],[119.350677,46.617405],[119.306122,46.609028],[119.255653,46.647083],[119.14492,46.656311],[119.097244,46.639977],[119.004173,46.743881],[118.944168,46.720516],[118.905762,46.731747],[118.916084,46.747025],[118.90757,46.773277],[118.838303,46.770176],[118.781044,46.715786],[118.792618,46.694656],[118.780876,46.685287],[118.670029,46.696419],[118.64521,46.720047],[118.578964,46.691399],[118.439278,46.702576],[118.40284,46.726269],[118.30912,46.737667],[118.185379,46.681068],[118.116837,46.676323],[118.049614,46.631523],[117.917793,46.611504],[117.883354,46.578758],[117.861496,46.574078],[117.863617,46.548328],[117.833092,46.532581],[117.76252,46.535942],[117.711937,46.51506],[117.666092,46.530979],[117.633926,46.55666],[117.622849,46.59013],[117.603676,46.598782],[117.488182,46.598827],[117.412369,46.580181],[117.440002,46.526337],[117.384483,46.461342],[117.364403,46.358353],[117.240257,46.365257],[117.089882,46.355297],[116.827583,46.382519],[116.806213,46.354271],[116.757362,46.330189],[116.666565,46.323601],[116.578537,46.290817],[116.566559,46.25745],[116.432564,46.135845],[116.406952,46.132175],[116.264801,45.964996],[116.236153,45.874367],[116.281929,45.837147],[116.270996,45.82951],[116.279976,45.773315],[116.254219,45.774139],[116.216148,45.745483],[116.210533,45.72049],[116.167313,45.686646],[116.028351,45.683205],[116.019699,45.659157],[115.929901,45.631256],[115.692673,45.457745],[115.357338,45.390373],[115.160675,45.394314],[114.967216,45.375298],[114.738091,45.436481],[114.544289,45.38588],[114.512611,45.281956],[114.452477,45.211472],[114.340004,45.1175],[114.170937,45.034309],[114.150909,44.992596],[114.109276,44.954998],[114.057747,44.929317],[113.900146,44.913609],[113.854607,44.861759],[113.791458,44.847824],[113.62381,44.743958],[113.533142,44.757908],[113.496422,44.775814],[113.121231,44.795177],[113.013306,44.824677],[112.791649,44.852634],[112.592674,44.92907],[112.533203,44.999523],[112.421059,45.07283],[112.388779,45.06266],[112.10601,45.071205],[112.063454,45.094131],[111.995232,45.089092],[111.882469,45.043861],[111.756973,44.967659],[111.604919,44.755753],[111.553352,44.645435],[111.562645,44.57473],[111.523361,44.548595],[111.507233,44.505871],[111.470894,44.487057],[111.408432,44.355274],[111.421112,44.317535],[111.482887,44.300949],[111.518898,44.274532],[111.55201,44.169628],[111.655785,44.059448],[111.694931,44.032196],[111.782379,44],[111.876953,43.921886],[111.959526,43.80138],[111.963387,43.746395],[111.943703,43.69117],[111.884537,43.672089],[111.786957,43.669838],[111.557518,43.488342],[111.449196,43.492126],[111.392799,43.470486],[111.346779,43.433846],[111.176544,43.39386],[111.013672,43.327869],[110.763412,43.097229],[110.730057,43.087517],[110.680916,43.0345],[110.683075,43.019493],[110.625359,42.934139],[110.463135,42.836876],[110.430756,42.779243],[110.13311,42.67263],[110.102097,42.640629],[109.900299,42.634022],[109.727417,42.577202],[109.538345,42.470566],[109.285637,42.433876],[109.019951,42.456612],[108.84021,42.393986],[108.79335,42.413338],[108.699501,42.411579],[108.527573,42.4412],[108.292885,42.436516],[108.232628,42.458477],[108.016724,42.431339],[107.933945,42.402046],[107.56916,42.411358],[107.496162,42.454979],[107.460503,42.456879],[107.298576,42.410778],[107.266273,42.362251],[107.045799,42.317284],[106.780853,42.289658],[105.737183,41.947418],[105.287376,41.748081],[105.226723,41.74929],[105.005875,41.581402],[104.919655,41.652527],[104.685669,41.643585],[104.521187,41.660183],[104.527061,41.873165],[104.076569,41.802975],[103.854294,41.799141],[103.41555,41.880398],[102.7099,42.151108],[102.540041,42.160573],[102.446739,42.1422],[102.073738,42.221767],[101.801552,42.502064],[101.567978,42.522934],[100.861046,42.669689],[100.323685,42.688244],[100.270889,42.634644],[99.967567,42.646282],[99.503186,42.566327],[98.194679,42.651615],[97.171951,42.793419],[96.982155,42.755829],[96.750137,42.757088],[96.386902,42.723934],[96.362778,42.89872],[95.944817,43.209084],[95.884666,43.269711],[95.857178,43.416061],[95.734505,43.595875],[95.62207,43.854324],[95.525604,44.006012],[95.424782,44.007912],[95.325157,44.027195],[95.350288,44.088562],[95.354263,44.164444],[95.37455,44.225895],[95.408928,44.243576],[95.428551,44.28027],[95.411919,44.297104],[94.997467,44.251816],[94.913185,44.302059],[94.766762,44.339298],[94.721474,44.339504],[94.605042,44.447281],[94.469299,44.508152],[94.389359,44.520576],[94.357407,44.514305],[94.328308,44.581394],[94.257378,44.617188],[94.213951,44.666908],[93.722137,44.864223],[93.714439,44.893284],[93.507698,44.967072],[93.506454,44.954063],[93.432518,44.95393],[93.374908,44.984146],[93.313118,44.993835],[93.311951,44.979267],[93.29287,44.981152],[93.172195,45.013988],[93.098175,45.005997],[93.060532,45.016972],[92.983994,45.000923],[92.883102,45.045834],[92.846672,45.037521],[92.778137,45.049522],[92.682838,45.024681],[92.54673,45.017273],[92.495453,45],[92.41259,45.017075],[92.347519,45.012714],[92.313972,45.027687],[92.238953,45.014816],[92.098457,45.080112],[92.054932,45.085445],[91.616859,45.067616],[91.574356,45.081116],[91.560005,45.074512],[91.498375,45.102585],[91.447151,45.155338],[91.427254,45.155231],[91.375351,45.109749],[91.333206,45.128372],[91.240196,45.136208],[91.228989,45.152538],[91.194145,45.157799],[91.169044,45.198174],[91.127632,45.214668],[91.048569,45.207672],[91.006248,45.21727],[90.880402,45.190849],[90.865295,45.208344],[90.895905,45.248829],[90.853516,45.290688],[90.803207,45.293789],[90.811356,45.327438],[90.772423,45.404808],[90.770576,45.431595],[90.669632,45.486641],[90.668602,45.546947],[90.713036,45.727829],[90.847137,45.886963],[91.026344,46.021992],[91.025345,46.054859],[91.013077,46.065475],[91.016098,46.127754],[90.982811,46.159668],[90.946419,46.218361],[90.953926,46.233086],[90.898903,46.311493],[90.981857,46.373985],[90.994415,46.418434],[91.023628,46.44286],[91.035942,46.499844],[91.07386,46.548016],[91.065948,46.578117],[91.015945,46.581318],[91.05201,46.716286],[91.022926,46.760372],[90.991043,46.768524],[90.990776,46.789433],[90.941063,46.824921],[90.956146,46.878601],[90.92836,46.892269],[90.920471,46.937759],[90.899887,46.959858],[90.829079,46.994835],[90.765381,46.99144],[90.652107,47.1106],[90.649818,47.132549],[90.631462,47.134968],[90.559853,47.206017],[90.560471,47.224609],[90.486313,47.31596],[90.52475,47.377731],[90.505737,47.39872],[90.458542,47.413353],[90.456749,47.437607],[90.472282,47.460987],[90.466049,47.496292],[90.395973,47.546211],[90.373749,47.60157],[90.34391,47.636021],[90.361626,47.647926],[90.3825,47.642849],[90.329201,47.680107],[90.246597,47.70647],[90.132484,47.72176],[90.073463,47.776077],[90.068039,47.819126],[90.084129,47.864269],[90.063705,47.882324],[90.038162,47.873386],[89.958138,47.884697],[89.948952,47.836479],[89.765282,47.831318],[89.736473,47.894093],[89.648422,47.912739],[89.64592,47.943081],[89.600807,47.96225],[89.596909,48.014675],[89.566162,48.036793],[89.489388,48.02676],[89.380875,48.045341],[89.356712,48.025139],[89.296852,48.017723],[89.278938,47.992928],[89.228363,47.979015],[89.153267,47.995621],[89.075157,47.985691],[89.041611,48.008633],[89.024124,48.049767],[88.951134,48.08984],[88.930824,48.117569],[88.821587,48.105816],[88.794456,48.132915],[88.718452,48.159554],[88.705811,48.179295],[88.665581,48.170349],[88.635475,48.182728],[88.629478,48.200981],[88.598915,48.220913],[88.592049,48.259144],[88.572342,48.276752],[88.603333,48.337025],[88.570923,48.350948],[88.570541,48.368862],[88.526314,48.370785],[88.510529,48.408504],[88.440475,48.390347],[88.357643,48.43227],[88.359818,48.459339],[88.346283,48.46666],[88.220108,48.503269],[88.193466,48.492939],[88.148445,48.525204],[88.124168,48.520828],[88.105103,48.544937],[88.037926,48.547295],[87.969933,48.57515],[87.958443,48.598583],[88.023895,48.626358],[88.023216,48.652195],[88.085999,48.693733],[88.093605,48.715958],[88.060806,48.711746],[88.049294,48.734497],[87.969971,48.769642],[87.935837,48.757126],[87.869164,48.798748],[87.823212,48.800102],[87.796219,48.820099],[87.82637,48.828308],[87.791023,48.845901],[87.7826,48.869598],[87.746773,48.868057],[87.739037,48.880341],[87.756493,48.925049],[87.790627,48.926624],[87.81942,48.946373],[87.865196,48.944016],[87.868744,48.962864],[87.908813,48.979256],[87.878342,48.997036],[87.878128,49.028896],[87.830162,49.049328],[87.853416,49.068047],[87.841614,49.089203],[87.86396,49.107925],[87.834038,49.147705],[87.832282,49.174825],[87.718918,49.180206],[87.668396,49.153698],[87.50219,49.141869],[87.492134,49.130962],[87.508209,49.10078],[87.432999,49.074146],[87.29496,49.118416],[87.235504,49.113533],[87.208427,49.13966],[87.144218,49.153065],[87.109154,49.154457],[87.084831,49.132633],[87.001465,49.14193],[86.894295,49.131805],[86.850021,49.100967],[86.840225,49.054577],[86.772072,49.027615],[86.735832,48.992355],[86.74559,48.913536],[86.811356,48.86393],[86.825623,48.83654],[86.762527,48.80138],[86.781433,48.731091],[86.749687,48.691929],[86.70784,48.671436],[86.6875,48.637119],[86.638931,48.62252],[86.60289,48.58263],[86.592125,48.538792],[86.403946,48.47612],[86.375633,48.501404],[86.308167,48.489162],[86.235207,48.436298],[85.910934,48.436058],[85.786774,48.414177],[85.715134,48.361652],[85.6651,48.247421],[85.638268,48.233521],[85.621681,48.204269],[85.592125,48.198971],[85.550331,48.114254],[85.532486,48.032539],[85.540909,47.988575],[85.549744,47.987911],[85.612328,47.512184],[85.644928,47.465199],[85.683807,47.442696],[85.701233,47.383736],[85.670433,47.318008],[85.697319,47.280533],[85.680023,47.231312],[85.549416,47.114098],[85.542984,47.057098],[85.437988,47.062222],[85.323143,47.043831],[85.273529,47.067921],[85.266098,47.055218],[85.235764,47.055336],[85.21109,47.040096],[85.172501,46.997044],[85.099899,46.967697],[85.073433,46.935078],[84.990555,46.922314],[84.977356,46.882278],[84.952515,46.86034],[84.931961,46.86327],[84.84684,46.956139],[84.792633,46.971626],[84.7453,47.008892],[84.58593,46.994808],[84.503792,46.972153],[84.435555,47.008163],[84.368484,46.992245],[84.333557,47.00436],[84.294846,46.993023],[84.197052,47.003178],[84.112343,46.965744],[84.050987,46.96896],[84,46.989712],[83.948647,46.986477],[83.921921,46.969189],[83.904884,46.985104],[83.88298,46.981216],[83.763306,47.026085],[83.704796,47.012974],[83.697357,47.031281],[83.568054,47.059799],[83.56385,47.079838],[83.535324,47.082977],[83.45974,47.131004],[83.415184,47.117699],[83.368301,47.162201],[83.366829,47.177425],[83.32885,47.166801],[83.30294,47.178677],[83.244423,47.174911],[83.216026,47.188137],[83.203537,47.212677],[83.170898,47.2174],[83.151283,47.23497],[83.026558,47.218513],[83.019043,47.131939],[82.989944,47.064529],[82.93486,47.013325],[82.920555,46.931385],[82.873329,46.82325],[82.875519,46.796612],[82.826721,46.771976],[82.724113,46.494785],[82.51532,46.153122],[82.45829,45.979073],[82.397949,45.971226],[82.34288,45.942791],[82.337036,45.77153],[82.28698,45.715511],[82.285454,45.654469],[82.263672,45.619217],[82.278938,45.537933],[82.544334,45.424408],[82.598236,45.345451],[82.584709,45.223156],[82.56002,45.203766],[82.475677,45.181355],[82.341576,45.217876],[82.291344,45.246838],[82.106148,45.210281],[82.08757,45.22121],[82.088585,45.251907],[81.922279,45.233982],[81.776878,45.382576],[81.727516,45.36235],[81.631775,45.356968],[81.579796,45.335884],[81.572624,45.307117],[81.539085,45.306343],[81.525383,45.285213],[81.471931,45.265846],[81.446434,45.264568],[81.424149,45.282154],[81.378983,45.256584],[81.324669,45.259838],[81.27166,45.236137],[81.226227,45.244267],[81.171837,45.226917],[81.167198,45.209892],[81.11367,45.22023],[81.067909,45.17701],[81.021843,45.161888],[80.933388,45.15971],[80.895767,45.126919],[80.859718,45.126389],[80.813995,45.152008],[80.76815,45.152195],[80.724098,45.176159],[80.712639,45.173428],[80.729164,45.155354],[80.705231,45.137787],[80.597023,45.105057],[80.517113,45.107887],[80.491379,45.12616],[80.478432,45.122047],[80.443352,45.096741],[80.441635,45.076454],[80.388565,45.043201],[80.350845,45.040558],[80.320198,45.070587],[80.268288,45.054932],[80.241524,45.03072],[80.193306,45.029827],[80.142181,45.057846],[80.133675,45.040207],[80.101456,45.052124],[80.030937,44.992611],[79.949661,44.957016],[79.942398,44.937481],[79.885666,44.90855],[79.893181,44.893482],[79.966896,44.876865],[79.947136,44.855057],[79.995384,44.823231],[79.997063,44.793045],[80.113159,44.81422],[80.167587,44.843624],[80.185555,44.824863],[80.176369,44.796001],[80.205482,44.746613],[80.242409,44.722733],[80.328835,44.697739],[80.406464,44.614552],[80.348175,44.47916],[80.409302,44.284676],[80.404373,44.148674],[80.393005,44.117859],[80.446869,44.076694],[80.461601,43.972443],[80.488503,43.956375],[80.476357,43.940128],[80.509216,43.901096],[80.519844,43.815449],[80.752472,43.492817],[80.758507,43.445133],[80.743904,43.437672],[80.731041,43.384579],[80.684418,43.325615],[80.774498,43.306644],[80.766678,43.264057],[80.786179,43.240982],[80.787346,43.200623],[80.801918,43.177071],[80.792114,43.136047],[80.745361,43.146507],[80.72686,43.129337],[80.704895,43.142326],[80.628151,43.142712],[80.37606,43.030003],[80.403076,42.989594],[80.476288,42.946575],[80.574631,42.923904],[80.600426,42.897709],[80.592033,42.888264],[80.501503,42.878696],[80.425682,42.853416],[80.403381,42.831512],[80.326431,42.825237],[80.324806,42.836277],[80.275269,42.835411],[80.258286,42.822781],[80.259674,42.779411],[80.215019,42.712013],[80.226692,42.693398],[80.173401,42.670799],[80.160065,42.623089],[80.226936,42.522007],[80.276268,42.509586],[80.217888,42.477093],[80.204559,42.428295],[80.228249,42.399963],[80.231995,42.347656],[80.281868,42.319458],[80.267921,42.286125],[80.290176,42.258438],[80.275078,42.226978],[80.163292,42.19569],[80.161263,42.151047],[80.137169,42.149845],[80.165604,42.095444],[80.191162,42.080181],[80.15699,42.051426],[80.160179,42.037609],[80.055229,42.046856],[79.890808,42.032734],[79.850624,42.014252],[79.852135,41.983128],[79.809425,41.952236],[79.774284,41.891342],[79.638893,41.883724],[79.608803,41.851151],[79.548988,41.832851],[79.454506,41.846458],[79.404617,41.831692],[79.358887,41.795052],[79.323502,41.808136],[79.216591,41.725204],[79.135559,41.721638],[79.112427,41.698643],[79.035446,41.677391],[79.024025,41.656586],[78.992111,41.663345],[78.957748,41.651432],[78.823135,41.559223],[78.794235,41.567238],[78.704063,41.547131],[78.694679,41.540596],[78.703728,41.518242],[78.673347,41.50153],[78.648521,41.466278],[78.573738,41.479767],[78.525223,41.439964],[78.452393,41.411018],[78.389236,41.406948],[78.391121,41.394447],[78.324806,41.382946],[78.31353,41.393555],[78.22686,41.396481],[78.163216,41.378304],[78.133141,41.224846],[78.009682,41.189816],[77.907257,41.185074],[77.828339,41.148468],[77.804115,41.108932],[77.82695,41.055244],[77.787933,41.046089],[77.777802,41.022205],[77.734787,41.031437],[77.692421,41.008179],[77.651718,41.015476],[77.594536,41.004608],[77.588989,40.991692],[77.537468,41.005768],[77.495514,40.995625],[77.473343,40.998684],[77.470833,41.021904],[77.365456,41.039974],[77.293404,41.004143],[77.233719,41.026787],[77.166283,41.00819],[77.108086,41.034916],[77.109276,41.05109],[77.094917,41.059631],[77.020226,41.058422],[76.999298,41.072605],[76.938148,41.028183],[76.874924,41.02457],[76.850876,40.975746],[76.759171,40.953239],[76.735909,40.901714],[76.731285,40.846699],[76.72084,40.843437],[76.728683,40.818455],[76.690544,40.778942],[76.672729,40.781837],[76.64402,40.759689],[76.644348,40.736221],[76.673927,40.695656],[76.652122,40.652351],[76.657303,40.62207],[76.616074,40.608704],[76.598305,40.57864],[76.563354,40.554684],[76.540756,40.51363],[76.536797,40.463688],[76.513412,40.449471],[76.506248,40.429146],[76.467621,40.422077],[76.434425,40.387337],[76.387207,40.37709],[76.379005,40.390282],[76.362175,40.379894],[76.340309,40.340828],[76.320427,40.365932],[76.324562,40.390858],[76.283005,40.409725],[76.276917,40.438808],[76.173302,40.381039],[76.06752,40.394932],[76.045685,40.388279],[76.045364,40.356506],[76.029625,40.354904],[75.991959,40.379288],[75.971199,40.378807],[75.925552,40.33485],[75.929794,40.310181],[75.918686,40.291077],[75.887543,40.309185],[75.837654,40.312031],[75.828049,40.327126],[75.782791,40.300762],[75.697945,40.282856],[75.701782,40.307518],[75.66687,40.363556],[75.683182,40.417744],[75.729843,40.473801],[75.643135,40.516369],[75.627853,40.548763],[75.633827,40.624146],[75.596344,40.659325],[75.547005,40.64838],[75.464706,40.599354],[75.417137,40.554871],[75.352036,40.537327],[75.288795,40.483299],[75.265678,40.483242],[75.239243,40.448418],[75.131966,40.462894],[75.099411,40.439297],[75.018692,40.466724],[74.982513,40.456238],[74.889221,40.507515],[74.834053,40.520607],[74.816429,40.505558],[74.811958,40.460728],[74.790382,40.447453],[74.906082,40.351292],[74.905594,40.338737],[74.860344,40.326317],[74.808929,40.346821],[74.697807,40.346104],[74.69809,40.316765],[74.670746,40.278465],[74.583885,40.269367],[74.535797,40.210716],[74.353592,40.08884],[74.308464,40.10783],[74.282867,40.095436],[74.260338,40.124771],[74.208305,40.120922],[74.123299,40.104073],[74.094528,40.080578],[74.027641,40.088993],[73.999992,40.044724],[73.943756,40.022591],[73.975906,40],[73.908081,39.934555],[73.909431,39.88044],[73.848976,39.840965],[73.835129,39.799942],[73.838768,39.756145],[73.902771,39.741951],[73.922821,39.719368],[73.945511,39.592415],[73.913383,39.586472],[73.911484,39.563774],[73.881874,39.548595],[73.890686,39.52808],[73.86515,39.482784],[73.742149,39.461739],[73.620361,39.470093],[73.600433,39.453232],[73.5895,39.412247],[73.498962,39.383572]]}},{"type":"Feature","properties":{"kind":"china-outline"},"geometry":{"type":"LineString","coordinates":[[108.614708,19.099638],[108.657627,18.940853],[108.625557,18.822744],[108.662263,18.806121],[108.695407,18.724679],[108.697822,18.610083],[108.674105,18.54792],[108.686896,18.506827],[108.795115,18.48074],[108.88066,18.421684],[108.960277,18.401929],[108.992205,18.3572],[109.056367,18.369764],[109.105339,18.362315],[109.141512,18.337575],[109.154124,18.29532],[109.183076,18.284513],[109.289007,18.305154],[109.430922,18.288755],[109.47933,18.270274],[109.496025,18.252198],[109.47086,18.202093],[109.488223,18.189494],[109.496771,18.210938],[109.520609,18.223086],[109.53582,18.206078],[109.532631,18.229213],[109.549289,18.227625],[109.573997,18.206144],[109.558861,18.171831],[109.56961,18.162997],[109.579229,18.176502],[109.619465,18.171267],[109.612298,18.215418],[109.631518,18.228101],[109.67705,18.23715],[109.694777,18.221768],[109.68901,18.208462],[109.709996,18.197636],[109.707028,18.218059],[109.727277,18.212427],[109.727132,18.230919],[109.74546,18.24548],[109.73318,18.261502],[109.687186,18.259147],[109.674996,18.272306],[109.699987,18.284242],[109.721053,18.264722],[109.721246,18.298883],[109.762957,18.386778],[109.807927,18.400626],[109.821785,18.377947],[109.881078,18.406368],[109.929211,18.417202],[109.967047,18.411048],[109.988432,18.436365],[110.016325,18.431585],[110.023159,18.446173],[110.030214,18.436648],[110.005539,18.396237],[109.973173,18.409168],[109.970427,18.387696],[110.012165,18.377141],[110.047932,18.386122],[110.058316,18.403892],[110.039061,18.42571],[110.052696,18.445236],[110.066372,18.408328],[110.097615,18.518748],[110.156284,18.581799],[110.282788,18.669718],[110.309482,18.659578],[110.349,18.689588],[110.360721,18.688576],[110.366184,18.669651],[110.414515,18.668195],[110.462166,18.766776],[110.530533,18.795302],[110.513942,18.880392],[110.495515,18.886084],[110.493402,18.850194],[110.512857,18.801582],[110.488626,18.792788],[110.439473,18.813637],[110.438883,18.83758],[110.463084,18.842262],[110.464009,18.866555],[110.507931,18.894573],[110.516334,18.989006],[110.541729,19.043189],[110.567214,19.047569],[110.568189,19.126502],[110.555827,19.141881],[110.586554,19.159307],[110.595343,19.191352],[110.618558,19.210506],[110.639167,19.274633],[110.633903,19.301752],[110.676964,19.319164],[110.683632,19.339385],[110.669561,19.362867],[110.678053,19.392659],[110.762553,19.428734],[110.805132,19.485155],[110.808674,19.531822],[110.836895,19.542355],[110.803019,19.594974],[110.814022,19.625047],[110.835481,19.628014],[110.842835,19.612906],[110.823344,19.597351],[110.848723,19.528429],[110.86592,19.524723],[110.979432,19.641066],[111.028441,19.636005],[111.029636,19.67071],[111.009679,19.686494],[110.995583,19.821036],[110.952701,19.975218],[110.932574,20.01204],[110.855943,19.991609],[110.7824,20.011489],[110.761325,20.044664],[110.726587,20.06254],[110.685287,20.159826],[110.644924,20.106044],[110.601301,20.111039],[110.57433,20.09441],[110.566092,20.039073],[110.580089,20.020255],[110.602229,20.017791],[110.633981,19.92115],[110.591654,19.917333],[110.575223,19.950145],[110.586352,19.987045],[110.555878,19.974837],[110.537491,19.993559],[110.538398,20.014976],[110.456811,20.038541],[110.366688,20.091363],[110.307663,20.074795],[110.300794,20.059135],[110.330101,20.047447],[110.311909,20.049055],[110.274875,20.024538],[110.197687,20.063386],[110.152013,20.057565],[110.125681,20.001123],[110.077827,19.975539],[110.065836,19.982587],[110.000547,19.930115],[109.963501,19.956403],[109.940485,19.993173],[109.889422,19.981819],[109.870433,19.935701],[109.848453,19.939503],[109.829462,19.982533],[109.819041,19.985364],[109.803124,19.94472],[109.79128,19.966135],[109.747519,19.974554],[109.711709,20.011083],[109.614213,19.994111],[109.536988,19.945661],[109.51649,19.898278],[109.519679,19.873647],[109.560777,19.863869],[109.56553,19.847947],[109.54134,19.842272],[109.526757,19.851909],[109.481183,19.838759],[109.462549,19.869074],[109.443599,19.87384],[109.420525,19.855268],[109.383351,19.889589],[109.328088,19.881387],[109.326839,19.907621],[109.306256,19.917428],[109.289664,19.894865],[109.262297,19.900311],[109.25488,19.860126],[109.188216,19.828351],[109.156698,19.789827],[109.173984,19.746606],[109.151097,19.707566],[109.203585,19.726272],[109.231311,19.76099],[109.249543,19.758398],[109.262185,19.773691],[109.275205,19.763929],[109.273935,19.72378],[109.229361,19.716985],[109.18616,19.67461],[109.165351,19.674888],[109.149551,19.642338],[109.005637,19.580732],[108.935921,19.508479],[108.864182,19.454531],[108.820751,19.440303],[108.739423,19.375215],[108.682327,19.369543],[108.663879,19.347628],[108.680335,19.290826],[108.655914,19.314589],[108.640047,19.302599],[108.630491,19.201564],[108.641594,19.212238],[108.671424,19.194667],[108.673408,19.161423],[108.650698,19.122904],[108.614708,19.099638]]}},{"type":"Feature","properties":{"kind":"china-outline"},"geometry":{"type":"LineString","coordinates":[[110.371369,18.687955],[110.392247,18.703203],[110.401651,18.686188],[110.371369,18.687955]]}},{"type":"Feature","properties":{"kind":"china-outline"},"geometry":{"type":"LineString","coordinates":[[109.083064,21.049064],[109.087748,21.033417],[109.12366,21.018748],[109.138925,21.047827],[109.122017,21.070775],[109.083064,21.049064]]}},{"type":"Feature","properties":{"kind":"china-outline"},"geometry":{"type":"LineString","coordinates":[[109.370544,7.341821],[109.376474,7.326299],[109.399794,7.319658],[109.432092,7.335802],[109.508804,7.416953],[109.51935,7.452777],[109.554344,7.477442],[109.699982,7.53014],[109.832127,7.531102],[109.846245,7.532662],[109.848644,7.545696],[109.83274,7.561269],[109.722761,7.598518],[109.614638,7.60885],[109.581473,7.597603],[109.418023,7.44269],[109.370544,7.341821]]}},{"type":"Feature","properties":{"kind":"china-outline"},"geometry":{"type":"LineString","coordinates":[[109.842322,7.8462],[109.848452,7.802954],[109.89086,7.800293],[109.965389,7.838239],[109.9868,7.865854],[110.015905,7.979046],[109.904698,7.955963],[109.847811,7.891835],[109.842322,7.8462]]}},{"type":"Feature","properties":{"kind":"china-outline"},"geometry":{"type":"LineString","coordinates":[[110.34465,20.672498],[110.368272,20.665184],[110.36308,20.69757],[110.351326,20.697278],[110.34465,20.672498]]}},{"type":"Feature","properties":{"kind":"china-outline"},"geometry":{"type":"LineString","coordinates":[[110.368703,8.155016],[110.391627,8.088038],[110.438202,8.083725],[110.508699,8.104569],[110.548739,8.199767],[110.540322,8.214487],[110.51785,8.218678],[110.458919,8.20756],[110.373555,8.173746],[110.368703,8.155016]]}},{"type":"Feature","properties":{"kind":"china-outline"},"geometry":{"type":"LineString","coordinates":[[110.383752,7.796982],[110.398842,7.778967],[110.429561,7.783704],[110.447541,7.826014],[110.439943,7.84236],[110.405039,7.841721],[110.383752,7.796982]]}},{"type":"Feature","properties":{"kind":"china-outline"},"geometry":{"type":"LineString","coordinates":[[110.397835,20.696068],[110.402438,20.67712],[110.43697,20.679568],[110.416482,20.7187],[110.397835,20.696068]]}},{"type":"Feature","properties":{"kind":"china-outline"},"geometry":{"type":"LineString","coordinates":[[110.404581,20.114908],[110.433815,20.104688],[110.47874,20.119198],[110.404581,20.114908]]}},{"type":"Feature","properties":{"kind":"china-outline"},"geometry":{"type":"LineString","coordinates":[[110.413107,21.156851],[110.437968,21.135167],[110.447162,21.153211],[110.438359,21.166019],[110.413107,21.156851]]}},{"type":"Feature","properties":{"kind":"china-outline"},"geometry":{"type":"LineString","coordinates":[[110.429278,21.182045],[110.464523,21.141604],[110.512393,21.136161],[110.536526,21.089438],[110.567088,21.093673],[110.62458,21.210025],[110.585929,21.193312],[110.555487,21.201876],[110.542225,21.194019],[110.516257,21.195745],[110.493677,21.213912],[110.429278,21.182045]]}},{"type":"Feature","properties":{"kind":"china-outline"},"geometry":{"type":"LineString","coordinates":[[110.518571,8.00341],[110.538041,7.954388],[110.550456,7.961663],[110.5788,8.065075],[110.567801,8.092039],[110.541215,8.090542],[110.518571,8.00341]]}},{"type":"Feature","properties":{"kind":"china-outline"},"geometry":{"type":"LineString","coordinates":[[110.548655,20.90247],[110.561424,20.870588],[110.59465,20.865659],[110.637383,20.934575],[110.591022,20.949748],[110.548655,20.90247]]}},{"type":"Feature","properties":{"kind":"china-outline"},"geometry":{"type":"LineString","coordinates":[[111.194215,15.782068],[111.206518,15.780252],[111.212266,15.789127],[111.194215,15.782068]]}},{"type":"Feature","properties":{"kind":"china-outline"},"geometry":{"type":"LineString","coordinates":[[111.197705,19.913569],[111.19771,19.909319],[111.203122,19.905255],[111.204056,19.908037],[111.197705,19.913569]]}},{"type":"Feature","properties":{"kind":"china-outline"},"geometry":{"type":"LineString","coordinates":[[111.267289,19.982643],[111.273061,19.977306],[111.271549,19.986129],[111.267289,19.982643]]}},{"type":"Feature","properties":{"kind":"china-outline"},"geometry":{"type":"LineString","coordinates":[[111.432951,8.542221],[111.448843,8.528279],[111.483512,8.561535],[111.454415,8.562498],[111.432951,8.542221]]}},{"type":"Feature","properties":{"kind":"china-outline"},"geometry":{"type":"LineString","coordinates":[[111.450715,17.079206],[111.465544,17.063463],[111.466023,17.087731],[111.5073,17.096091],[111.507886,17.080783],[111.466799,17.063158],[111.477993,17.05991],[111.556698,17.087603],[111.558098,17.10069],[111.516355,17.114396],[111.46039,17.096304],[111.450715,17.079206]]}},{"type":"Feature","properties":{"kind":"china-outline"},"geometry":{"type":"LineString","coordinates":[[111.466303,9.289681],[111.486748,9.288399],[111.52022,9.314174],[111.520689,9.332451],[111.495457,9.330809],[111.466303,9.289681]]}},{"type":"Feature","properties":{"kind":"china-outline"},"geometry":{"type":"LineString","coordinates":[[111.48764,7.536683],[111.50331,7.526657],[111.521194,7.534218],[111.546612,7.578467],[111.58785,7.592031],[111.586119,7.615759],[111.565791,7.622748],[111.498804,7.610845],[111.48764,7.536683]]}},{"type":"Feature","properties":{"kind":"china-outline"},"geometry":{"type":"LineString","coordinates":[[111.503816,16.447332],[111.513675,16.446873],[111.507103,16.450406],[111.503816,16.447332]]}},{"type":"Feature","properties":{"kind":"china-outline"},"geometry":{"type":"LineString","coordinates":[[111.51511,7.837244],[111.51772,7.799739],[111.541942,7.793495],[111.589665,7.881245],[111.584902,7.892746],[111.546768,7.881462],[111.51511,7.837244]]}},{"type":"Feature","properties":{"kind":"china-outline"},"geometry":{"type":"LineString","coordinates":[[111.57184,16.191068],[111.57919,16.164212],[111.602089,16.163647],[111.651278,16.192764],[111.597566,16.174672],[111.586258,16.189937],[111.636153,16.246759],[111.57184,16.191068]]}},{"type":"Feature","properties":{"kind":"china-outline"},"geometry":{"type":"LineString","coordinates":[[111.572476,16.476025],[111.573466,16.4556],[111.608803,16.445635],[111.581947,16.491574],[111.572476,16.476025]]}},{"type":"Feature","properties":{"kind":"china-outline"},"geometry":{"type":"LineString","coordinates":[[111.582141,16.504825],[111.588378,16.502864],[111.587,16.509967],[111.582141,16.504825]]}},{"type":"Feature","properties":{"kind":"china-outline"},"geometry":{"type":"LineString","coordinates":[[111.583012,7.938664],[111.583929,7.919531],[111.687734,7.909059],[111.694655,7.922796],[111.682635,7.967235],[111.661555,7.970403],[111.610908,7.963773],[111.583012,7.938664]]}},{"type":"Feature","properties":{"kind":"china-outline"},"geometry":{"type":"LineString","coordinates":[[111.60389,16.533554],[111.611806,16.534685],[111.607071,16.536346],[111.60389,16.533554]]}},{"type":"Feature","properties":{"kind":"china-outline"},"geometry":{"type":"LineString","coordinates":[[111.632448,7.680562],[111.634898,7.665246],[111.659939,7.653642],[111.709513,7.70083],[111.72721,7.734407],[111.717611,7.754008],[111.689573,7.762142],[111.643832,7.724117],[111.632448,7.680562]]}},{"type":"Feature","properties":{"kind":"china-outline"},"geometry":{"type":"LineString","coordinates":[[111.643974,8.659705],[111.679713,8.661367],[111.701439,8.674991],[111.643974,8.659705]]}},{"type":"Feature","properties":{"kind":"china-outline"},"geometry":{"type":"LineString","coordinates":[[111.645482,16.249869],[111.775947,16.259763],[111.791212,16.243367],[111.781318,16.214815],[111.701598,16.211281],[111.737217,16.197287],[111.772272,16.198418],[111.812697,16.232059],[111.810153,16.256654],[111.788103,16.271071],[111.680113,16.266831],[111.645482,16.249869]]}},{"type":"Feature","properties":{"kind":"china-outline"},"geometry":{"type":"LineString","coordinates":[[111.649298,16.45341],[111.655094,16.447332],[111.669653,16.45242],[111.649298,16.45341]]}},{"type":"Feature","properties":{"kind":"china-outline"},"geometry":{"type":"LineString","coordinates":[[111.660063,9.341769],[111.664377,9.327006],[111.685388,9.330438],[111.708012,9.360395],[111.702449,9.381651],[111.676697,9.368809],[111.660063,9.341769]]}},{"type":"Feature","properties":{"kind":"china-outline"},"geometry":{"type":"LineString","coordinates":[[111.661949,16.20181],[111.668381,16.197428],[111.69453,16.207181],[111.661949,16.20181]]}},{"type":"Feature","properties":{"kind":"china-outline"},"geometry":{"type":"LineString","coordinates":[[111.67521,16.579284],[111.676261,16.578926],[111.677392,16.580587],[111.67521,16.579284]]}},{"type":"Feature","properties":{"kind":"china-outline"},"geometry":{"type":"LineString","coordinates":[[111.68589,16.566436],[111.687515,16.565552],[111.687498,16.56822],[111.68589,16.566436]]}},{"type":"Feature","properties":{"kind":"china-outline"},"geometry":{"type":"LineString","coordinates":[[111.699442,16.452597],[111.701156,16.4506],[111.702322,16.452226],[111.699442,16.452597]]}},{"type":"Feature","properties":{"kind":"china-outline"},"geometry":{"type":"LineString","coordinates":[[111.70264,16.58027],[111.706068,16.578432],[111.704672,16.581824],[111.70264,16.58027]]}},{"type":"Feature","properties":{"kind":"china-outline"},"geometry":{"type":"LineString","coordinates":[[111.709372,16.57746],[111.709884,16.576506],[111.710449,16.578556],[111.709372,16.57746]]}},{"type":"Feature","properties":{"kind":"china-outline"},"geometry":{"type":"LineString","coordinates":[[111.712305,16.452597],[111.715344,16.449523],[111.714283,16.453445],[111.712305,16.452597]]}},{"type":"Feature","properties":{"kind":"china-outline"},"geometry":{"type":"LineString","coordinates":[[111.714654,16.546487],[111.71628,16.545286],[111.715926,16.546628],[111.714654,16.546487]]}},{"type":"Feature","properties":{"kind":"china-outline"},"geometry":{"type":"LineString","coordinates":[[111.739055,16.461643],[111.741352,16.460371],[111.744285,16.466803],[111.739055,16.461643]]}},{"type":"Feature","properties":{"kind":"china-outline"},"geometry":{"type":"LineString","coordinates":[[111.747041,16.543802],[111.752058,16.543166],[111.750645,16.544862],[111.747041,16.543802]]}},{"type":"Feature","properties":{"kind":"china-outline"},"geometry":{"type":"LineString","coordinates":[[111.781265,16.053218],[111.785558,16.052264],[111.788951,16.056257],[111.781265,16.053218]]}},{"type":"Feature","properties":{"kind":"china-outline"},"geometry":{"type":"LineString","coordinates":[[111.86997,8.149523],[111.905708,8.115447],[111.966381,8.099655],[112.020405,8.138719],[112.023729,8.157004],[111.993808,8.201885],[111.948096,8.208534],[111.870801,8.190249],[111.86997,8.149523]]}},{"type":"Feature","properties":{"kind":"china-outline"},"geometry":{"type":"LineString","coordinates":[[111.882509,8.642874],[111.891651,8.642043],[111.895807,8.649939],[111.882509,8.642874]]}},{"type":"Feature","properties":{"kind":"china-outline"},"geometry":{"type":"LineString","coordinates":[[111.95853,16.319377],[112.035576,16.337933],[112.079343,16.329664],[112.093462,16.340152],[112.086806,16.354875],[112.022063,16.36375],[111.983741,16.35064],[111.95853,16.319377]]}},{"type":"Feature","properties":{"kind":"china-outline"},"geometry":{"type":"LineString","coordinates":[[112.024364,3.83769],[112.056226,3.837529],[112.05971,3.874285],[112.025551,3.868023],[112.024364,3.83769]]}},{"type":"Feature","properties":{"kind":"china-outline"},"geometry":{"type":"LineString","coordinates":[[112.18036,8.84816],[112.198089,8.842511],[112.196363,8.857888],[112.213622,8.869655],[112.237314,8.873107],[112.253789,8.860241],[112.264144,8.88456],[112.208288,8.878755],[112.18036,8.84816]]}},{"type":"Feature","properties":{"kind":"china-outline"},"geometry":{"type":"LineString","coordinates":[[112.202677,16.785519],[112.243015,16.760609],[112.25547,16.769668],[112.228437,16.797833],[112.205084,16.801513],[112.202677,16.785519]]}},{"type":"Feature","properties":{"kind":"china-outline"},"geometry":{"type":"LineString","coordinates":[[112.208258,16.977466],[112.216486,16.977322],[112.211001,16.980065],[112.208258,16.977466]]}},{"type":"Feature","properties":{"kind":"china-outline"},"geometry":{"type":"LineString","coordinates":[[112.214721,8.835765],[112.224448,8.833411],[112.228999,8.840629],[112.214721,8.835765]]}},{"type":"Feature","properties":{"kind":"china-outline"},"geometry":{"type":"LineString","coordinates":[[112.216156,16.963073],[112.216185,16.962978],[112.216283,16.963083],[112.216156,16.963073]]}},{"type":"Feature","properties":{"kind":"china-outline"},"geometry":{"type":"LineString","coordinates":[[112.224892,15.704837],[112.260411,15.716744],[112.262631,15.731274],[112.242046,15.731678],[112.224892,15.704837]]}},{"type":"Feature","properties":{"kind":"china-outline"},"geometry":{"type":"LineString","coordinates":[[112.231452,3.904214],[112.232103,3.878929],[112.250519,3.86362],[112.27577,3.866296],[112.286899,3.882329],[112.288119,3.908064],[112.271142,3.923319],[112.251455,3.924338],[112.231452,3.904214]]}},{"type":"Feature","properties":{"kind":"china-outline"},"geometry":{"type":"LineString","coordinates":[[112.252167,3.955592],[112.281789,3.941193],[112.29485,3.949401],[112.299775,3.981093],[112.283731,3.996803],[112.26224,3.988178],[112.252167,3.955592]]}},{"type":"Feature","properties":{"kind":"china-outline"},"geometry":{"type":"LineString","coordinates":[[112.268164,16.977611],[112.271628,16.977466],[112.274226,16.981941],[112.268164,16.977611]]}},{"type":"Feature","properties":{"kind":"china-outline"},"geometry":{"type":"LineString","coordinates":[[112.303674,16.965774],[112.316377,16.96],[112.308726,16.965774],[112.303674,16.965774]]}},{"type":"Feature","properties":{"kind":"china-outline"},"geometry":{"type":"LineString","coordinates":[[112.321718,16.956103],[112.32677,16.953071],[112.325327,16.956103],[112.321718,16.956103]]}},{"type":"Feature","properties":{"kind":"china-outline"},"geometry":{"type":"LineString","coordinates":[[112.325908,16.836842],[112.336102,16.824299],[112.354827,16.842463],[112.325908,16.836842]]}},{"type":"Feature","properties":{"kind":"china-outline"},"geometry":{"type":"LineString","coordinates":[[112.326365,5.622278],[112.337733,5.605212],[112.363501,5.605541],[112.375904,5.639954],[112.357045,5.656138],[112.332759,5.645229],[112.326365,5.622278]]}},{"type":"Feature","properties":{"kind":"china-outline"},"geometry":{"type":"LineString","coordinates":[[112.331317,16.94901],[112.337959,16.943298],[112.334195,16.948744],[112.331317,16.94901]]}},{"type":"Feature","properties":{"kind":"china-outline"},"geometry":{"type":"LineString","coordinates":[[112.340195,16.93794],[112.343006,16.937321],[112.341966,16.939379],[112.340195,16.93794]]}},{"type":"Feature","properties":{"kind":"china-outline"},"geometry":{"type":"LineString","coordinates":[[112.340721,8.9309],[112.348592,8.92732],[112.35325,8.934223],[112.340721,8.9309]]}},{"type":"Feature","properties":{"kind":"china-outline"},"geometry":{"type":"LineString","coordinates":[[112.342209,16.933823],[112.344069,16.931587],[112.34511,16.93535],[112.342209,16.933823]]}},{"type":"Feature","properties":{"kind":"china-outline"},"geometry":{"type":"LineString","coordinates":[[112.344268,16.930126],[112.347323,16.927358],[112.34812,16.930923],[112.344268,16.930126]]}},{"type":"Feature","properties":{"kind":"china-outline"},"geometry":{"type":"LineString","coordinates":[[112.344954,16.921978],[112.34739,16.921956],[112.346593,16.922974],[112.344954,16.921978]]}},{"type":"Feature","properties":{"kind":"china-outline"},"geometry":{"type":"LineString","coordinates":[[112.346172,16.920251],[112.347589,16.918901],[112.349626,16.919432],[112.346172,16.920251]]}},{"type":"Feature","properties":{"kind":"china-outline"},"geometry":{"type":"LineString","coordinates":[[112.384303,16.28035],[112.433314,16.270467],[112.485956,16.300317],[112.533959,16.288418],[112.565625,16.298704],[112.443399,16.312217],[112.384303,16.28035]]}},{"type":"Feature","properties":{"kind":"china-outline"},"geometry":{"type":"LineString","coordinates":[[112.38765,9.462797],[112.398016,9.442107],[112.425073,9.44079],[112.420627,9.473833],[112.394181,9.473967],[112.38765,9.462797]]}},{"type":"Feature","properties":{"kind":"china-outline"},"geometry":{"type":"LineString","coordinates":[[112.431768,21.659931],[112.45099,21.652372],[112.460603,21.669569],[112.453395,21.69116],[112.431768,21.659931]]}},{"type":"Feature","properties":{"kind":"china-outline"},"geometry":{"type":"LineString","coordinates":[[112.439299,5.490412],[112.492656,5.466009],[112.527305,5.469281],[112.533048,5.485111],[112.521887,5.505852],[112.471428,5.518289],[112.441511,5.508558],[112.439299,5.490412]]}},{"type":"Feature","properties":{"kind":"china-outline"},"geometry":{"type":"LineString","coordinates":[[112.440979,16.043159],[112.446828,16.018149],[112.477485,16.014115],[112.547876,16.034688],[112.595475,16.08027],[112.558565,16.081279],[112.440979,16.043159]]}},{"type":"Feature","properties":{"kind":"china-outline"},"geometry":{"type":"LineString","coordinates":[[112.448634,5.755423],[112.454944,5.725053],[112.473693,5.724039],[112.492979,5.778642],[112.484788,5.809941],[112.469338,5.808181],[112.448634,5.755423]]}},{"type":"Feature","properties":{"kind":"china-outline"},"geometry":{"type":"LineString","coordinates":[[112.493016,16.492329],[112.508546,16.481438],[112.521656,16.510885],[112.568852,16.52944],[112.548884,16.532667],[112.493016,16.492329]]}},{"type":"Feature","properties":{"kind":"china-outline"},"geometry":{"type":"LineString","coordinates":[[112.495562,5.030454],[112.515316,5.020011],[112.511226,5.034972],[112.495562,5.030454]]}},{"type":"Feature","properties":{"kind":"china-outline"},"geometry":{"type":"LineString","coordinates":[[112.499385,5.929842],[112.516423,5.906313],[112.538904,5.907578],[112.546312,5.919951],[112.518491,5.944455],[112.499385,5.929842]]}},{"type":"Feature","properties":{"kind":"china-outline"},"geometry":{"type":"LineString","coordinates":[[112.501812,5.983152],[112.520295,5.954099],[112.543605,5.970529],[112.527461,6.00003],[112.501812,5.983152]]}},{"type":"Feature","properties":{"kind":"china-outline"},"geometry":{"type":"LineString","coordinates":[[112.508425,5.780862],[112.536296,5.749464],[112.5621,5.744736],[112.571788,5.765832],[112.56485,5.81827],[112.545437,5.846408],[112.508425,5.780862]]}},{"type":"Feature","properties":{"kind":"china-outline"},"geometry":{"type":"LineString","coordinates":[[112.509487,5.633532],[112.531758,5.598944],[112.551913,5.597922],[112.559465,5.655343],[112.538965,5.704172],[112.512891,5.681321],[112.509487,5.633532]]}},{"type":"Feature","properties":{"kind":"china-outline"},"geometry":{"type":"LineString","coordinates":[[112.528243,21.618795],[112.537645,21.609127],[112.564096,21.624605],[112.614559,21.618889],[112.636406,21.638069],[112.634506,21.677739],[112.664419,21.698989],[112.647051,21.716942],[112.603893,21.703628],[112.586428,21.693222],[112.590108,21.676463],[112.556404,21.662243],[112.56828,21.647471],[112.528243,21.618795]]}},{"type":"Feature","properties":{"kind":"china-outline"},"geometry":{"type":"LineString","coordinates":[[112.528722,4.915369],[112.548476,4.904926],[112.544386,4.919887],[112.528722,4.915369]]}},{"type":"Feature","properties":{"kind":"china-outline"},"geometry":{"type":"LineString","coordinates":[[112.535905,5.543762],[112.543947,5.533149],[112.554215,5.538613],[112.535905,5.543762]]}},{"type":"Feature","properties":{"kind":"china-outline"},"geometry":{"type":"LineString","coordinates":[[112.550235,5.895799],[112.556422,5.882437],[112.56811,5.886055],[112.550235,5.895799]]}},{"type":"Feature","properties":{"kind":"china-outline"},"geometry":{"type":"LineString","coordinates":[[112.552615,8.832471],[112.561141,8.836734],[112.555328,8.837509],[112.552615,8.832471]]}},{"type":"Feature","properties":{"kind":"china-outline"},"geometry":{"type":"LineString","coordinates":[[112.556899,5.101393],[112.56928,5.07375],[112.612791,5.082723],[112.623689,5.130934],[112.59925,5.14117],[112.567504,5.125242],[112.556899,5.101393]]}},{"type":"Feature","properties":{"kind":"china-outline"},"geometry":{"type":"LineString","coordinates":[[112.564774,5.568898],[112.5984,5.519083],[112.604849,5.469406],[112.627849,5.463773],[112.638863,5.495895],[112.608799,5.571433],[112.583833,5.589946],[112.564774,5.568898]]}},{"type":"Feature","properties":{"kind":"china-outline"},"geometry":{"type":"LineString","coordinates":[[112.568504,8.818519],[112.569279,8.815032],[112.575867,8.815807],[112.568504,8.818519]]}},{"type":"Feature","properties":{"kind":"china-outline"},"geometry":{"type":"LineString","coordinates":[[112.573269,5.365392],[112.624466,5.348125],[112.652527,5.355338],[112.668781,5.375481],[112.65832,5.396679],[112.59277,5.390116],[112.573269,5.365392]]}},{"type":"Feature","properties":{"kind":"china-outline"},"geometry":{"type":"LineString","coordinates":[[112.582649,8.815661],[112.590206,8.813094],[112.588075,8.816921],[112.582649,8.815661]]}},{"type":"Feature","properties":{"kind":"china-outline"},"geometry":{"type":"LineString","coordinates":[[112.584031,4.977604],[112.603785,4.967161],[112.599695,4.982122],[112.584031,4.977604]]}},{"type":"Feature","properties":{"kind":"china-outline"},"geometry":{"type":"LineString","coordinates":[[112.605126,8.821862],[112.608614,8.817889],[112.608033,8.823412],[112.605126,8.821862]]}},{"type":"Feature","properties":{"kind":"china-outline"},"geometry":{"type":"LineString","coordinates":[[112.637098,8.82472],[112.64078,8.819052],[112.6464,8.819633],[112.637098,8.82472]]}},{"type":"Feature","properties":{"kind":"china-outline"},"geometry":{"type":"LineString","coordinates":[[112.638086,5.0187],[112.65784,5.008257],[112.65375,5.023218],[112.638086,5.0187]]}},{"type":"Feature","properties":{"kind":"china-outline"},"geometry":{"type":"LineString","coordinates":[[112.640049,16.341665],[112.655176,16.333799],[112.658201,16.347514],[112.640049,16.352556],[112.640049,16.341665]]}},{"type":"Feature","properties":{"kind":"china-outline"},"geometry":{"type":"LineString","coordinates":[[112.642558,16.576869],[112.643453,16.57685],[112.6431,16.577153],[112.642558,16.576869]]}},{"type":"Feature","properties":{"kind":"china-outline"},"geometry":{"type":"LineString","coordinates":[[112.648374,5.08645],[112.657971,5.055144],[112.721716,5.052063],[112.736159,5.063482],[112.732703,5.087862],[112.68701,5.12165],[112.664502,5.124062],[112.648374,5.08645]]}},{"type":"Feature","properties":{"kind":"china-outline"},"geometry":{"type":"LineString","coordinates":[[112.652756,16.412055],[112.664051,16.388457],[112.68785,16.395113],[112.679984,16.418106],[112.652756,16.412055]]}},{"type":"Feature","properties":{"kind":"china-outline"},"geometry":{"type":"LineString","coordinates":[[112.67232,16.327949],[112.697532,16.31968],[112.711045,16.334202],[112.691279,16.362035],[112.69491,16.344085],[112.67232,16.327949]]}},{"type":"Feature","properties":{"kind":"china-outline"},"geometry":{"type":"LineString","coordinates":[[112.708528,21.706359],[112.730958,21.669774],[112.759828,21.68747],[112.783227,21.66652],[112.776419,21.64993],[112.74725,21.649809],[112.727514,21.615732],[112.754989,21.609786],[112.749379,21.593906],[112.771767,21.589931],[112.769355,21.570989],[112.801832,21.582834],[112.78853,21.6232],[112.815394,21.658574],[112.799497,21.680313],[112.803281,21.704414],[112.827385,21.744019],[112.858957,21.74491],[112.871594,21.761115],[112.8311,21.778291],[112.797828,21.764566],[112.767922,21.724091],[112.732015,21.726924],[112.708528,21.706359]]}},{"type":"Feature","properties":{"kind":"china-outline"},"geometry":{"type":"LineString","coordinates":[[112.721175,16.669976],[112.740302,16.660944],[112.732167,16.673983],[112.721175,16.669976]]}},{"type":"Feature","properties":{"kind":"china-outline"},"geometry":{"type":"LineString","coordinates":[[112.818505,8.919252],[112.822768,8.915764],[112.827419,8.919639],[112.818505,8.919252]]}},{"type":"Feature","properties":{"kind":"china-outline"},"geometry":{"type":"LineString","coordinates":[[112.842145,8.916151],[112.847571,8.909563],[112.848733,8.912663],[112.842145,8.916151]]}},{"type":"Feature","properties":{"kind":"china-outline"},"geometry":{"type":"LineString","coordinates":[[112.875127,9.539332],[112.9061,9.557642],[112.89598,9.550486],[112.89782,9.5634],[112.875127,9.539332]]}},{"type":"Feature","properties":{"kind":"china-outline"},"geometry":{"type":"LineString","coordinates":[[112.875754,16.824681],[112.88651,16.814208],[112.898257,16.824681],[112.891464,16.837136],[112.875754,16.824681]]}},{"type":"Feature","properties":{"kind":"china-outline"},"geometry":{"type":"LineString","coordinates":[[112.880936,7.866307],[112.895418,7.858965],[112.901097,7.882655],[112.880936,7.866307]]}},{"type":"Feature","properties":{"kind":"china-outline"},"geometry":{"type":"LineString","coordinates":[[112.905981,5.034812],[112.907566,5.009982],[112.924541,4.995186],[112.953067,5.002856],[112.951515,5.046499],[112.921777,5.053579],[112.905981,5.034812]]}},{"type":"Feature","properties":{"kind":"china-outline"},"geometry":{"type":"LineString","coordinates":[[112.916612,9.588145],[112.916913,9.580032],[112.928332,9.580032],[112.916612,9.588145]]}},{"type":"Feature","properties":{"kind":"china-outline"},"geometry":{"type":"LineString","coordinates":[[112.943552,8.449229],[112.96579,8.440815],[112.974204,8.468763],[112.946256,8.466659],[112.943552,8.449229]]}},{"type":"Feature","properties":{"kind":"china-outline"},"geometry":{"type":"LineString","coordinates":[[112.952073,9.632622],[112.964094,9.636829],[112.962591,9.644041],[112.952073,9.632622]]}},{"type":"Feature","properties":{"kind":"china-outline"},"geometry":{"type":"LineString","coordinates":[[112.974169,9.653303],[112.980179,9.646391],[112.985288,9.650599],[112.974169,9.653303]]}},{"type":"Feature","properties":{"kind":"china-outline"},"geometry":{"type":"LineString","coordinates":[[112.975502,19.497875],[112.988182,19.474066],[113.008774,19.471973],[113.04467,19.501385],[113.011375,19.533255],[112.990814,19.528297],[112.975502,19.497875]]}},{"type":"Feature","properties":{"kind":"china-outline"},"geometry":{"type":"LineString","coordinates":[[112.994569,9.660303],[113.008092,9.653691],[113.009895,9.664811],[112.994569,9.660303]]}},{"type":"Feature","properties":{"kind":"china-outline"},"geometry":{"type":"LineString","coordinates":[[113.006408,21.87351],[113.016715,21.852025],[113.039072,21.857758],[113.033684,21.884001],[113.006408,21.87351]]}},{"type":"Feature","properties":{"kind":"china-outline"},"geometry":{"type":"LineString","coordinates":[[113.027451,9.648706],[113.037368,9.6451],[113.037668,9.651411],[113.027451,9.648706]]}},{"type":"Feature","properties":{"kind":"china-outline"},"geometry":{"type":"LineString","coordinates":[[113.046331,9.657952],[113.048134,9.650739],[113.055647,9.660656],[113.046331,9.657952]]}},{"type":"Feature","properties":{"kind":"china-outline"},"geometry":{"type":"LineString","coordinates":[[113.130707,21.860912],[113.136764,21.836581],[113.156161,21.857553],[113.188239,21.857875],[113.198692,21.869769],[113.139078,21.873208],[113.130707,21.860912]]}},{"type":"Feature","properties":{"kind":"china-outline"},"geometry":{"type":"LineString","coordinates":[[113.217804,8.089921],[113.227252,8.077631],[113.276536,8.111047],[113.279921,8.128246],[113.255353,8.12837],[113.217804,8.089921]]}},{"type":"Feature","properties":{"kind":"china-outline"},"geometry":{"type":"LineString","coordinates":[[113.239258,6.327026],[113.251016,6.309634],[113.262225,6.314634],[113.285494,6.33658],[113.281606,6.355906],[113.239258,6.327026]]}},{"type":"Feature","properties":{"kind":"china-outline"},"geometry":{"type":"LineString","coordinates":[[113.261524,8.137903],[113.330069,8.204124],[113.284546,8.135874],[113.298637,8.128534],[113.360858,8.206646],[113.38376,8.275393],[113.361942,8.326767],[113.34798,8.316126],[113.340383,8.233912],[113.274186,8.166532],[113.261524,8.137903]]}},{"type":"Feature","properties":{"kind":"china-outline"},"geometry":{"type":"LineString","coordinates":[[113.541852,22.163241],[113.550137,22.112289],[113.570039,22.118534],[113.589531,22.147451],[113.573922,22.167167],[113.541852,22.163241]]}},{"type":"Feature","properties":{"kind":"china-outline"},"geometry":{"type":"LineString","coordinates":[[113.602141,6.934621],[113.619488,6.933154],[113.628713,6.953333],[113.602919,6.956681],[113.602141,6.934621]]}},{"type":"Feature","properties":{"kind":"china-outline"},"geometry":{"type":"LineString","coordinates":[[113.6091,22.404957],[113.624026,22.387726],[113.65952,22.417846],[113.652223,22.436348],[113.624043,22.444054],[113.6091,22.404957]]}},{"type":"Feature","properties":{"kind":"china-outline"},"geometry":{"type":"LineString","coordinates":[[113.630183,10.229782],[113.636223,10.225136],[113.644818,10.240468],[113.630183,10.229782]]}},{"type":"Feature","properties":{"kind":"china-outline"},"geometry":{"type":"LineString","coordinates":[[113.64439,9.22492],[113.662756,9.220797],[113.667254,9.233167],[113.650387,9.238039],[113.64439,9.22492]]}},{"type":"Feature","properties":{"kind":"china-outline"},"geometry":{"type":"LineString","coordinates":[[113.648513,8.984846],[113.661257,8.97585],[113.732473,9.002087],[113.737721,9.020829],[113.678498,9.011083],[113.648513,8.984846]]}},{"type":"Feature","properties":{"kind":"china-outline"},"geometry":{"type":"LineString","coordinates":[[113.677612,21.946492],[113.704703,21.958633],[113.689991,21.965274],[113.677612,21.946492]]}},{"type":"Feature","properties":{"kind":"china-outline"},"geometry":{"type":"LineString","coordinates":[[113.690953,22.025086],[113.709328,22.010463],[113.724643,22.019017],[113.711154,22.033012],[113.690953,22.025086]]}},{"type":"Feature","properties":{"kind":"china-outline"},"geometry":{"type":"LineString","coordinates":[[113.705959,15.613441],[113.742948,15.593632],[113.757097,15.627185],[113.705959,15.613441]]}},{"type":"Feature","properties":{"kind":"china-outline"},"geometry":{"type":"LineString","coordinates":[[113.712098,21.940922],[113.725964,21.929527],[113.746379,21.942774],[113.722223,21.957901],[113.712098,21.940922]]}},{"type":"Feature","properties":{"kind":"china-outline"},"geometry":{"type":"LineString","coordinates":[[113.742447,21.995646],[113.747969,21.976294],[113.772783,21.97762],[113.768028,22.00101],[113.742447,21.995646]]}},{"type":"Feature","properties":{"kind":"china-outline"},"geometry":{"type":"LineString","coordinates":[[113.768354,7.623449],[113.78455,7.613434],[113.845233,7.622324],[113.85672,7.641395],[113.840893,7.652143],[113.773104,7.640715],[113.768354,7.623449]]}},{"type":"Feature","properties":{"kind":"china-outline"},"geometry":{"type":"LineString","coordinates":[[113.76882,15.529356],[113.777714,15.512984],[113.796512,15.518441],[113.79065,15.529356],[113.76882,15.529356]]}},{"type":"Feature","properties":{"kind":"china-outline"},"geometry":{"type":"LineString","coordinates":[[113.7834,22.42021],[113.818338,22.400108],[113.810835,22.419894],[113.7834,22.42021]]}},{"type":"Feature","properties":{"kind":"china-outline"},"geometry":{"type":"LineString","coordinates":[[113.794647,19.200794],[113.806374,19.172825],[113.849136,19.154072],[113.910027,19.17403],[113.924942,19.206993],[113.915657,19.225386],[113.845451,19.238001],[113.801895,19.224943],[113.794647,19.200794]]}},{"type":"Feature","properties":{"kind":"china-outline"},"geometry":{"type":"LineString","coordinates":[[113.809992,22.160572],[113.8235,22.120952],[113.831585,22.14048],[113.809992,22.160572]]}},{"type":"Feature","properties":{"kind":"china-outline"},"geometry":{"type":"LineString","coordinates":[[113.819912,22.005644],[113.822748,21.992606],[113.83618,22.000495],[113.819912,22.005644]]}},{"type":"Feature","properties":{"kind":"china-outline"},"geometry":{"type":"LineString","coordinates":[[113.838435,7.399544],[113.844065,7.39878],[113.846283,7.403183],[113.838435,7.399544]]}},{"type":"Feature","properties":{"kind":"china-outline"},"geometry":{"type":"LineString","coordinates":[[113.841942,22.234347],[113.842275,22.208409],[113.868077,22.202698],[113.883453,22.21963],[113.931085,22.209934],[113.927766,22.224033],[113.973009,22.240407],[113.986738,22.212939],[114.010209,22.21986],[114.013829,22.232453],[113.999525,22.239349],[114.002436,22.262807],[114.021808,22.270002],[114.018094,22.310272],[114.055573,22.312441],[114.057359,22.336263],[114.044477,22.34322],[113.932619,22.281374],[113.903971,22.292909],[113.841942,22.234347]]}},{"type":"Feature","properties":{"kind":"china-outline"},"geometry":{"type":"LineString","coordinates":[[113.844073,10.007362],[113.854648,9.998297],[113.868244,10.114998],[113.860313,10.127461],[113.844073,10.007362]]}},{"type":"Feature","properties":{"kind":"china-outline"},"geometry":{"type":"LineString","coordinates":[[113.853309,15.503888],[113.854724,15.476399],[113.866851,15.466495],[113.899192,15.469324],[113.853309,15.503888]]}},{"type":"Feature","properties":{"kind":"china-outline"},"geometry":{"type":"LineString","coordinates":[[113.880891,8.81491],[113.91568,8.800964],[113.924013,8.81341],[113.910514,8.822409],[113.910889,8.842658],[113.884285,8.839601],[113.880891,8.81491]]}},{"type":"Feature","properties":{"kind":"china-outline"},"geometry":{"type":"LineString","coordinates":[[113.882036,22.115961],[113.89877,22.12126],[113.891731,22.127597],[113.882036,22.115961]]}},{"type":"Feature","properties":{"kind":"china-outline"},"geometry":{"type":"LineString","coordinates":[[113.89335,22.311121],[113.895764,22.293608],[113.932489,22.290127],[113.948099,22.313545],[113.934775,22.323001],[113.89335,22.311121]]}},{"type":"Feature","properties":{"kind":"china-outline"},"geometry":{"type":"LineString","coordinates":[[113.893937,15.673876],[113.907479,15.65528],[113.922234,15.671248],[113.916979,15.684184],[113.893937,15.673876]]}},{"type":"Feature","properties":{"kind":"china-outline"},"geometry":{"type":"LineString","coordinates":[[113.911117,15.769482],[113.924053,15.761195],[113.925064,15.775343],[113.913543,15.780194],[113.911117,15.769482]]}},{"type":"Feature","properties":{"kind":"china-outline"},"geometry":{"type":"LineString","coordinates":[[113.912608,22.043288],[113.932501,22.039279],[113.920033,22.050712],[113.912608,22.043288]]}},{"type":"Feature","properties":{"kind":"china-outline"},"geometry":{"type":"LineString","coordinates":[[113.917585,15.840226],[113.952351,15.848917],[113.928702,15.852555],[113.917585,15.840226]]}},{"type":"Feature","properties":{"kind":"china-outline"},"geometry":{"type":"LineString","coordinates":[[113.926638,8.829159],[114.004632,8.792411],[114.014007,8.773288],[113.991883,8.764288],[114.004257,8.748914],[114.045879,8.745914],[114.052254,8.764288],[114.04213,8.786787],[113.984009,8.840783],[113.946886,8.844157],[113.926638,8.829159]]}},{"type":"Feature","properties":{"kind":"china-outline"},"geometry":{"type":"LineString","coordinates":[[113.926957,7.625221],[113.959499,7.581553],[114.012088,7.568779],[114.094433,7.589515],[114.172428,7.589672],[114.257736,7.641662],[114.367996,7.665383],[114.389263,7.680175],[114.390536,7.73774],[114.418381,7.802345],[114.44071,7.825776],[114.527406,7.867274],[114.538727,7.883404],[114.535362,7.908068],[114.500882,7.957538],[114.47251,7.965958],[114.419757,7.949487],[114.277311,7.865138],[114.219141,7.767387],[114.177352,7.738536],[114.093568,7.709163],[114.045331,7.638408],[113.973438,7.627561],[113.954566,7.644578],[113.926957,7.625221]]}},{"type":"Feature","properties":{"kind":"china-outline"},"geometry":{"type":"LineString","coordinates":[[113.93189,7.992271],[113.94019,7.985239],[113.945039,7.988893],[113.93189,7.992271]]}},{"type":"Feature","properties":{"kind":"china-outline"},"geometry":{"type":"LineString","coordinates":[[113.940137,8.798786],[113.940887,8.784912],[113.956261,8.786787],[113.957011,8.797286],[113.940137,8.798786]]}},{"type":"Feature","properties":{"kind":"china-outline"},"geometry":{"type":"LineString","coordinates":[[113.962635,8.779662],[113.97201,8.769538],[113.993008,8.779287],[113.962635,8.779662]]}},{"type":"Feature","properties":{"kind":"china-outline"},"geometry":{"type":"LineString","coordinates":[[113.967308,15.862662],[113.991361,15.87196],[114.002074,15.905917],[113.967308,15.862662]]}},{"type":"Feature","properties":{"kind":"china-outline"},"geometry":{"type":"LineString","coordinates":[[113.980851,15.425665],[114.019457,15.410304],[114.04068,15.422229],[114.03502,15.434761],[113.986712,15.445474],[113.980851,15.425665]]}},{"type":"Feature","properties":{"kind":"china-outline"},"geometry":{"type":"LineString","coordinates":[[114.001749,9.996489],[114.007802,10.000026],[114.002592,10.001544],[114.001749,9.996489]]}},{"type":"Feature","properties":{"kind":"china-outline"},"geometry":{"type":"LineString","coordinates":[[114.003088,21.853754],[114.008658,21.845932],[114.026085,21.874394],[114.003088,21.853754]]}},{"type":"Feature","properties":{"kind":"china-outline"},"geometry":{"type":"LineString","coordinates":[[114.025008,22.098267],[114.049075,22.091258],[114.041736,22.110467],[114.025008,22.098267]]}},{"type":"Feature","properties":{"kind":"china-outline"},"geometry":{"type":"LineString","coordinates":[[114.030523,21.88947],[114.037393,21.88256],[114.071541,21.901549],[114.05615,21.901404],[114.059528,21.913468],[114.030523,21.88947]]}},{"type":"Feature","properties":{"kind":"china-outline"},"geometry":{"type":"LineString","coordinates":[[114.043162,7.939339],[114.046223,7.930862],[114.057454,7.933381],[114.043162,7.939339]]}},{"type":"Feature","properties":{"kind":"china-outline"},"geometry":{"type":"LineString","coordinates":[[114.052201,15.949172],[114.070191,15.940885],[114.078478,15.962715],[114.062308,15.968778],[114.052201,15.949172]]}},{"type":"Feature","properties":{"kind":"china-outline"},"geometry":{"type":"LineString","coordinates":[[114.05544,10.912506],[114.077841,10.90527],[114.103415,10.920336],[114.104505,10.935601],[114.095386,10.946306],[114.075859,10.93917],[114.05544,10.912506]]}},{"type":"Feature","properties":{"kind":"china-outline"},"geometry":{"type":"LineString","coordinates":[[114.079912,22.359578],[114.091986,22.326175],[114.117802,22.331123],[114.107275,22.363093],[114.079912,22.359578]]}},{"type":"Feature","properties":{"kind":"china-outline"},"geometry":{"type":"LineString","coordinates":[[114.088584,15.984544],[114.10051,15.96898],[114.141339,15.970193],[114.105159,15.989799],[114.088584,15.984544]]}},{"type":"Feature","properties":{"kind":"china-outline"},"geometry":{"type":"LineString","coordinates":[[114.104542,22.220216],[114.119642,22.218624],[114.118503,22.18038],[114.12803,22.179049],[114.139653,22.209155],[114.1196,22.239001],[114.104542,22.220216]]}},{"type":"Feature","properties":{"kind":"china-outline"},"geometry":{"type":"LineString","coordinates":[[114.116503,22.274509],[114.172165,22.229759],[114.179344,22.244537],[114.198273,22.233927],[114.212878,22.194246],[114.223097,22.195808],[114.214269,22.219986],[114.229965,22.231536],[114.242341,22.207884],[114.258891,22.209694],[114.257117,22.261951],[114.234388,22.284484],[114.145712,22.290529],[114.116503,22.274509]]}},{"type":"Feature","properties":{"kind":"china-outline"},"geometry":{"type":"LineString","coordinates":[[114.120649,8.101523],[114.145397,8.111273],[114.130773,8.116522],[114.120649,8.101523]]}},{"type":"Feature","properties":{"kind":"china-outline"},"geometry":{"type":"LineString","coordinates":[[114.1213,21.984731],[114.147654,21.980663],[114.165559,22.00121],[114.1213,21.984731]]}},{"type":"Feature","properties":{"kind":"china-outline"},"geometry":{"type":"LineString","coordinates":[[114.157322,8.750716],[114.177748,8.674095],[114.20532,8.698603],[114.196406,8.738746],[114.165891,8.758398],[114.157322,8.750716]]}},{"type":"Feature","properties":{"kind":"china-outline"},"geometry":{"type":"LineString","coordinates":[[114.170124,11.034278],[114.18633,11.027835],[114.192872,11.052566],[114.170124,11.034278]]}},{"type":"Feature","properties":{"kind":"china-outline"},"geometry":{"type":"LineString","coordinates":[[114.174689,15.443048],[114.196317,15.426272],[114.193083,15.439208],[114.174689,15.443048]]}},{"type":"Feature","properties":{"kind":"china-outline"},"geometry":{"type":"LineString","coordinates":[[114.176231,21.993818],[114.214233,21.997315],[114.213376,22.012192],[114.187157,22.012399],[114.176231,21.993818]]}},{"type":"Feature","properties":{"kind":"china-outline"},"geometry":{"type":"LineString","coordinates":[[114.192007,9.375224],[114.213747,9.36323],[114.227241,9.369227],[114.22949,9.393965],[114.201753,9.399963],[114.192007,9.375224]]}},{"type":"Feature","properties":{"kind":"china-outline"},"geometry":{"type":"LineString","coordinates":[[114.199146,16.026788],[114.286061,16.031841],[114.250487,16.042352],[114.205008,16.037501],[114.199146,16.026788]]}},{"type":"Feature","properties":{"kind":"china-outline"},"geometry":{"type":"LineString","coordinates":[[114.203132,11.058216],[114.205709,11.050385],[114.211161,11.054251],[114.203132,11.058216]]}},{"type":"Feature","properties":{"kind":"china-outline"},"geometry":{"type":"LineString","coordinates":[[114.211678,15.42708],[114.224008,15.420006],[114.235731,15.432335],[114.211678,15.42708]]}},{"type":"Feature","properties":{"kind":"china-outline"},"geometry":{"type":"LineString","coordinates":[[114.214779,11.057175],[114.233513,11.061734],[114.215869,11.064559],[114.214779,11.057175]]}},{"type":"Feature","properties":{"kind":"china-outline"},"geometry":{"type":"LineString","coordinates":[[114.216315,10.210818],[114.225038,10.198726],[114.225979,10.216865],[114.216315,10.210818]]}},{"type":"Feature","properties":{"kind":"china-outline"},"geometry":{"type":"LineString","coordinates":[[114.218207,22.024744],[114.303533,22.044377],[114.315883,22.066655],[114.218207,22.024744]]}},{"type":"Feature","properties":{"kind":"china-outline"},"geometry":{"type":"LineString","coordinates":[[114.243128,10.245238],[114.355879,10.309668],[114.357069,10.327906],[114.303146,10.300152],[114.243128,10.245238]]}},{"type":"Feature","properties":{"kind":"china-outline"},"geometry":{"type":"LineString","coordinates":[[114.250264,9.769798],[114.259879,9.760183],[114.266471,9.767419],[114.25418,9.781246],[114.250264,9.769798]]}},{"type":"Feature","properties":{"kind":"china-outline"},"geometry":{"type":"LineString","coordinates":[[114.250711,10.169881],[114.254328,10.156648],[114.256757,10.166263],[114.250711,10.169881]]}},{"type":"Feature","properties":{"kind":"china-outline"},"geometry":{"type":"LineString","coordinates":[[114.251355,11.07918],[114.255468,11.066939],[114.261019,11.074769],[114.251355,11.07918]]}},{"type":"Feature","properties":{"kind":"china-outline"},"geometry":{"type":"LineString","coordinates":[[114.253542,22.161088],[114.274532,22.163328],[114.267313,22.18092],[114.253542,22.161088]]}},{"type":"Feature","properties":{"kind":"china-outline"},"geometry":{"type":"LineString","coordinates":[[114.264231,15.53259],[114.275348,15.522281],[114.281816,15.529962],[114.274944,15.540877],[114.264231,15.53259]]}},{"type":"Feature","properties":{"kind":"china-outline"},"geometry":{"type":"LineString","coordinates":[[114.27108,9.703534],[114.288625,9.70512],[114.293928,9.719468],[114.283569,9.739913],[114.272369,9.732577],[114.27108,9.703534]]}},{"type":"Feature","properties":{"kind":"china-outline"},"geometry":{"type":"LineString","coordinates":[[114.276383,9.860099],[114.278118,9.847907],[114.290056,9.851369],[114.276383,9.860099]]}},{"type":"Feature","properties":{"kind":"china-outline"},"geometry":{"type":"LineString","coordinates":[[114.277746,11.05181],[114.290037,11.052553],[114.284288,11.056184],[114.277746,11.05181]]}},{"type":"Feature","properties":{"kind":"china-outline"},"geometry":{"type":"LineString","coordinates":[[114.289497,16.036086],[114.301423,16.031639],[114.310518,16.04599],[114.293944,16.050033],[114.289497,16.036086]]}},{"type":"Feature","properties":{"kind":"china-outline"},"geometry":{"type":"LineString","coordinates":[[114.296604,11.390474],[114.299181,11.375804],[114.309787,11.37957],[114.306517,11.396359],[114.296604,11.390474]]}},{"type":"Feature","properties":{"kind":"china-outline"},"geometry":{"type":"LineString","coordinates":[[114.302276,22.368488],[114.312325,22.343016],[114.327612,22.350989],[114.317805,22.377902],[114.302276,22.368488]]}},{"type":"Feature","properties":{"kind":"china-outline"},"geometry":{"type":"LineString","coordinates":[[114.302403,9.881955],[114.30441,9.876082],[114.312293,9.876237],[114.302403,9.881955]]}},{"type":"Feature","properties":{"kind":"china-outline"},"geometry":{"type":"LineString","coordinates":[[114.308697,11.05772],[114.344282,11.051872],[114.326043,11.069813],[114.308697,11.05772]]}},{"type":"Feature","properties":{"kind":"china-outline"},"geometry":{"type":"LineString","coordinates":[[114.314645,10.694635],[114.337641,10.709305],[114.371343,10.705736],[114.371144,10.720604],[114.41337,10.74261],[114.443503,10.779285],[114.381651,10.736266],[114.347652,10.732698],[114.314645,10.694635]]}},{"type":"Feature","properties":{"kind":"china-outline"},"geometry":{"type":"LineString","coordinates":[[114.316582,15.740376],[114.332146,15.729865],[114.331135,15.743003],[114.316582,15.740376]]}},{"type":"Feature","properties":{"kind":"china-outline"},"geometry":{"type":"LineString","coordinates":[[114.317916,11.409902],[114.321285,11.405788],[114.325647,11.415056],[114.317916,11.409902]]}},{"type":"Feature","properties":{"kind":"china-outline"},"geometry":{"type":"LineString","coordinates":[[114.327729,11.428537],[114.332387,11.426084],[114.331793,11.430891],[114.327729,11.428537]]}},{"type":"Feature","properties":{"kind":"china-outline"},"geometry":{"type":"LineString","coordinates":[[114.32815,9.885722],[114.331867,9.884306],[114.330864,9.886378],[114.32815,9.885722]]}},{"type":"Feature","properties":{"kind":"china-outline"},"geometry":{"type":"LineString","coordinates":[[114.340618,8.505684],[114.343679,8.497207],[114.35491,8.499726],[114.340618,8.505684]]}},{"type":"Feature","properties":{"kind":"china-outline"},"geometry":{"type":"LineString","coordinates":[[114.35013,11.448708],[114.354728,11.448337],[114.356647,11.451509],[114.35013,11.448708]]}},{"type":"Feature","properties":{"kind":"china-outline"},"geometry":{"type":"LineString","coordinates":[[114.350527,11.400882],[114.355186,11.395529],[114.363611,11.406532],[114.350527,11.400882]]}},{"type":"Feature","properties":{"kind":"china-outline"},"geometry":{"type":"LineString","coordinates":[[114.353494,8.517834],[114.361534,8.512091],[114.361247,8.519844],[114.353494,8.517834]]}},{"type":"Feature","properties":{"kind":"china-outline"},"geometry":{"type":"LineString","coordinates":[[114.35438,16.063777],[114.397028,16.059128],[114.39723,16.071862],[114.385911,16.078734],[114.35438,16.063777]]}},{"type":"Feature","properties":{"kind":"china-outline"},"geometry":{"type":"LineString","coordinates":[[114.360043,10.37499],[114.366486,10.375188],[114.371665,10.379971],[114.360043,10.37499]]}},{"type":"Feature","properties":{"kind":"china-outline"},"geometry":{"type":"LineString","coordinates":[[114.364206,11.093206],[114.372135,11.076256],[114.383634,11.091223],[114.364206,11.093206]]}},{"type":"Feature","properties":{"kind":"china-outline"},"geometry":{"type":"LineString","coordinates":[[114.364899,10.179768],[114.369459,10.17895],[114.367055,10.180536],[114.364899,10.179768]]}},{"type":"Feature","properties":{"kind":"china-outline"},"geometry":{"type":"LineString","coordinates":[[114.366634,9.782065],[114.368938,9.775572],[114.376397,9.780256],[114.366634,9.782065]]}},{"type":"Feature","properties":{"kind":"china-outline"},"geometry":{"type":"LineString","coordinates":[[114.370004,11.413371],[114.374316,11.405441],[114.379917,11.412875],[114.370004,11.413371]]}},{"type":"Feature","properties":{"kind":"china-outline"},"geometry":{"type":"LineString","coordinates":[[114.374662,11.461495],[114.400136,11.455597],[114.394883,11.469772],[114.374662,11.461495]]}},{"type":"Feature","properties":{"kind":"china-outline"},"geometry":{"type":"LineString","coordinates":[[114.380264,10.693941],[114.380362,10.680113],[114.408117,10.678081],[114.380264,10.693941]]}},{"type":"Feature","properties":{"kind":"china-outline"},"geometry":{"type":"LineString","coordinates":[[114.380462,11.435277],[114.383584,11.431659],[114.385517,11.442662],[114.380462,11.435277]]}},{"type":"Feature","properties":{"kind":"china-outline"},"geometry":{"type":"LineString","coordinates":[[114.387995,9.898484],[114.395429,9.891694],[114.401376,9.897393],[114.387995,9.898484]]}},{"type":"Feature","properties":{"kind":"china-outline"},"geometry":{"type":"LineString","coordinates":[[114.393546,10.205565],[114.41674,10.202393],[114.452425,10.230346],[114.425463,10.22876],[114.393546,10.205565]]}},{"type":"Feature","properties":{"kind":"china-outline"},"geometry":{"type":"LineString","coordinates":[[114.394467,10.024611],[114.404392,10.002054],[114.431279,9.993573],[114.460693,10.022626],[114.442467,10.045002],[114.408903,10.041032],[114.394467,10.024611]]}},{"type":"Feature","properties":{"kind":"china-outline"},"geometry":{"type":"LineString","coordinates":[[114.399493,9.797181],[114.407472,9.795595],[114.403953,9.802905],[114.399493,9.797181]]}},{"type":"Feature","properties":{"kind":"china-outline"},"geometry":{"type":"LineString","coordinates":[[114.404709,15.600707],[114.430176,15.588579],[114.424719,15.602122],[114.404709,15.600707]]}},{"type":"Feature","properties":{"kind":"china-outline"},"geometry":{"type":"LineString","coordinates":[[114.407538,16.066607],[114.414815,16.055288],[114.435634,16.057915],[114.440081,16.037096],[114.470399,16.078532],[114.420879,16.077522],[114.407538,16.066607]]}},{"type":"Feature","properties":{"kind":"china-outline"},"geometry":{"type":"LineString","coordinates":[[114.419262,15.848715],[114.43907,15.835577],[114.43523,15.850736],[114.419262,15.848715]]}},{"type":"Feature","properties":{"kind":"china-outline"},"geometry":{"type":"LineString","coordinates":[[114.42296,10.667896],[114.42529,10.666137],[114.424076,10.670424],[114.42296,10.667896]]}},{"type":"Feature","properties":{"kind":"china-outline"},"geometry":{"type":"LineString","coordinates":[[114.430302,9.731875],[114.43053,9.708393],[114.451732,9.702922],[114.461535,9.728455],[114.430302,9.731875]]}},{"type":"Feature","properties":{"kind":"china-outline"},"geometry":{"type":"LineString","coordinates":[[114.449985,15.592217],[114.45524,15.578069],[114.489197,15.577866],[114.484953,15.591611],[114.449985,15.592217]]}},{"type":"Feature","properties":{"kind":"china-outline"},"geometry":{"type":"LineString","coordinates":[[114.452325,10.669656],[114.46868,10.674314],[114.455497,10.684524],[114.452325,10.669656]]}},{"type":"Feature","properties":{"kind":"china-outline"},"geometry":{"type":"LineString","coordinates":[[114.455745,9.910478],[114.457827,9.897294],[114.475768,9.900318],[114.455745,9.910478]]}},{"type":"Feature","properties":{"kind":"china-outline"},"geometry":{"type":"LineString","coordinates":[[114.460478,9.826583],[114.470886,9.829148],[114.464592,9.837573],[114.460478,9.826583]]}},{"type":"Feature","properties":{"kind":"china-outline"},"geometry":{"type":"LineString","coordinates":[[114.466302,10.244619],[114.517449,10.228759],[114.503175,10.24224],[114.466302,10.244619]]}},{"type":"Feature","properties":{"kind":"china-outline"},"geometry":{"type":"LineString","coordinates":[[114.47106,10.802084],[114.482558,10.79792],[114.517846,10.840741],[114.561856,10.864134],[114.56483,10.831622],[114.583465,10.889708],[114.573156,10.896448],[114.47106,10.802084]]}},{"type":"Feature","properties":{"kind":"china-outline"},"geometry":{"type":"LineString","coordinates":[[114.474645,15.904502],[114.488794,15.890959],[114.502942,15.900661],[114.499102,15.912182],[114.474645,15.904502]]}},{"type":"Feature","properties":{"kind":"china-outline"},"geometry":{"type":"LineString","coordinates":[[114.478967,10.376288],[114.481824,10.373695],[114.48008,10.376626],[114.478967,10.376288]]}},{"type":"Feature","properties":{"kind":"china-outline"},"geometry":{"type":"LineString","coordinates":[[114.482527,15.784035],[114.498293,15.791513],[114.486974,15.79596],[114.482527,15.784035]]}},{"type":"Feature","properties":{"kind":"china-outline"},"geometry":{"type":"LineString","coordinates":[[114.488158,9.906612],[114.502729,9.908148],[114.501441,9.922273],[114.488158,9.906612]]}},{"type":"Feature","properties":{"kind":"china-outline"},"geometry":{"type":"LineString","coordinates":[[114.488555,9.855762],[114.492891,9.847758],[114.495419,9.852243],[114.488555,9.855762]]}},{"type":"Feature","properties":{"kind":"china-outline"},"geometry":{"type":"LineString","coordinates":[[114.489399,16.069437],[114.509612,16.055894],[114.540133,16.093894],[114.492027,16.080958],[114.489399,16.069437]]}},{"type":"Feature","properties":{"kind":"china-outline"},"geometry":{"type":"LineString","coordinates":[[114.496435,10.694635],[114.535588,10.701574],[114.55234,10.728138],[114.584753,10.737554],[114.599027,10.768084],[114.578508,10.798714],[114.572561,10.753315],[114.496435,10.694635]]}},{"type":"Feature","properties":{"kind":"china-outline"},"geometry":{"type":"LineString","coordinates":[[114.505306,9.870754],[114.509371,9.862576],[114.516978,9.868028],[114.505306,9.870754]]}},{"type":"Feature","properties":{"kind":"china-outline"},"geometry":{"type":"LineString","coordinates":[[114.515566,9.931987],[114.528501,9.922521],[114.530236,9.936299],[114.517746,9.941057],[114.515566,9.931987]]}},{"type":"Feature","properties":{"kind":"china-outline"},"geometry":{"type":"LineString","coordinates":[[114.517298,8.10696],[114.675633,8.145888],[114.666152,8.160651],[114.633562,8.156034],[114.538497,8.131132],[114.517298,8.10696]]}},{"type":"Feature","properties":{"kind":"china-outline"},"geometry":{"type":"LineString","coordinates":[[114.528501,9.887481],[114.535093,9.88307],[114.535489,9.895064],[114.528501,9.887481]]}},{"type":"Feature","properties":{"kind":"china-outline"},"geometry":{"type":"LineString","coordinates":[[114.533903,10.247196],[114.551349,10.238077],[114.61221,10.26821],[114.581482,10.272572],[114.533903,10.247196]]}},{"type":"Feature","properties":{"kind":"china-outline"},"geometry":{"type":"LineString","coordinates":[[114.541144,15.971001],[114.549431,15.964331],[114.558122,15.974033],[114.552867,15.984544],[114.541144,15.971001]]}},{"type":"Feature","properties":{"kind":"china-outline"},"geometry":{"type":"LineString","coordinates":[[114.545798,10.353877],[114.562649,10.348921],[114.5907,10.414837],[114.568695,10.406114],[114.545798,10.353877]]}},{"type":"Feature","properties":{"kind":"china-outline"},"geometry":{"type":"LineString","coordinates":[[114.548202,9.962864],[114.574073,9.958205],[114.577542,9.968861],[114.548202,9.962864]]}},{"type":"Feature","properties":{"kind":"china-outline"},"geometry":{"type":"LineString","coordinates":[[114.55571,11.329513],[114.576328,11.31861],[114.589808,11.342796],[114.569389,11.350131],[114.55571,11.329513]]}},{"type":"Feature","properties":{"kind":"china-outline"},"geometry":{"type":"LineString","coordinates":[[114.559739,15.896012],[114.577931,15.907938],[114.561356,15.904704],[114.559739,15.896012]]}},{"type":"Feature","properties":{"kind":"china-outline"},"geometry":{"type":"LineString","coordinates":[[114.562673,9.905608],[114.565003,9.901581],[114.565486,9.90562],[114.562673,9.905608]]}},{"type":"Feature","properties":{"kind":"china-outline"},"geometry":{"type":"LineString","coordinates":[[114.564631,10.327089],[114.582473,10.310833],[114.616968,10.312617],[114.637387,10.334226],[114.564631,10.327089]]}},{"type":"Feature","properties":{"kind":"china-outline"},"geometry":{"type":"LineString","coordinates":[[114.567825,15.844066],[114.577325,15.835577],[114.591878,15.85296],[114.567825,15.844066]]}},{"type":"Feature","properties":{"kind":"china-outline"},"geometry":{"type":"LineString","coordinates":[[114.583589,9.978426],[114.5936,9.972107],[114.592286,9.98249],[114.583589,9.978426]]}},{"type":"Feature","properties":{"kind":"china-outline"},"geometry":{"type":"LineString","coordinates":[[114.587431,15.610611],[114.598952,15.605558],[114.622803,15.622738],[114.620781,15.633653],[114.588846,15.623951],[114.587431,15.610611]]}},{"type":"Feature","properties":{"kind":"china-outline"},"geometry":{"type":"LineString","coordinates":[[114.593203,9.913748],[114.593971,9.900119],[114.603214,9.90391],[114.593203,9.913748]]}},{"type":"Feature","properties":{"kind":"china-outline"},"geometry":{"type":"LineString","coordinates":[[114.593972,11.320791],[114.59754,11.310878],[114.634215,11.316033],[114.640361,11.332091],[114.60547,11.33665],[114.593972,11.320791]]}},{"type":"Feature","properties":{"kind":"china-outline"},"geometry":{"type":"LineString","coordinates":[[114.603685,11.423085],[114.624303,11.404053],[114.639171,11.427843],[114.633422,11.483351],[114.646704,11.522802],[114.635603,11.528155],[114.60884,11.513088],[114.603685,11.423085]]}},{"type":"Feature","properties":{"kind":"china-outline"},"geometry":{"type":"LineString","coordinates":[[114.604677,11.360836],[114.608245,11.345769],[114.623906,11.34458],[114.639171,11.358457],[114.629457,11.373722],[114.604677,11.360836]]}},{"type":"Feature","properties":{"kind":"china-outline"},"geometry":{"type":"LineString","coordinates":[[114.607421,9.997383],[114.633856,9.989441],[114.657918,9.997563],[114.657583,9.955764],[114.670395,10.006452],[114.607421,9.997383]]}},{"type":"Feature","properties":{"kind":"china-outline"},"geometry":{"type":"LineString","coordinates":[[114.611484,16.137958],[114.656558,16.155745],[114.670505,16.176564],[114.611484,16.137958]]}},{"type":"Feature","properties":{"kind":"china-outline"},"geometry":{"type":"LineString","coordinates":[[114.63279,8.838805],[114.681263,8.876818],[114.634099,8.865285],[114.63279,8.838805]]}},{"type":"Feature","properties":{"kind":"china-outline"},"geometry":{"type":"LineString","coordinates":[[114.636396,10.296956],[114.644524,10.289224],[114.685957,10.298938],[114.711729,10.319754],[114.706178,10.344931],[114.723624,10.374668],[114.647101,10.320547],[114.650075,10.30548],[114.636396,10.296956]]}},{"type":"Feature","properties":{"kind":"china-outline"},"geometry":{"type":"LineString","coordinates":[[114.638973,15.891161],[114.646653,15.881055],[114.65959,15.904704],[114.638973,15.891161]]}},{"type":"Feature","properties":{"kind":"china-outline"},"geometry":{"type":"LineString","coordinates":[[114.639175,15.966555],[114.669494,15.968778],[114.667877,15.982118],[114.651909,15.984544],[114.639175,15.966555]]}},{"type":"Feature","properties":{"kind":"china-outline"},"geometry":{"type":"LineString","coordinates":[[114.645615,7.572527],[114.662354,7.554414],[114.68675,7.552558],[114.702583,7.562184],[114.705185,7.593373],[114.671804,7.616076],[114.648252,7.598861],[114.645615,7.572527]]}},{"type":"Feature","properties":{"kind":"china-outline"},"geometry":{"type":"LineString","coordinates":[[114.648289,10.963158],[114.659688,10.957409],[114.672079,10.967916],[114.648289,10.963158]]}},{"type":"Feature","properties":{"kind":"china-outline"},"geometry":{"type":"LineString","coordinates":[[114.662563,11.00023],[114.67079,11.001816],[114.67426,11.02392],[114.662563,11.00023]]}},{"type":"Feature","properties":{"kind":"china-outline"},"geometry":{"type":"LineString","coordinates":[[114.679398,15.686003],[114.700419,15.668419],[114.697792,15.690046],[114.679398,15.686003]]}},{"type":"Feature","properties":{"kind":"china-outline"},"geometry":{"type":"LineString","coordinates":[[114.681595,11.4891],[114.708358,11.427843],[114.725209,11.426257],[114.735716,11.442116],[114.719064,11.467294],[114.721443,11.501193],[114.689525,11.507141],[114.681595,11.4891]]}},{"type":"Feature","properties":{"kind":"china-outline"},"geometry":{"type":"LineString","coordinates":[[114.681793,10.992697],[114.689128,10.984767],[114.706375,11.001618],[114.681793,10.992697]]}},{"type":"Feature","properties":{"kind":"china-outline"},"geometry":{"type":"LineString","coordinates":[[114.685664,16.178181],[114.798248,16.185255],[114.811791,16.16484],[114.81644,16.198595],[114.831801,16.200617],[114.798653,16.218808],[114.685664,16.178181]]}},{"type":"Feature","properties":{"kind":"china-outline"},"geometry":{"type":"LineString","coordinates":[[114.688936,8.173044],[114.760719,8.150608],[114.768161,8.158664],[114.705333,8.187308],[114.688936,8.173044]]}},{"type":"Feature","properties":{"kind":"china-outline"},"geometry":{"type":"LineString","coordinates":[[114.690313,15.854375],[114.708707,15.869332],[114.691122,15.865289],[114.690313,15.854375]]}},{"type":"Feature","properties":{"kind":"china-outline"},"geometry":{"type":"LineString","coordinates":[[114.696319,9.725451],[114.718262,9.711015],[114.725191,9.73007],[114.706713,9.738732],[114.696319,9.725451]]}},{"type":"Feature","properties":{"kind":"china-outline"},"geometry":{"type":"LineString","coordinates":[[114.716883,11.07477],[114.736806,11.094],[114.740077,11.116897],[114.716883,11.07477]]}},{"type":"Feature","properties":{"kind":"china-outline"},"geometry":{"type":"LineString","coordinates":[[114.718417,11.014928],[114.746524,11.027866],[114.779825,11.072985],[114.718417,11.014928]]}},{"type":"Feature","properties":{"kind":"china-outline"},"geometry":{"type":"LineString","coordinates":[[114.721643,15.774535],[114.734579,15.761195],[114.741451,15.776758],[114.731143,15.786258],[114.721643,15.774535]]}},{"type":"Feature","properties":{"kind":"china-outline"},"geometry":{"type":"LineString","coordinates":[[114.744934,11.132063],[114.76347,11.135334],[114.768723,11.149508],[114.744934,11.132063]]}},{"type":"Feature","properties":{"kind":"china-outline"},"geometry":{"type":"LineString","coordinates":[[114.750748,16.065798],[114.77177,16.053671],[114.77844,16.074894],[114.765706,16.080351],[114.750748,16.065798]]}},{"type":"Feature","properties":{"kind":"china-outline"},"geometry":{"type":"LineString","coordinates":[[114.764493,16.003139],[114.779046,15.992629],[114.795216,16.004554],[114.791578,16.017895],[114.778035,16.023958],[114.764493,16.003139]]}},{"type":"Feature","properties":{"kind":"china-outline"},"geometry":{"type":"LineString","coordinates":[[114.772445,8.138612],[114.793883,8.127632],[114.789843,8.11588],[114.804087,8.116544],[114.797532,8.141593],[114.772445,8.138612]]}},{"type":"Feature","properties":{"kind":"china-outline"},"geometry":{"type":"LineString","coordinates":[[114.7746,15.868321],[114.781876,15.829311],[114.792387,15.824864],[114.814621,15.879236],[114.78794,15.892374],[114.7746,15.868321]]}},{"type":"Feature","properties":{"kind":"china-outline"},"geometry":{"type":"LineString","coordinates":[[114.780123,11.145344],[114.803417,11.140091],[114.806787,11.152184],[114.788351,11.158428],[114.780123,11.145344]]}},{"type":"Feature","properties":{"kind":"china-outline"},"geometry":{"type":"LineString","coordinates":[[114.790431,11.051972],[114.823141,11.059009],[114.821556,11.074869],[114.803714,11.077446],[114.790431,11.051972]]}},{"type":"Feature","properties":{"kind":"china-outline"},"geometry":{"type":"LineString","coordinates":[[114.798262,11.099551],[114.810157,11.108472],[114.809661,11.128098],[114.798262,11.099551]]}},{"type":"Feature","properties":{"kind":"china-outline"},"geometry":{"type":"LineString","coordinates":[[114.814418,16.046192],[114.825535,16.040128],[114.833014,16.051043],[114.822503,16.059937],[114.814418,16.046192]]}},{"type":"Feature","properties":{"kind":"china-outline"},"geometry":{"type":"LineString","coordinates":[[114.834631,15.906321],[114.857673,15.913598],[114.854641,15.92714],[114.834631,15.906321]]}},{"type":"Feature","properties":{"kind":"china-outline"},"geometry":{"type":"LineString","coordinates":[[114.839259,7.188243],[114.84297,7.16361],[114.855346,7.162508],[114.885169,7.192171],[114.859623,7.206514],[114.839259,7.188243]]}},{"type":"Feature","properties":{"kind":"china-outline"},"geometry":{"type":"LineString","coordinates":[[114.863857,7.984665],[114.882396,7.962037],[114.910923,7.975413],[114.893354,8.010516],[114.873953,8.005761],[114.863857,7.984665]]}},{"type":"Feature","properties":{"kind":"china-outline"},"geometry":{"type":"LineString","coordinates":[[114.870547,10.847459],[114.880071,10.853034],[114.870547,10.852337],[114.870547,10.847459]]}},{"type":"Feature","properties":{"kind":"china-outline"},"geometry":{"type":"LineString","coordinates":[[114.878897,16.063171],[114.921545,16.035682],[114.926194,15.999905],[114.93812,16.04983],[114.910226,16.070649],[114.878897,16.063171]]}},{"type":"Feature","properties":{"kind":"china-outline"},"geometry":{"type":"LineString","coordinates":[[114.898656,10.86279],[114.925138,10.866739],[114.933965,10.905533],[114.898656,10.86279]]}},{"type":"Feature","properties":{"kind":"china-outline"},"geometry":{"type":"LineString","coordinates":[[115.007474,7.503552],[115.030963,7.480552],[115.047798,7.498148],[115.029573,7.526321],[115.011948,7.52017],[115.007474,7.503552]]}},{"type":"Feature","properties":{"kind":"china-outline"},"geometry":{"type":"LineString","coordinates":[[115.021891,11.0815],[115.023168,11.078945],[115.027001,11.084404],[115.021891,11.0815]]}},{"type":"Feature","properties":{"kind":"china-outline"},"geometry":{"type":"LineString","coordinates":[[115.076258,10.344875],[115.085833,10.338491],[115.085149,10.348978],[115.076258,10.344875]]}},{"type":"Feature","properties":{"kind":"china-outline"},"geometry":{"type":"LineString","coordinates":[[115.131926,10.539036],[115.149262,10.537606],[115.142798,10.548822],[115.131926,10.539036]]}},{"type":"Feature","properties":{"kind":"china-outline"},"geometry":{"type":"LineString","coordinates":[[115.16898,8.384794],[115.191103,8.354421],[115.261973,8.346172],[115.275848,8.356671],[115.261224,8.368295],[115.210977,8.370545],[115.192978,8.388919],[115.16898,8.384794]]}},{"type":"Feature","properties":{"kind":"china-outline"},"geometry":{"type":"LineString","coordinates":[[115.174759,9.995687],[115.186094,10.004576],[115.176942,10.009095],[115.174759,9.995687]]}},{"type":"Feature","properties":{"kind":"china-outline"},"geometry":{"type":"LineString","coordinates":[[115.236215,8.48935],[115.239965,8.473602],[115.264713,8.469102],[115.275962,8.487851],[115.257214,8.514099],[115.236215,8.48935]]}},{"type":"Feature","properties":{"kind":"china-outline"},"geometry":{"type":"LineString","coordinates":[[115.278912,10.198056],[115.287347,10.175715],[115.326103,10.200792],[115.303534,10.199424],[115.28142,10.216978],[115.278912,10.198056]]}},{"type":"Feature","properties":{"kind":"china-outline"},"geometry":{"type":"LineString","coordinates":[[115.357582,13.950356],[115.393135,13.926517],[115.434021,13.944966],[115.434128,13.962392],[115.418922,13.978658],[115.394707,13.978788],[115.357582,13.950356]]}},{"type":"Feature","properties":{"kind":"china-outline"},"geometry":{"type":"LineString","coordinates":[[115.358476,10.245134],[115.375118,10.256988],[115.360755,10.254481],[115.358476,10.245134]]}},{"type":"Feature","properties":{"kind":"china-outline"},"geometry":{"type":"LineString","coordinates":[[115.394339,7.993695],[115.403434,7.980405],[115.428891,7.986162],[115.433274,8.002327],[115.417924,8.050964],[115.404382,8.056918],[115.395414,8.052549],[115.394339,7.993695]]}},{"type":"Feature","properties":{"kind":"china-outline"},"geometry":{"type":"LineString","coordinates":[[115.4054,8.320616],[115.429398,8.333365],[115.427898,8.346114],[115.4054,8.320616]]}},{"type":"Feature","properties":{"kind":"china-outline"},"geometry":{"type":"LineString","coordinates":[[115.427759,9.380762],[115.439011,9.350756],[115.456694,9.356114],[115.451871,9.415591],[115.427759,9.380762]]}},{"type":"Feature","properties":{"kind":"china-outline"},"geometry":{"type":"LineString","coordinates":[[115.501754,9.891166],[115.556138,9.876728],[115.583665,9.903215],[115.578907,9.9225],[115.506649,9.933063],[115.501754,9.891166]]}},{"type":"Feature","properties":{"kind":"china-outline"},"geometry":{"type":"LineString","coordinates":[[115.508911,8.477406],[115.51119,8.450151],[115.539616,8.455456],[115.534555,8.483406],[115.508911,8.477406]]}},{"type":"Feature","properties":{"kind":"china-outline"},"geometry":{"type":"LineString","coordinates":[[115.695534,10.491451],[115.715892,10.503561],[115.71326,10.516372],[115.695534,10.491451]]}},{"type":"Feature","properties":{"kind":"china-outline"},"geometry":{"type":"LineString","coordinates":[[115.722854,10.52521],[115.742053,10.540194],[115.724961,10.538321],[115.722854,10.52521]]}},{"type":"Feature","properties":{"kind":"china-outline"},"geometry":{"type":"LineString","coordinates":[[115.722913,10.466179],[115.727125,10.460738],[115.727827,10.465828],[115.722913,10.466179]]}},{"type":"Feature","properties":{"kind":"china-outline"},"geometry":{"type":"LineString","coordinates":[[115.762752,10.458105],[115.780653,10.456175],[115.786796,10.474427],[115.762752,10.458105]]}},{"type":"Feature","properties":{"kind":"china-outline"},"geometry":{"type":"LineString","coordinates":[[115.779981,10.541131],[115.796604,10.530829],[115.795902,10.541131],[115.779981,10.541131]]}},{"type":"Feature","properties":{"kind":"china-outline"},"geometry":{"type":"LineString","coordinates":[[115.802222,10.733193],[115.803714,10.731115],[115.804592,10.733428],[115.802222,10.733193]]}},{"type":"Feature","properties":{"kind":"china-outline"},"geometry":{"type":"LineString","coordinates":[[115.818614,10.814972],[115.829787,10.821155],[115.823387,10.822674],[115.818614,10.814972]]}},{"type":"Feature","properties":{"kind":"china-outline"},"geometry":{"type":"LineString","coordinates":[[115.840092,10.845237],[115.846818,10.828098],[115.861787,10.827013],[115.85658,10.846538],[115.840092,10.845237]]}},{"type":"Feature","properties":{"kind":"china-outline"},"geometry":{"type":"LineString","coordinates":[[115.840881,9.767092],[115.844632,9.657784],[115.890177,9.77888],[115.88589,9.795491],[115.855884,9.794419],[115.840881,9.767092]]}},{"type":"Feature","properties":{"kind":"china-outline"},"geometry":{"type":"LineString","coordinates":[[115.895534,9.324501],[115.961977,9.330931],[115.92554,9.336289],[115.895534,9.324501]]}},{"type":"Feature","properties":{"kind":"china-outline"},"geometry":{"type":"LineString","coordinates":[[115.901185,20.967734],[115.944162,20.904627],[115.974894,20.895727],[115.994945,20.903877],[115.985652,20.944072],[115.929955,20.983945],[115.904181,20.981549],[115.901185,20.967734]]}},{"type":"Feature","properties":{"kind":"china-outline"},"geometry":{"type":"LineString","coordinates":[[115.913637,10.888572],[115.940105,10.876422],[115.952254,10.904626],[115.930993,10.91287],[115.913637,10.888572]]}},{"type":"Feature","properties":{"kind":"china-outline"},"geometry":{"type":"LineString","coordinates":[[115.915872,21.089696],[115.99909,21.01181],[116.027764,21.001122],[116.068684,21.022034],[116.068783,21.067949],[116.049689,21.100119],[115.966514,21.120027],[115.918354,21.103065],[115.915872,21.089696]]}},{"type":"Feature","properties":{"kind":"china-outline"},"geometry":{"type":"LineString","coordinates":[[115.959635,8.456054],[115.972221,8.44373],[115.973521,8.455984],[115.959635,8.456054]]}},{"type":"Feature","properties":{"kind":"china-outline"},"geometry":{"type":"LineString","coordinates":[[115.997924,10.480395],[116.001434,10.450209],[116.03513,10.425638],[116.081463,10.422128],[116.100417,10.439679],[116.093397,10.474779],[116.064615,10.502859],[116.033726,10.512687],[116.011262,10.503561],[115.997924,10.480395]]}},{"type":"Feature","properties":{"kind":"china-outline"},"geometry":{"type":"LineString","coordinates":[[116.088231,10.80374],[116.094484,10.802424],[116.089218,10.816492],[116.088231,10.80374]]}},{"type":"Feature","properties":{"kind":"china-outline"},"geometry":{"type":"LineString","coordinates":[[116.134671,10.139378],[116.160583,10.127649],[116.161128,10.144287],[116.137125,10.153016],[116.134671,10.139378]]}},{"type":"Feature","properties":{"kind":"china-outline"},"geometry":{"type":"LineString","coordinates":[[116.160598,10.63826],[116.163951,10.608813],[116.175612,10.629513],[116.164971,10.662604],[116.160598,10.63826]]}},{"type":"Feature","properties":{"kind":"china-outline"},"geometry":{"type":"LineString","coordinates":[[116.181129,9.604202],[116.199883,9.592414],[116.206849,9.60956],[116.190238,9.618669],[116.181129,9.604202]]}},{"type":"Feature","properties":{"kind":"china-outline"},"geometry":{"type":"LineString","coordinates":[[116.19695,10.749018],[116.203203,10.747702],[116.197937,10.76177],[116.19695,10.749018]]}},{"type":"Feature","properties":{"kind":"china-outline"},"geometry":{"type":"LineString","coordinates":[[116.253023,8.880254],[116.27833,8.884894],[116.296458,8.922263],[116.26626,8.922075],[116.253023,8.880254]]}},{"type":"Feature","properties":{"kind":"china-outline"},"geometry":{"type":"LineString","coordinates":[[116.432431,9.516862],[116.442612,9.506682],[116.446898,9.51847],[116.439397,9.526507],[116.432431,9.516862]]}},{"type":"Feature","properties":{"kind":"china-outline"},"geometry":{"type":"LineString","coordinates":[[116.439774,10.901232],[116.450881,10.895637],[116.452279,10.903371],[116.439774,10.901232]]}},{"type":"Feature","properties":{"kind":"china-outline"},"geometry":{"type":"LineString","coordinates":[[116.442287,9.797028],[116.449593,9.782146],[116.459063,9.785393],[116.451216,9.810827],[116.442287,9.797028]]}},{"type":"Feature","properties":{"kind":"china-outline"},"geometry":{"type":"LineString","coordinates":[[116.450941,9.173396],[116.471838,9.178219],[116.454692,9.183577],[116.450941,9.173396]]}},{"type":"Feature","properties":{"kind":"china-outline"},"geometry":{"type":"LineString","coordinates":[[116.461498,9.791616],[116.481791,9.765506],[116.527247,9.761718],[116.519671,9.786611],[116.489908,9.803386],[116.469885,9.804469],[116.461498,9.791616]]}},{"type":"Feature","properties":{"kind":"china-outline"},"geometry":{"type":"LineString","coordinates":[[116.486908,10.379052],[116.48761,10.333422],[116.50867,10.30815],[116.560618,10.30464],[116.642753,10.32921],[116.682768,10.369926],[116.663111,10.383967],[116.613971,10.360098],[116.551492,10.351674],[116.528326,10.372032],[116.555704,10.419769],[116.54728,10.445041],[116.52271,10.431703],[116.486908,10.379052]]}},{"type":"Feature","properties":{"kind":"china-outline"},"geometry":{"type":"LineString","coordinates":[[116.488285,9.817321],[116.501814,9.804063],[116.506684,9.811368],[116.499108,9.82625],[116.488285,9.817321]]}},{"type":"Feature","properties":{"kind":"china-outline"},"geometry":{"type":"LineString","coordinates":[[116.555658,9.761041],[116.568916,9.758065],[116.571892,9.767535],[116.555658,9.761041]]}},{"type":"Feature","properties":{"kind":"china-outline"},"geometry":{"type":"LineString","coordinates":[[116.582174,9.754007],[116.591373,9.747783],[116.596244,9.757795],[116.588126,9.764829],[116.582174,9.754007]]}},{"type":"Feature","properties":{"kind":"china-outline"},"geometry":{"type":"LineString","coordinates":[[116.588847,10.403669],[116.596042,10.397176],[116.600254,10.403318],[116.588847,10.403669]]}},{"type":"Feature","properties":{"kind":"china-outline"},"geometry":{"type":"LineString","coordinates":[[116.59598,9.020515],[116.60253,9.020515],[116.603202,9.030759],[116.59598,9.020515]]}},{"type":"Feature","properties":{"kind":"china-outline"},"geometry":{"type":"LineString","coordinates":[[116.612749,9.852901],[116.620325,9.848031],[116.619243,9.867107],[116.612749,9.852901]]}},{"type":"Feature","properties":{"kind":"china-outline"},"geometry":{"type":"LineString","coordinates":[[116.626819,9.737502],[116.640618,9.73669],[116.633583,9.745078],[116.626819,9.737502]]}},{"type":"Feature","properties":{"kind":"china-outline"},"geometry":{"type":"LineString","coordinates":[[116.649066,10.498907],[116.660298,10.489781],[116.750155,10.495046],[116.76595,10.515053],[116.717863,10.569459],[116.672934,10.541378],[116.649066,10.498907]]}},{"type":"Feature","properties":{"kind":"china-outline"},"geometry":{"type":"LineString","coordinates":[[116.649429,9.056844],[116.651037,9.043449],[116.679436,9.03434],[116.663897,9.060595],[116.649429,9.056844]]}},{"type":"Feature","properties":{"kind":"china-outline"},"geometry":{"type":"LineString","coordinates":[[116.675018,10.413936],[116.682213,10.407443],[116.686425,10.413585],[116.675018,10.413936]]}},{"type":"Feature","properties":{"kind":"china-outline"},"geometry":{"type":"LineString","coordinates":[[116.675079,20.675016],[116.716905,20.670388],[116.698769,20.676089],[116.712278,20.685383],[116.694487,20.704059],[116.714447,20.723344],[116.729905,20.717268],[116.728785,20.727509],[116.713921,20.732638],[116.683659,20.714157],[116.675079,20.675016]]}},{"type":"Feature","properties":{"kind":"china-outline"},"geometry":{"type":"LineString","coordinates":[[116.6894,16.334364],[116.709419,16.298792],[116.731682,16.30262],[116.749062,16.353458],[116.72049,16.376366],[116.6894,16.334364]]}},{"type":"Feature","properties":{"kind":"china-outline"},"geometry":{"type":"LineString","coordinates":[[116.704358,10.940064],[116.715465,10.934469],[116.716863,10.942203],[116.704358,10.940064]]}},{"type":"Feature","properties":{"kind":"china-outline"},"geometry":{"type":"LineString","coordinates":[[116.70437,10.863963],[116.715477,10.858368],[116.716875,10.866102],[116.70437,10.863963]]}},{"type":"Feature","properties":{"kind":"china-outline"},"geometry":{"type":"LineString","coordinates":[[116.71072,20.704068],[116.734183,20.698439],[116.722586,20.707372],[116.71072,20.704068]]}},{"type":"Feature","properties":{"kind":"china-outline"},"geometry":{"type":"LineString","coordinates":[[116.74966,9.779846],[116.757236,9.774976],[116.756154,9.794052],[116.74966,9.779846]]}},{"type":"Feature","properties":{"kind":"china-outline"},"geometry":{"type":"LineString","coordinates":[[116.764589,20.590892],[116.766538,20.575521],[116.794169,20.554665],[116.869012,20.567499],[116.90182,20.588678],[116.932298,20.641475],[116.931515,20.693448],[116.913107,20.732553],[116.86816,20.763722],[116.807234,20.762487],[116.773727,20.744113],[116.771114,20.733068],[116.800539,20.718645],[116.81391,20.69223],[116.868548,20.718718],[116.891507,20.685029],[116.88704,20.630446],[116.864996,20.609839],[116.764589,20.590892]]}},{"type":"Feature","properties":{"kind":"china-outline"},"geometry":{"type":"LineString","coordinates":[[116.81809,11.919853],[116.829197,11.914258],[116.830595,11.921992],[116.81809,11.919853]]}},{"type":"Feature","properties":{"kind":"china-outline"},"geometry":{"type":"LineString","coordinates":[[116.847032,10.494958],[116.848085,10.481795],[116.869497,10.47653],[116.896524,10.496186],[116.896875,10.513386],[116.870374,10.521108],[116.847032,10.494958]]}},{"type":"Feature","properties":{"kind":"china-outline"},"geometry":{"type":"LineString","coordinates":[[116.86957,10.827106],[116.880677,10.821511],[116.882075,10.829245],[116.86957,10.827106]]}},{"type":"Feature","properties":{"kind":"china-outline"},"geometry":{"type":"LineString","coordinates":[[116.918523,23.558249],[116.923807,23.539572],[116.959741,23.543154],[116.971782,23.601543],[116.918523,23.558249]]}},{"type":"Feature","properties":{"kind":"china-outline"},"geometry":{"type":"LineString","coordinates":[[116.919629,9.455213],[116.925902,9.448667],[116.930812,9.465851],[116.919629,9.455213]]}},{"type":"Feature","properties":{"kind":"china-outline"},"geometry":{"type":"LineString","coordinates":[[116.932033,23.535328],[116.940063,23.521063],[116.989306,23.508581],[116.99466,23.534834],[117.018906,23.5564],[117.011478,23.569864],[116.932033,23.535328]]}},{"type":"Feature","properties":{"kind":"china-outline"},"geometry":{"type":"LineString","coordinates":[[116.943964,23.439753],[116.945808,23.423119],[117.024065,23.417693],[117.046387,23.403606],[117.082083,23.412623],[117.117575,23.394508],[117.137103,23.403458],[117.130891,23.441585],[117.146839,23.446144],[117.138436,23.461714],[117.120125,23.463858],[117.120037,23.486148],[117.087952,23.460321],[117.071264,23.476408],[117.045389,23.467989],[117.021622,23.440847],[116.978035,23.463763],[116.943964,23.439753]]}},{"type":"Feature","properties":{"kind":"china-outline"},"geometry":{"type":"LineString","coordinates":[[116.957598,10.553576],[116.983923,10.54445],[116.998666,10.559192],[116.983923,10.582358],[116.963565,10.57955],[116.957598,10.553576]]}},{"type":"Feature","properties":{"kind":"china-outline"},"geometry":{"type":"LineString","coordinates":[[117.017071,10.599003],[117.024969,10.590754],[117.029707,10.598301],[117.017071,10.599003]]}},{"type":"Feature","properties":{"kind":"china-outline"},"geometry":{"type":"LineString","coordinates":[[117.062701,10.599003],[117.070599,10.590754],[117.075337,10.598301],[117.062701,10.599003]]}},{"type":"Feature","properties":{"kind":"china-outline"},"geometry":{"type":"LineString","coordinates":[[117.18178,10.619133],[117.198132,10.592249],[117.228341,10.586706],[117.238041,10.607492],[117.209218,10.642967],[117.187323,10.637701],[117.18178,10.619133]]}},{"type":"Feature","properties":{"kind":"china-outline"},"geometry":{"type":"LineString","coordinates":[[117.184278,10.751203],[117.188989,10.728754],[117.221693,10.722102],[117.235273,10.731525],[117.227236,10.756746],[117.19675,10.762012],[117.184278,10.751203]]}},{"type":"Feature","properties":{"kind":"china-outline"},"geometry":{"type":"LineString","coordinates":[[117.256095,11.107084],[117.29739,11.023109],[117.31679,11.020337],[117.344782,11.042786],[117.355314,11.077152],[117.317344,11.142005],[117.262192,11.122882],[117.256095,11.107084]]}},{"type":"Feature","properties":{"kind":"china-outline"},"geometry":{"type":"LineString","coordinates":[[117.290703,10.704504],[117.305392,10.686213],[117.392138,10.67679],[117.428722,10.652124],[117.449508,10.659884],[117.439253,10.745522],[117.380775,10.774345],[117.341975,10.767971],[117.290703,10.704504]]}},{"type":"Feature","properties":{"kind":"china-outline"},"geometry":{"type":"LineString","coordinates":[[117.298002,10.341193],[117.308532,10.327153],[117.328188,10.327153],[117.338718,10.338385],[117.337314,10.372783],[117.312042,10.383313],[117.298002,10.341193]]}},{"type":"Feature","properties":{"kind":"china-outline"},"geometry":{"type":"LineString","coordinates":[[117.319828,23.583983],[117.325182,23.5732],[117.425425,23.589574],[117.414892,23.629173],[117.423829,23.653703],[117.444033,23.664961],[117.469218,23.656583],[117.486803,23.722211],[117.513514,23.714134],[117.52591,23.736312],[117.489949,23.763205],[117.441105,23.738928],[117.386435,23.783521],[117.350859,23.752162],[117.362287,23.720594],[117.340599,23.685644],[117.361667,23.671837],[117.372742,23.636336],[117.319828,23.583983]]}},{"type":"Feature","properties":{"kind":"china-outline"},"geometry":{"type":"LineString","coordinates":[[117.373958,10.116304],[117.404759,10.106722],[117.413656,10.133416],[117.38354,10.151896],[117.373958,10.116304]]}},{"type":"Feature","properties":{"kind":"china-outline"},"geometry":{"type":"LineString","coordinates":[[117.461877,11.087823],[117.508576,11.087961],[117.514951,11.104729],[117.48488,11.110965],[117.461877,11.087823]]}},{"type":"Feature","properties":{"kind":"china-outline"},"geometry":{"type":"LineString","coordinates":[[117.654335,11.045781],[117.68268,11.036923],[117.694194,11.066153],[117.675208,11.075094],[117.654335,11.045781]]}},{"type":"Feature","properties":{"kind":"china-outline"},"geometry":{"type":"LineString","coordinates":[[117.661554,10.641446],[117.705343,10.653086],[117.708946,10.666112],[117.686497,10.677752],[117.661554,10.659183],[117.661554,10.641446]]}},{"type":"Feature","properties":{"kind":"china-outline"},"geometry":{"type":"LineString","coordinates":[[117.704002,15.17033],[117.708504,15.12017],[117.722572,15.10734],[117.828529,15.111678],[117.720741,15.132916],[117.716301,15.19715],[117.721497,15.21769],[117.735603,15.22105],[117.775101,15.17401],[117.8246,15.15567],[117.837418,15.124194],[117.848747,15.124778],[117.831596,15.16423],[117.778297,15.18909],[117.738503,15.23591],[117.710999,15.22436],[117.704002,15.17033]]}},{"type":"Feature","properties":{"kind":"china-outline"},"geometry":{"type":"LineString","coordinates":[[117.70903,15.141666],[117.714585,15.151834],[117.714249,15.140111],[117.70903,15.141666]]}},{"type":"Feature","properties":{"kind":"china-outline"},"geometry":{"type":"LineString","coordinates":[[117.714859,15.088861],[117.723694,15.082055],[117.727303,15.096361],[117.714859,15.088861]]}},{"type":"Feature","properties":{"kind":"china-outline"},"geometry":{"type":"LineString","coordinates":[[117.725555,15.202306],[117.734749,15.205611],[117.729721,15.210167],[117.725555,15.202306]]}},{"type":"Feature","properties":{"kind":"china-outline"},"geometry":{"type":"LineString","coordinates":[[117.748611,15.094055],[117.764969,15.089861],[117.759193,15.099],[117.748611,15.094055]]}},{"type":"Feature","properties":{"kind":"china-outline"},"geometry":{"type":"LineString","coordinates":[[117.779619,10.749464],[117.797911,10.740595],[117.851677,10.792976],[117.85916,10.836211],[117.841423,10.86254],[117.829228,10.868083],[117.805671,10.85284],[117.782113,10.799905],[117.779619,10.749464]]}},{"type":"Feature","properties":{"kind":"china-outline"},"geometry":{"type":"LineString","coordinates":[[117.799469,15.092305],[117.811531,15.091528],[117.814476,15.103723],[117.799469,15.092305]]}},{"type":"Feature","properties":{"kind":"china-outline"},"geometry":{"type":"LineString","coordinates":[[117.804604,15.12095],[117.814598,15.12021],[117.809502,15.12438],[117.804604,15.12095]]}},{"type":"Feature","properties":{"kind":"china-outline"},"geometry":{"type":"LineString","coordinates":[[117.821045,15.136478],[117.831039,15.135738],[117.825943,15.139909],[117.821045,15.136478]]}},{"type":"Feature","properties":{"kind":"china-outline"},"geometry":{"type":"LineString","coordinates":[[118.067585,24.457505],[118.085447,24.435848],[118.131588,24.424042],[118.195761,24.479632],[118.193028,24.529156],[118.139765,24.559921],[118.106248,24.555025],[118.087851,24.540748],[118.067585,24.457505]]}},{"type":"Feature","properties":{"kind":"china-outline"},"geometry":{"type":"LineString","coordinates":[[118.222531,24.408506],[118.263186,24.422713],[118.264266,24.443371],[118.230663,24.447621],[118.222531,24.408506]]}},{"type":"Feature","properties":{"kind":"china-outline"},"geometry":{"type":"LineString","coordinates":[[118.288726,24.47041],[118.30291,24.4618],[118.30946,24.43151],[118.294585,24.413593],[118.297167,24.395831],[118.324245,24.385665],[118.370546,24.43136],[118.401727,24.435229],[118.438207,24.410671],[118.455816,24.418073],[118.4731,24.44979],[118.444284,24.509226],[118.408694,24.529187],[118.375198,24.461337],[118.317166,24.487585],[118.288726,24.47041]]}},{"type":"Feature","properties":{"kind":"china-outline"},"geometry":{"type":"LineString","coordinates":[[118.291474,24.5677],[118.337421,24.525277],[118.373765,24.538116],[118.38025,24.562234],[118.315399,24.576549],[118.291474,24.5677]]}},{"type":"Feature","properties":{"kind":"china-outline"},"geometry":{"type":"LineString","coordinates":[[118.417275,39.007695],[118.418503,38.959979],[118.452085,38.942301],[118.454927,39.011068],[118.468137,39.011213],[118.468774,38.971426],[118.503008,38.918163],[118.514899,38.918627],[118.595749,38.974467],[118.647132,39.045232],[118.633439,39.074259],[118.615999,39.067129],[118.629628,39.048689],[118.567702,38.990858],[118.524126,39.044013],[118.486962,39.049838],[118.417275,39.007695]]}},{"type":"Feature","properties":{"kind":"china-outline"},"geometry":{"type":"LineString","coordinates":[[118.897882,39.140869],[118.909599,39.122481],[118.982905,39.186363],[118.897882,39.140869]]}},{"type":"Feature","properties":{"kind":"china-outline"},"geometry":{"type":"LineString","coordinates":[[119.107351,25.077016],[119.11813,25.06025],[119.108496,25.040293],[119.120384,25.032956],[119.139926,25.095171],[119.123954,25.095646],[119.107351,25.077016]]}},{"type":"Feature","properties":{"kind":"china-outline"},"geometry":{"type":"LineString","coordinates":[[119.368272,34.763444],[119.463169,34.749949],[119.472568,34.765947],[119.368272,34.763444]]}},{"type":"Feature","properties":{"kind":"china-outline"},"geometry":{"type":"LineString","coordinates":[[119.418536,23.214791],[119.424151,23.189329],[119.444148,23.199244],[119.448787,23.217716],[119.418536,23.214791]]}},{"type":"Feature","properties":{"kind":"china-outline"},"geometry":{"type":"LineString","coordinates":[[119.438901,25.231551],[119.441734,25.205873],[119.503606,25.185861],[119.527517,25.165114],[119.550368,25.172957],[119.550574,25.203016],[119.491882,25.224073],[119.492593,25.244551],[119.470662,25.259585],[119.438901,25.231551]]}},{"type":"Feature","properties":{"kind":"china-outline"},"geometry":{"type":"LineString","coordinates":[[119.494985,23.381697],[119.496198,23.363675],[119.511083,23.355334],[119.512319,23.373803],[119.501203,23.388329],[119.494985,23.381697]]}},{"type":"Feature","properties":{"kind":"china-outline"},"geometry":{"type":"LineString","coordinates":[[119.500738,23.565745],[119.515166,23.561669],[119.524985,23.598829],[119.523315,23.64141],[119.513526,23.644348],[119.500738,23.565745]]}},{"type":"Feature","properties":{"kind":"china-outline"},"geometry":{"type":"LineString","coordinates":[[119.539345,26.084696],[119.57221,26.065252],[119.637003,26.061365],[119.649642,26.074916],[119.625381,26.118416],[119.585868,26.126381],[119.564316,26.118102],[119.539345,26.084696]]}},{"type":"Feature","properties":{"kind":"china-outline"},"geometry":{"type":"LineString","coordinates":[[119.568733,23.571981],[119.604637,23.539496],[119.598015,23.525089],[119.570396,23.529852],[119.573295,23.507553],[119.610214,23.509077],[119.618081,23.537213],[119.652108,23.559238],[119.686113,23.563454],[119.683954,23.582826],[119.653916,23.608786],[119.650704,23.589199],[119.628182,23.582481],[119.62333,23.601854],[119.609627,23.602103],[119.60347,23.574181],[119.568733,23.571981]]}},{"type":"Feature","properties":{"kind":"china-outline"},"geometry":{"type":"LineString","coordinates":[[119.573074,25.643493],[119.577816,25.631046],[119.60745,25.668485],[119.573074,25.643493]]}},{"type":"Feature","properties":{"kind":"china-outline"},"geometry":{"type":"LineString","coordinates":[[119.573265,23.660944],[119.600877,23.635228],[119.609971,23.662017],[119.599961,23.673076],[119.573265,23.660944]]}},{"type":"Feature","properties":{"kind":"china-outline"},"geometry":{"type":"LineString","coordinates":[[119.598351,23.739519],[119.604707,23.731174],[119.621622,23.741508],[119.611848,23.753466],[119.598351,23.739519]]}},{"type":"Feature","properties":{"kind":"china-outline"},"geometry":{"type":"LineString","coordinates":[[119.601418,26.158293],[119.613925,26.143417],[119.64958,26.138218],[119.651484,26.154967],[119.621925,26.174815],[119.601418,26.158293]]}},{"type":"Feature","properties":{"kind":"china-outline"},"geometry":{"type":"LineString","coordinates":[[119.651083,26.662809],[119.667008,26.637598],[119.717229,26.643901],[119.74304,26.680774],[119.701523,26.668158],[119.666092,26.678802],[119.651083,26.662809]]}},{"type":"Feature","properties":{"kind":"china-outline"},"geometry":{"type":"LineString","coordinates":[[119.663269,25.654526],[119.669989,25.636559],[119.716684,25.643179],[119.713824,25.666184],[119.681285,25.650372],[119.663269,25.654526]]}},{"type":"Feature","properties":{"kind":"china-outline"},"geometry":{"type":"LineString","coordinates":[[119.672519,25.468439],[119.684019,25.46413],[119.681167,25.44376],[119.76772,25.39731],[119.769231,25.417799],[119.750457,25.427572],[119.758615,25.440883],[119.830879,25.472008],[119.856972,25.463175],[119.856472,25.48429],[119.825311,25.481788],[119.805237,25.494846],[119.811475,25.542914],[119.841855,25.552855],[119.868033,25.545695],[119.880706,25.561254],[119.821817,25.583218],[119.837237,25.599725],[119.80968,25.618668],[119.782708,25.611572],[119.770172,25.639799],[119.779994,25.667279],[119.731905,25.64412],[119.690694,25.603271],[119.721713,25.513239],[119.679981,25.499528],[119.672519,25.468439]]}},{"type":"Feature","properties":{"kind":"china-outline"},"geometry":{"type":"LineString","coordinates":[[119.693711,25.369649],[119.7033,25.35745],[119.721159,25.360691],[119.72068,25.381126],[119.693711,25.369649]]}},{"type":"Feature","properties":{"kind":"china-outline"},"geometry":{"type":"LineString","coordinates":[[119.756726,26.622454],[119.771869,26.604063],[119.803847,26.6153],[119.794537,26.632394],[119.756726,26.622454]]}},{"type":"Feature","properties":{"kind":"china-outline"},"geometry":{"type":"LineString","coordinates":[[119.810799,34.98661],[119.815064,34.98443],[119.813941,34.986024],[119.810799,34.98661]]}},{"type":"Feature","properties":{"kind":"china-outline"},"geometry":{"type":"LineString","coordinates":[[119.820191,34.995851],[119.821576,34.994212],[119.825006,34.994636],[119.820191,34.995851]]}},{"type":"Feature","properties":{"kind":"china-outline"},"geometry":{"type":"LineString","coordinates":[[119.820329,34.990784],[119.820577,34.990032],[119.821094,34.99029],[119.820329,34.990784]]}},{"type":"Feature","properties":{"kind":"china-outline"},"geometry":{"type":"LineString","coordinates":[[119.888431,35.010087],[119.889405,35.006862],[119.894413,35.009234],[119.888431,35.010087]]}},{"type":"Feature","properties":{"kind":"china-outline"},"geometry":{"type":"LineString","coordinates":[[119.902501,26.690371],[119.931474,26.671386],[119.938903,26.696382],[119.902501,26.690371]]}},{"type":"Feature","properties":{"kind":"china-outline"},"geometry":{"type":"LineString","coordinates":[[119.905216,35.139182],[119.914774,35.1403],[119.908608,35.141629],[119.905216,35.139182]]}},{"type":"Feature","properties":{"kind":"china-outline"},"geometry":{"type":"LineString","coordinates":[[119.913956,26.154867],[119.928348,26.139541],[119.970571,26.161693],[119.934907,26.159636],[119.926184,26.172242],[119.913956,26.154867]]}},{"type":"Feature","properties":{"kind":"china-outline"},"geometry":{"type":"LineString","coordinates":[[119.92204,25.977967],[119.933004,25.968757],[119.944744,25.975414],[119.92204,25.977967]]}},{"type":"Feature","properties":{"kind":"china-outline"},"geometry":{"type":"LineString","coordinates":[[119.963555,25.947029],[119.988585,25.969784],[119.975827,25.975503],[119.963555,25.947029]]}},{"type":"Feature","properties":{"kind":"china-outline"},"geometry":{"type":"LineString","coordinates":[[119.965958,26.199263],[119.973126,26.19444],[119.977168,26.214825],[120.012849,26.214292],[120.011901,26.235698],[119.979204,26.226239],[119.965958,26.199263]]}},{"type":"Feature","properties":{"kind":"china-outline"},"geometry":{"type":"LineString","coordinates":[[120.000324,23.472928],[120.004464,23.460318],[120.03627,23.481351],[120.060635,23.479576],[120.081085,23.524106],[120.000324,23.472928]]}},{"type":"Feature","properties":{"kind":"china-outline"},"geometry":{"type":"LineString","coordinates":[[120.02798,26.493936],[120.058782,26.500388],[120.062165,26.526844],[120.034835,26.513322],[120.02798,26.493936]]}},{"type":"Feature","properties":{"kind":"china-outline"},"geometry":{"type":"LineString","coordinates":[[120.031591,23.073384],[120.156579,22.97849],[120.208748,22.819097],[120.268575,22.708845],[120.274542,22.683829],[120.253287,22.665315],[120.251491,22.645275],[120.321572,22.557074],[120.314668,22.547185],[120.397146,22.480814],[120.424059,22.477028],[120.452018,22.448001],[120.592416,22.364726],[120.642737,22.302534],[120.649621,22.257355],[120.686567,22.20654],[120.716889,22.093291],[120.701251,22.086089],[120.706642,22.066935],[120.687198,22.032816],[120.714322,21.980821],[120.710243,21.939719],[120.739586,21.919891],[120.743636,21.944486],[120.766319,21.95894],[120.822145,21.934715],[120.848373,21.900952],[120.861505,21.917147],[120.841047,21.94948],[120.8458,21.988208],[120.875241,21.999903],[120.900994,22.033913],[120.885779,22.13271],[120.898952,22.229861],[120.894901,22.334488],[120.959221,22.50416],[120.984999,22.568764],[121.009185,22.588953],[121.034748,22.667027],[121.17299,22.75542],[121.200901,22.798733],[121.186391,22.834333],[121.202042,22.860379],[121.247338,22.881434],[121.334556,23.018329],[121.34831,23.068069],[121.401135,23.13039],[121.397492,23.207867],[121.410027,23.213528],[121.427779,23.278778],[121.467758,23.331565],[121.548768,23.712519],[121.598018,23.860529],[121.605799,23.955245],[121.647192,24.008427],[121.620917,24.047438],[121.617765,24.084533],[121.666514,24.14876],[121.658717,24.179007],[121.674625,24.208197],[121.74439,24.262436],[121.773553,24.314522],[121.800883,24.433982],[121.85139,24.483957],[121.841879,24.520372],[121.872386,24.531801],[121.871951,24.584476],[121.858131,24.597051],[121.819265,24.757947],[121.8305,24.851214],[121.889436,24.937222],[121.926408,24.969346],[122.00469,25.002781],[121.997705,25.019625],[121.945132,25.02107],[121.928085,25.040238],[121.930728,25.064135],[121.913626,25.085375],[121.922648,25.106464],[121.907382,25.121609],[121.81973,25.122743],[121.774847,25.152488],[121.706679,25.165654],[121.685779,25.207703],[121.671239,25.202494],[121.634159,25.239538],[121.617595,25.277599],[121.578052,25.298309],[121.540397,25.295035],[121.447614,25.245995],[121.402035,25.158811],[121.371306,25.138468],[121.212252,25.108746],[121.051878,25.041873],[121.03005,25.01963],[121.01244,24.974286],[120.903588,24.817377],[120.892505,24.788398],[120.899605,24.760473],[120.856895,24.698653],[120.828723,24.669558],[120.780246,24.660993],[120.761686,24.6396],[120.758862,24.613157],[120.726207,24.608218],[120.663968,24.481108],[120.59512,24.409465],[120.542382,24.306081],[120.519987,24.299528],[120.526773,24.274192],[120.494636,24.269796],[120.468215,24.212519],[120.485905,24.197417],[120.459673,24.159029],[120.438644,24.158177],[120.404017,24.125866],[120.436512,24.121433],[120.426267,24.084265],[120.377526,24.076519],[120.371525,24.039825],[120.304405,23.940629],[120.319095,23.935839],[120.287093,23.87469],[120.242238,23.84233],[120.227456,23.84667],[120.181914,23.798641],[120.163185,23.68335],[120.143957,23.649327],[120.145841,23.520805],[120.118922,23.515041],[120.119428,23.49547],[120.149677,23.454252],[120.157282,23.384967],[120.138972,23.374195],[120.097855,23.294811],[120.080109,23.203598],[120.031591,23.073384]]}},{"type":"Feature","properties":{"kind":"china-outline"},"geometry":{"type":"LineString","coordinates":[[120.116307,26.570538],[120.129945,26.555502],[120.160749,26.581446],[120.152676,26.605481],[120.116307,26.570538]]}},{"type":"Feature","properties":{"kind":"china-outline"},"geometry":{"type":"LineString","coordinates":[[120.153207,35.76083],[120.15758,35.744254],[120.182971,35.750746],[120.17599,35.787541],[120.153207,35.76083]]}},{"type":"Feature","properties":{"kind":"china-outline"},"geometry":{"type":"LineString","coordinates":[[120.318893,26.944474],[120.357549,26.922378],[120.374238,26.937373],[120.370537,26.956004],[120.340301,26.970372],[120.319527,26.960382],[120.318893,26.944474]]}},{"type":"Feature","properties":{"kind":"china-outline"},"geometry":{"type":"LineString","coordinates":[[120.471703,26.372253],[120.486354,26.355876],[120.510591,26.368388],[120.473942,26.383479],[120.471703,26.372253]]}},{"type":"Feature","properties":{"kind":"china-outline"},"geometry":{"type":"LineString","coordinates":[[120.595583,37.965628],[120.619324,37.945803],[120.625941,37.979313],[120.595583,37.965628]]}},{"type":"Feature","properties":{"kind":"china-outline"},"geometry":{"type":"LineString","coordinates":[[120.692696,37.972359],[120.723344,37.961619],[120.727856,37.920532],[120.744152,37.898434],[120.752848,37.928228],[120.720664,37.985684],[120.700935,37.991211],[120.692696,37.972359]]}},{"type":"Feature","properties":{"kind":"china-outline"},"geometry":{"type":"LineString","coordinates":[[120.736531,38.159801],[120.774045,38.165373],[120.755834,38.171926],[120.742306,38.199547],[120.736531,38.159801]]}},{"type":"Feature","properties":{"kind":"china-outline"},"geometry":{"type":"LineString","coordinates":[[120.770849,40.487294],[120.782274,40.473731],[120.796546,40.488758],[120.820495,40.488326],[120.824193,40.501568],[120.803211,40.52502],[120.807782,40.513162],[120.770849,40.487294]]}},{"type":"Feature","properties":{"kind":"china-outline"},"geometry":{"type":"LineString","coordinates":[[120.795486,38.291634],[120.834797,38.300836],[120.839126,38.312575],[120.808183,38.311945],[120.795486,38.291634]]}},{"type":"Feature","properties":{"kind":"china-outline"},"geometry":{"type":"LineString","coordinates":[[120.836731,38.338931],[120.850097,38.342872],[120.840867,38.357537],[120.836731,38.338931]]}},{"type":"Feature","properties":{"kind":"china-outline"},"geometry":{"type":"LineString","coordinates":[[120.892604,38.363658],[120.91259,38.345432],[120.906298,38.370568],[120.892604,38.363658]]}},{"type":"Feature","properties":{"kind":"china-outline"},"geometry":{"type":"LineString","coordinates":[[120.89629,38.383137],[120.926529,38.383888],[120.914766,38.400033],[120.89629,38.383137]]}},{"type":"Feature","properties":{"kind":"china-outline"},"geometry":{"type":"LineString","coordinates":[[120.965962,27.667292],[120.966592,27.647973],[120.985203,27.662843],[120.965962,27.667292]]}},{"type":"Feature","properties":{"kind":"china-outline"},"geometry":{"type":"LineString","coordinates":[[121.030576,27.849739],[121.061311,27.849157],[121.047347,27.877796],[121.034548,27.879404],[121.030576,27.849739]]}},{"type":"Feature","properties":{"kind":"china-outline"},"geometry":{"type":"LineString","coordinates":[[121.038349,27.951755],[121.079564,27.941935],[121.138867,27.963085],[121.112606,27.986718],[121.074602,27.987554],[121.03979,27.966642],[121.038349,27.951755]]}},{"type":"Feature","properties":{"kind":"china-outline"},"geometry":{"type":"LineString","coordinates":[[121.04468,27.461955],[121.066491,27.447542],[121.058893,27.464984],[121.106872,27.447515],[121.067893,27.478415],[121.04468,27.461955]]}},{"type":"Feature","properties":{"kind":"china-outline"},"geometry":{"type":"LineString","coordinates":[[121.08946,27.820112],[121.172651,27.816673],[121.187056,27.86815],[121.106571,27.846257],[121.08946,27.820112]]}},{"type":"Feature","properties":{"kind":"china-outline"},"geometry":{"type":"LineString","coordinates":[[121.108196,27.868231],[121.137822,27.877527],[121.152831,27.908682],[121.117784,27.897946],[121.108196,27.868231]]}},{"type":"Feature","properties":{"kind":"china-outline"},"geometry":{"type":"LineString","coordinates":[[121.15211,28.229294],[121.167411,28.213707],[121.176829,28.239225],[121.15211,28.229294]]}},{"type":"Feature","properties":{"kind":"china-outline"},"geometry":{"type":"LineString","coordinates":[[121.173611,28.346586],[121.185357,28.322398],[121.202187,28.334093],[121.198484,28.363562],[121.173611,28.346586]]}},{"type":"Feature","properties":{"kind":"china-outline"},"geometry":{"type":"LineString","coordinates":[[121.175229,27.992783],[121.179583,27.975899],[121.211418,27.992719],[121.193918,28.002021],[121.175229,27.992783]]}},{"type":"Feature","properties":{"kind":"china-outline"},"geometry":{"type":"LineString","coordinates":[[121.192023,27.620589],[121.21501,27.634949],[121.204223,27.635268],[121.192023,27.620589]]}},{"type":"Feature","properties":{"kind":"china-outline"},"geometry":{"type":"LineString","coordinates":[[121.204772,28.328424],[121.207585,28.326219],[121.207197,28.332882],[121.204772,28.328424]]}},{"type":"Feature","properties":{"kind":"china-outline"},"geometry":{"type":"LineString","coordinates":[[121.464203,22.670623],[121.472326,22.647541],[121.50031,22.645863],[121.509368,22.678891],[121.464203,22.670623]]}},{"type":"Feature","properties":{"kind":"china-outline"},"geometry":{"type":"LineString","coordinates":[[121.507601,22.073072],[121.534134,22.026379],[121.593246,22.002622],[121.600559,22.020619],[121.563891,22.054347],[121.568491,22.086354],[121.507601,22.073072]]}},{"type":"Feature","properties":{"kind":"china-outline"},"geometry":{"type":"LineString","coordinates":[[121.512859,31.493289],[121.575504,31.439438],[121.734652,31.352609],[121.762097,31.320405],[121.791695,31.31338],[121.786709,31.359951],[121.765254,31.389212],[121.717268,31.410561],[121.720794,31.424925],[121.603308,31.485357],[121.512859,31.493289]]}},{"type":"Feature","properties":{"kind":"china-outline"},"geometry":{"type":"LineString","coordinates":[[121.656661,28.896366],[121.691645,28.885448],[121.701336,28.905534],[121.656661,28.896366]]}},{"type":"Feature","properties":{"kind":"china-outline"},"geometry":{"type":"LineString","coordinates":[[121.750791,28.691616],[121.784722,28.683226],[121.8025,28.709302],[121.778856,28.694616],[121.760611,28.707363],[121.750791,28.691616]]}},{"type":"Feature","properties":{"kind":"china-outline"},"geometry":{"type":"LineString","coordinates":[[121.774927,29.141056],[121.791201,29.116608],[121.835086,29.094227],[121.871225,29.090974],[121.878766,29.120793],[121.907429,29.080154],[121.952096,29.054818],[121.960973,29.099854],[121.981969,29.108297],[121.973274,29.157449],[121.939572,29.184803],[121.869907,29.136297],[121.79665,29.149694],[121.774927,29.141056]]}},{"type":"Feature","properties":{"kind":"china-outline"},"geometry":{"type":"LineString","coordinates":[[121.788162,29.081829],[121.818781,29.055206],[121.830827,29.059313],[121.827883,29.095702],[121.788779,29.099915],[121.788162,29.081829]]}},{"type":"Feature","properties":{"kind":"china-outline"},"geometry":{"type":"LineString","coordinates":[[121.796981,31.382294],[121.80366,31.331531],[121.829076,31.302758],[121.851963,31.296801],[121.934134,31.284699],[122.008134,31.28921],[122.090518,31.26425],[122.113366,31.309615],[122.108101,31.319428],[121.950532,31.335434],[121.796981,31.382294]]}},{"type":"Feature","properties":{"kind":"china-outline"},"geometry":{"type":"LineString","coordinates":[[121.835862,29.992547],[121.847935,29.97342],[121.872205,29.96982],[121.927769,30.007746],[121.917372,30.042425],[121.879134,30.092837],[121.849896,30.103449],[121.835862,29.992547]]}},{"type":"Feature","properties":{"kind":"china-outline"},"geometry":{"type":"LineString","coordinates":[[121.836925,28.772971],[121.857746,28.785524],[121.867723,28.811392],[121.848543,28.811027],[121.836925,28.772971]]}},{"type":"Feature","properties":{"kind":"china-outline"},"geometry":{"type":"LineString","coordinates":[[121.845386,28.746041],[121.860034,28.726494],[121.868853,28.731992],[121.860762,28.742192],[121.901186,28.762552],[121.845386,28.746041]]}},{"type":"Feature","properties":{"kind":"china-outline"},"geometry":{"type":"LineString","coordinates":[[121.864553,28.428574],[121.915869,28.455287],[121.88579,28.452502],[121.864553,28.428574]]}},{"type":"Feature","properties":{"kind":"china-outline"},"geometry":{"type":"LineString","coordinates":[[121.875395,31.231159],[121.917123,31.198141],[121.920797,31.232666],[121.890775,31.245006],[121.875395,31.231159]]}},{"type":"Feature","properties":{"kind":"china-outline"},"geometry":{"type":"LineString","coordinates":[[121.876896,28.484705],[121.900249,28.482135],[121.913055,28.500506],[121.893185,28.516084],[121.876896,28.484705]]}},{"type":"Feature","properties":{"kind":"china-outline"},"geometry":{"type":"LineString","coordinates":[[121.907108,30.096159],[121.940634,30.067772],[121.957838,30.10809],[121.943649,30.115863],[121.907108,30.096159]]}},{"type":"Feature","properties":{"kind":"china-outline"},"geometry":{"type":"LineString","coordinates":[[121.911591,28.718281],[121.918699,28.707848],[121.937268,28.724119],[121.911591,28.718281]]}},{"type":"Feature","properties":{"kind":"china-outline"},"geometry":{"type":"LineString","coordinates":[[121.922168,29.930229],[121.944414,29.8936],[121.993695,29.903045],[121.997734,29.919529],[121.965227,29.957095],[121.922168,29.930229]]}},{"type":"Feature","properties":{"kind":"china-outline"},"geometry":{"type":"LineString","coordinates":[[121.925331,30.309562],[121.951751,30.293647],[121.984585,30.293644],[121.995303,30.309006],[121.976322,30.345078],[121.939466,30.335387],[121.925331,30.309562]]}},{"type":"Feature","properties":{"kind":"china-outline"},"geometry":{"type":"LineString","coordinates":[[121.935439,30.162342],[121.985127,30.102615],[121.988675,30.074077],[121.97478,30.059435],[122.025472,29.993677],[122.065809,30.011065],[122.104556,30.007899],[122.120111,29.989905],[122.162553,29.994511],[122.229883,29.972296],[122.273281,29.943264],[122.318245,29.958501],[122.335688,29.997569],[122.321262,30.030907],[122.287544,30.065326],[122.255548,30.065504],[122.257745,30.077824],[122.295273,30.077985],[122.29082,30.102062],[122.150328,30.113513],[122.096966,30.15933],[122.030174,30.148354],[121.953029,30.184475],[121.935439,30.162342]]}},{"type":"Feature","properties":{"kind":"china-outline"},"geometry":{"type":"LineString","coordinates":[[121.937179,31.21946],[121.937389,31.194718],[121.956892,31.165608],[121.989931,31.154252],[122.007616,31.16065],[122.029053,31.198587],[122.02354,31.22424],[121.956833,31.231356],[121.937179,31.21946]]}},{"type":"Feature","properties":{"kind":"china-outline"},"geometry":{"type":"LineString","coordinates":[[121.938405,24.843512],[121.962268,24.834922],[121.951576,24.850832],[121.938405,24.843512]]}},{"type":"Feature","properties":{"kind":"china-outline"},"geometry":{"type":"LineString","coordinates":[[121.948548,29.188806],[121.975936,29.17032],[121.972268,29.194489],[121.948548,29.188806]]}},{"type":"Feature","properties":{"kind":"china-outline"},"geometry":{"type":"LineString","coordinates":[[122.010457,29.747733],[122.011466,29.724906],[122.039426,29.747756],[122.032388,29.761241],[122.010457,29.747733]]}},{"type":"Feature","properties":{"kind":"china-outline"},"geometry":{"type":"LineString","coordinates":[[122.012881,30.186601],[122.02739,30.164029],[122.060589,30.183168],[122.049966,30.202177],[122.012881,30.186601]]}},{"type":"Feature","properties":{"kind":"china-outline"},"geometry":{"type":"LineString","coordinates":[[122.015231,29.168484],[122.027648,29.156769],[122.063302,29.169459],[122.039795,29.181842],[122.044719,29.198033],[122.033847,29.209985],[122.015231,29.168484]]}},{"type":"Feature","properties":{"kind":"china-outline"},"geometry":{"type":"LineString","coordinates":[[122.026813,29.940082],[122.04043,29.935389],[122.053147,29.955922],[122.043028,29.964553],[122.02697,29.957304],[122.026813,29.940082]]}},{"type":"Feature","properties":{"kind":"china-outline"},"geometry":{"type":"LineString","coordinates":[[122.042222,30.636073],[122.088429,30.604641],[122.102913,30.615409],[122.059366,30.647768],[122.042222,30.636073]]}},{"type":"Feature","properties":{"kind":"china-outline"},"geometry":{"type":"LineString","coordinates":[[122.046479,29.717499],[122.072655,29.706722],[122.106517,29.721122],[122.139271,29.664378],[122.150367,29.674712],[122.186825,29.669466],[122.201714,29.696627],[122.134622,29.755454],[122.121158,29.79387],[122.081015,29.783126],[122.046479,29.717499]]}},{"type":"Feature","properties":{"kind":"china-outline"},"geometry":{"type":"LineString","coordinates":[[122.05389,30.595498],[122.067604,30.575044],[122.08031,30.581835],[122.077157,30.597895],[122.05389,30.595498]]}},{"type":"Feature","properties":{"kind":"china-outline"},"geometry":{"type":"LineString","coordinates":[[122.05595,30.29432],[122.148269,30.248764],[122.225585,30.235864],[122.230682,30.271632],[122.217372,30.292387],[122.234581,30.299799],[122.216728,30.335035],[122.185911,30.330904],[122.170882,30.353394],[122.1732,30.341324],[122.146697,30.31789],[122.114027,30.318605],[122.081834,30.291963],[122.065914,30.308233],[122.05595,30.29432]]}},{"type":"Feature","properties":{"kind":"china-outline"},"geometry":{"type":"LineString","coordinates":[[122.066325,29.984041],[122.07253,29.974954],[122.089608,29.986118],[122.071729,30.002435],[122.066325,29.984041]]}},{"type":"Feature","properties":{"kind":"china-outline"},"geometry":{"type":"LineString","coordinates":[[122.072671,25.627863],[122.078261,25.623128],[122.084987,25.631834],[122.072671,25.627863]]}},{"type":"Feature","properties":{"kind":"china-outline"},"geometry":{"type":"LineString","coordinates":[[122.076001,29.953029],[122.078902,29.938958],[122.092025,29.941789],[122.088779,29.955385],[122.076001,29.953029]]}},{"type":"Feature","properties":{"kind":"china-outline"},"geometry":{"type":"LineString","coordinates":[[122.103487,25.483016],[122.108009,25.484212],[122.106752,25.488534],[122.103487,25.483016]]}},{"type":"Feature","properties":{"kind":"china-outline"},"geometry":{"type":"LineString","coordinates":[[122.104606,29.966421],[122.119131,29.96247],[122.115603,29.981028],[122.104606,29.966421]]}},{"type":"Feature","properties":{"kind":"china-outline"},"geometry":{"type":"LineString","coordinates":[[122.131115,29.960288],[122.139044,29.947939],[122.162308,29.950298],[122.157879,29.967611],[122.131115,29.960288]]}},{"type":"Feature","properties":{"kind":"china-outline"},"geometry":{"type":"LineString","coordinates":[[122.138198,29.97649],[122.179418,29.959233],[122.189125,29.965974],[122.167343,29.987524],[122.138198,29.97649]]}},{"type":"Feature","properties":{"kind":"china-outline"},"geometry":{"type":"LineString","coordinates":[[122.139703,30.169],[122.1487,30.147323],[122.165464,30.142118],[122.210488,30.192064],[122.172461,30.20192],[122.149442,30.192811],[122.139703,30.169]]}},{"type":"Feature","properties":{"kind":"china-outline"},"geometry":{"type":"LineString","coordinates":[[122.169865,29.404085],[122.221358,29.437237],[122.195115,29.438134],[122.169865,29.404085]]}},{"type":"Feature","properties":{"kind":"china-outline"},"geometry":{"type":"LineString","coordinates":[[122.175002,30.21783],[122.200785,30.217352],[122.182758,30.232485],[122.175002,30.21783]]}},{"type":"Feature","properties":{"kind":"china-outline"},"geometry":{"type":"LineString","coordinates":[[122.20727,29.963993],[122.235036,29.948009],[122.248774,29.953951],[122.20727,29.963993]]}},{"type":"Feature","properties":{"kind":"china-outline"},"geometry":{"type":"LineString","coordinates":[[122.207716,29.702847],[122.252047,29.69094],[122.228679,29.718301],[122.210034,29.717109],[122.207716,29.702847]]}},{"type":"Feature","properties":{"kind":"china-outline"},"geometry":{"type":"LineString","coordinates":[[122.214901,29.768548],[122.2499,29.74007],[122.289491,29.734516],[122.303448,29.74362],[122.244383,29.756124],[122.253481,29.777661],[122.234396,29.784137],[122.214901,29.768548]]}},{"type":"Feature","properties":{"kind":"china-outline"},"geometry":{"type":"LineString","coordinates":[[122.220045,29.83518],[122.272816,29.788894],[122.313635,29.778622],[122.301284,29.801714],[122.315116,29.828739],[122.256325,29.849432],[122.220045,29.83518]]}},{"type":"Feature","properties":{"kind":"china-outline"},"geometry":{"type":"LineString","coordinates":[[122.225489,28.860327],[122.23644,28.857529],[122.238597,28.864194],[122.225489,28.860327]]}},{"type":"Feature","properties":{"kind":"china-outline"},"geometry":{"type":"LineString","coordinates":[[122.247524,28.883019],[122.26295,28.887223],[122.256171,28.891418],[122.247524,28.883019]]}},{"type":"Feature","properties":{"kind":"china-outline"},"geometry":{"type":"LineString","coordinates":[[122.251421,30.256195],[122.25726,30.237934],[122.310299,30.252708],[122.29322,30.27183],[122.259793,30.270974],[122.251421,30.256195]]}},{"type":"Feature","properties":{"kind":"china-outline"},"geometry":{"type":"LineString","coordinates":[[122.274161,30.474733],[122.282399,30.427547],[122.310862,30.413448],[122.341118,30.416064],[122.343576,30.432105],[122.434732,30.41447],[122.413137,30.452385],[122.274161,30.474733]]}},{"type":"Feature","properties":{"kind":"china-outline"},"geometry":{"type":"LineString","coordinates":[[122.277146,30.243929],[122.281879,30.229559],[122.34891,30.240509],[122.393327,30.228386],[122.418231,30.253007],[122.396336,30.275801],[122.320424,30.266729],[122.315191,30.251224],[122.277146,30.243929]]}},{"type":"Feature","properties":{"kind":"china-outline"},"geometry":{"type":"LineString","coordinates":[[122.279087,29.874847],[122.281983,29.860957],[122.302061,29.852752],[122.340626,29.874727],[122.299089,29.884697],[122.279087,29.874847]]}},{"type":"Feature","properties":{"kind":"china-outline"},"geometry":{"type":"LineString","coordinates":[[122.28432,29.937157],[122.303246,29.925537],[122.303426,29.944357],[122.28432,29.937157]]}},{"type":"Feature","properties":{"kind":"china-outline"},"geometry":{"type":"LineString","coordinates":[[122.314642,39.158825],[122.331793,39.145108],[122.357423,39.153306],[122.361115,39.173917],[122.393896,39.167101],[122.378011,39.18939],[122.387867,39.212204],[122.404415,39.218328],[122.314695,39.183331],[122.314642,39.158825]]}},{"type":"Feature","properties":{"kind":"china-outline"},"geometry":{"type":"LineString","coordinates":[[122.31591,30.515392],[122.341693,30.512934],[122.339223,30.528353],[122.31591,30.515392]]}},{"type":"Feature","properties":{"kind":"china-outline"},"geometry":{"type":"LineString","coordinates":[[122.323408,29.932318],[122.370102,29.895992],[122.374475,29.847531],[122.406384,29.831481],[122.408786,29.849247],[122.391678,29.853744],[122.391696,29.86784],[122.426401,29.911087],[122.409427,29.912481],[122.412093,29.947984],[122.387158,29.939553],[122.346119,29.960083],[122.323408,29.932318]]}},{"type":"Feature","properties":{"kind":"china-outline"},"geometry":{"type":"LineString","coordinates":[[122.369516,29.984682],[122.386007,29.989683],[122.401904,30.034315],[122.373237,30.008327],[122.369516,29.984682]]}},{"type":"Feature","properties":{"kind":"china-outline"},"geometry":{"type":"LineString","coordinates":[[122.425878,30.745137],[122.439887,30.717862],[122.428621,30.696188],[122.530616,30.702283],[122.528012,30.724356],[122.471349,30.715034],[122.441816,30.746575],[122.425878,30.745137]]}},{"type":"Feature","properties":{"kind":"china-outline"},"geometry":{"type":"LineString","coordinates":[[122.453422,30.427884],[122.479884,30.418473],[122.464911,30.441822],[122.453422,30.427884]]}},{"type":"Feature","properties":{"kind":"china-outline"},"geometry":{"type":"LineString","coordinates":[[122.469779,30.22846],[122.499102,30.218742],[122.499988,30.227692],[122.469779,30.22846]]}},{"type":"Feature","properties":{"kind":"china-outline"},"geometry":{"type":"LineString","coordinates":[[122.515239,30.232349],[122.519755,30.224457],[122.529411,30.231259],[122.515239,30.232349]]}},{"type":"Feature","properties":{"kind":"china-outline"},"geometry":{"type":"LineString","coordinates":[[122.521774,39.28665],[122.562148,39.273116],[122.577419,39.254157],[122.584725,39.270193],[122.666203,39.257359],[122.671721,39.267558],[122.636628,39.287138],[122.588852,39.277318],[122.535634,39.307073],[122.521774,39.28665]]}},{"type":"Feature","properties":{"kind":"china-outline"},"geometry":{"type":"LineString","coordinates":[[122.550146,30.659516],[122.573007,30.658209],[122.556068,30.681194],[122.550146,30.659516]]}},{"type":"Feature","properties":{"kind":"china-outline"},"geometry":{"type":"LineString","coordinates":[[122.555173,30.222364],[122.557458,30.220706],[122.560327,30.224943],[122.555173,30.222364]]}},{"type":"Feature","properties":{"kind":"china-outline"},"geometry":{"type":"LineString","coordinates":[[122.562716,30.221237],[122.563733,30.218378],[122.567332,30.221749],[122.562716,30.221237]]}},{"type":"Feature","properties":{"kind":"china-outline"},"geometry":{"type":"LineString","coordinates":[[122.564097,30.208745],[122.566004,30.209137],[122.567013,30.213708],[122.564097,30.208745]]}},{"type":"Feature","properties":{"kind":"china-outline"},"geometry":{"type":"LineString","coordinates":[[122.583107,30.19886],[122.587017,30.198044],[122.589101,30.207324],[122.583107,30.19886]]}},{"type":"Feature","properties":{"kind":"china-outline"},"geometry":{"type":"LineString","coordinates":[[122.589316,30.209429],[122.592903,30.211814],[122.590583,30.212888],[122.589316,30.209429]]}},{"type":"Feature","properties":{"kind":"china-outline"},"geometry":{"type":"LineString","coordinates":[[122.633278,30.209058],[122.650334,30.192303],[122.646467,30.212925],[122.633278,30.209058]]}},{"type":"Feature","properties":{"kind":"china-outline"},"geometry":{"type":"LineString","coordinates":[[122.634917,39.225894],[122.703251,39.228084],[122.688809,39.204269],[122.738038,39.22617],[122.73516,39.246842],[122.644482,39.241571],[122.634917,39.225894]]}},{"type":"Feature","properties":{"kind":"china-outline"},"geometry":{"type":"LineString","coordinates":[[122.669453,30.211164],[122.686423,30.182679],[122.687326,30.202614],[122.669453,30.211164]]}},{"type":"Feature","properties":{"kind":"china-outline"},"geometry":{"type":"LineString","coordinates":[[122.671199,30.844787],[122.691757,30.8455],[122.67512,30.863006],[122.671199,30.844787]]}},{"type":"Feature","properties":{"kind":"china-outline"},"geometry":{"type":"LineString","coordinates":[[122.698055,30.20286],[122.709713,30.191108],[122.708458,30.211738],[122.698055,30.20286]]}},{"type":"Feature","properties":{"kind":"china-outline"},"geometry":{"type":"LineString","coordinates":[[122.711115,39.025388],[122.753628,39.009501],[122.745532,39.031926],[122.718281,39.048939],[122.711115,39.025388]]}},{"type":"Feature","properties":{"kind":"china-outline"},"geometry":{"type":"LineString","coordinates":[[122.712151,30.177567],[122.723111,30.175381],[122.718577,30.184463],[122.712151,30.177567]]}},{"type":"Feature","properties":{"kind":"china-outline"},"geometry":{"type":"LineString","coordinates":[[122.754913,30.71514],[122.772006,30.710444],[122.785473,30.73068],[122.754913,30.71514]]}},{"type":"Feature","properties":{"kind":"china-outline"},"geometry":{"type":"LineString","coordinates":[[122.755587,30.134772],[122.78279,30.130459],[122.758095,30.14409],[122.755587,30.134772]]}},{"type":"Feature","properties":{"kind":"china-outline"},"geometry":{"type":"LineString","coordinates":[[122.803254,30.720814],[122.833454,30.706917],[122.828296,30.727085],[122.812046,30.735089],[122.803254,30.720814]]}},{"type":"Feature","properties":{"kind":"china-outline"},"geometry":{"type":"LineString","coordinates":[[122.941718,39.525005],[122.964674,39.517888],[122.966917,39.500546],[122.987803,39.4981],[123.030871,39.531985],[122.971131,39.56262],[122.941718,39.525005]]}},{"type":"Feature","properties":{"kind":"china-outline"},"geometry":{"type":"LineString","coordinates":[[123.051157,39.455144],[123.062442,39.432805],[123.079988,39.432457],[123.082841,39.448619],[123.051157,39.455144]]}},{"type":"Feature","properties":{"kind":"china-outline"},"geometry":{"type":"LineString","coordinates":[[123.140308,39.045106],[123.16181,39.027159],[123.196425,39.061804],[123.176845,39.080103],[123.177733,39.09684],[123.169179,39.100108],[123.170646,39.082615],[123.145853,39.086009],[123.165099,39.064611],[123.148343,39.068296],[123.140308,39.045106]]}},{"type":"Feature","properties":{"kind":"china-outline"},"geometry":{"type":"LineString","coordinates":[[123.45357,25.737077],[123.493846,25.720578],[123.569668,25.716332],[123.570517,25.782691],[123.522477,25.783662],[123.482685,25.769589],[123.45357,25.737077]]}},{"type":"Feature","properties":{"kind":"china-outline"},"geometry":{"type":"LineString","coordinates":[[123.676001,25.923168],[123.688549,25.922274],[123.682877,25.928623],[123.676001,25.923168]]}},{"type":"Feature","properties":{"kind":"china-outline"},"geometry":{"type":"LineString","coordinates":[[124.527811,25.924751],[124.53509,25.893209],[124.576823,25.895635],[124.593807,25.921839],[124.585072,25.953381],[124.555471,25.960175],[124.527811,25.924751]]}},{"type":"Feature","properties":{"kind":"south-sea"},"geometry":{"type":"LineString","coordinates":[[113.822282,22.229174],[113.817158,22.217076],[113.832924,22.182329],[113.86254,22.164463]]}},{"type":"Feature","properties":{"kind":"south-sea"},"geometry":{"type":"LineString","coordinates":[[113.926444,22.470108],[113.868229,22.425476],[113.870169,22.361439]]}},{"type":"Feature","properties":{"kind":"south-sea"},"geometry":{"type":"LineString","coordinates":[[114.165126,22.55549],[114.040934,22.501156]]}},{"type":"Feature","properties":{"kind":"south-sea"},"geometry":{"type":"LineString","coordinates":[[114.109336,22.147741],[114.307268,22.147741]]}},{"type":"Feature","properties":{"kind":"south-sea"},"geometry":{"type":"LineString","coordinates":[[114.420787,22.564707],[114.454746,22.546272],[114.454746,22.502611]]}},{"type":"Feature","properties":{"kind":"south-sea"},"geometry":{"type":"LineString","coordinates":[[114.45232,22.148469],[114.503259,22.148469],[114.502531,22.23846]]}},{"type":"Feature","properties":{"kind":"south-sea"},"geometry":{"type":"LineString","coordinates":[[114.475121,22.424021],[114.502394,22.35572]]}},{"type":"Feature","properties":{"kind":"south-sea"},"geometry":{"type":"LineString","coordinates":[[109.819076,20.116817],[110.01712,20.129333]]}},{"type":"Feature","properties":{"kind":"south-sea"},"geometry":{"type":"LineString","coordinates":[[110.11602,20.135727],[110.254433,20.143789],[110.363083,20.191832]]}},{"type":"Feature","properties":{"kind":"south-sea"},"geometry":{"type":"LineString","coordinates":[[110.437767,20.223362],[110.603188,20.297482]]}},{"type":"Feature","properties":{"kind":"south-sea"},"geometry":{"type":"LineString","coordinates":[[117.188042,23.617241],[117.191002,23.575512],[117.274406,23.472782]]}},{"type":"Feature","properties":{"kind":"south-sea"},"geometry":{"type":"LineString","coordinates":[[117.372452,23.369833],[117.418427,23.310617]]}},{"type":"Feature","properties":{"kind":"south-sea"},"geometry":{"type":"LineString","coordinates":[[108.302017,6.010893],[108.261398,6.141786],[108.227547,6.333612],[108.204979,6.543493],[108.209488,6.893293],[108.234314,7.073835]]}},{"type":"Feature","properties":{"kind":"south-sea"},"geometry":{"type":"LineString","coordinates":[[109.301506,16.199545],[109.581337,15.83632],[109.668938,15.689271],[109.776878,15.446795],[109.855095,15.158954]]}},{"type":"Feature","properties":{"kind":"south-sea"},"geometry":{"type":"LineString","coordinates":[[110.32325,12.2405],[110.322693,12.009798],[110.300125,11.822486],[110.273041,11.691592],[110.214363,11.515564],[110.065414,11.251521]]}},{"type":"Feature","properties":{"kind":"south-sea"},"geometry":{"type":"LineString","coordinates":[[111.794563,3.408477],[111.997528,3.444286],[112.409187,3.555118],[112.631828,3.638669],[112.84948,3.744957]]}},{"type":"Feature","properties":{"kind":"south-sea"},"geometry":{"type":"LineString","coordinates":[[115.544106,7.158346],[116.242157,7.98245]]}},{"type":"Feature","properties":{"kind":"south-sea"},"geometry":{"type":"LineString","coordinates":[[118.538605,10.906545],[118.628876,11.062263],[118.793617,11.41432],[118.922256,11.768634],[118.978142,11.979657]]}},{"type":"Feature","properties":{"kind":"south-sea"},"geometry":{"type":"LineString","coordinates":[[119.06131,16.028913],[119.059052,15.008851]]}},{"type":"Feature","properties":{"kind":"south-sea"},"geometry":{"type":"LineString","coordinates":[[119.998688,18.990286],[119.646423,18.3992],[119.473083,18.015577]]}},{"type":"Feature","properties":{"kind":"south-sea"},"geometry":{"type":"LineString","coordinates":[[121.91169,21.697515],[121.174026,20.826548]]}}]}
